{
    "substitutions": {
        "rule-1": [
            {
                "part": null,
                "replacement-node": 0,
                "template-line-number": 21,
                "node-pos": 9
            }
        ],
        "rule-2": [
            {
                "part": null,
                "replacement-node": 3,
                "expression-node": 4,
                "template-line-number": 28,
                "node-pos": 14
            }
        ],
        "rule-3": [
            {
                "part": null,
                "replacement-node": 6,
                "template-line-number": 35,
                "node-pos": 18
            }
        ],
        "rule-4": [
            {
                "part": null,
                "replacement-node": 9,
                "template-line-number": 43,
                "node-pos": 22,
                "html": true
            }
        ],
        "rule-5": [
            {
                "part": null,
                "replacement-node": 12,
                "template-line-number": 60,
                "node-pos": 27,
                "html": true
            }
        ],
        "rule-6": [
            {
                "part": null,
                "replacement-node": 15,
                "template-line-number": 78,
                "node-pos": 32
            }
        ],
        "rule-7": [
            {
                "part": null,
                "replacement-node": 18,
                "expression-node": 19,
                "template-line-number": 85,
                "node-pos": 36
            }
        ],
        "rule-8": [
            {
                "part": null,
                "replacement-node": 21,
                "template-line-number": 92,
                "node-pos": 40
            }
        ],
        "rule-9": [
            {
                "part": null,
                "replacement-node": 24,
                "expression-node": 25,
                "template-line-number": 99,
                "node-pos": 44
            }
        ],
        "rule-10": [
            {
                "part": null,
                "replacement-node": 27,
                "expression-node": 28,
                "template-line-number": 105,
                "node-pos": 48
            }
        ],
        "rule-11": [
            {
                "part": null,
                "replacement-node": 30,
                "template-line-number": 115,
                "node-pos": 54,
                "html": true
            }
        ],
        "rule-12": [
            {
                "part": null,
                "replacement-node": 33,
                "template-line-number": 127,
                "node-pos": 59,
                "html": true
            }
        ],
        "rule-13": [
            {
                "part": null,
                "replacement-node": 36,
                "template-line-number": 160,
                "node-pos": 77
            }
        ],
        "rule-14": [
            {
                "part": null,
                "replacement-node": 39,
                "template-line-number": 172,
                "node-pos": 83
            }
        ],
        "rule-15": [
            {
                "part": null,
                "replacement-node": 42,
                "template-line-number": 186,
                "node-pos": 90
            }
        ],
        "rule-16": [
            {
                "part": null,
                "replacement-node": 45,
                "template-line-number": 198,
                "node-pos": 96
            }
        ],
        "rule-17": [
            {
                "part": null,
                "replacement-node": 48,
                "expression-node": 49,
                "template-line-number": 208,
                "node-pos": 100
            }
        ],
        "rule-18": [
            {
                "part": null,
                "replacement-node": 51,
                "template-line-number": 221,
                "node-pos": 106
            }
        ],
        "rule-19": [
            {
                "part": null,
                "replacement-node": 54,
                "expression-node": 55,
                "template-line-number": 231,
                "node-pos": 110
            }
        ],
        "rule-20": [
            {
                "part": null,
                "replacement-node": 57,
                "template-line-number": 242,
                "node-pos": 115
            }
        ],
        "rule-21": [
            {
                "part": null,
                "replacement-node": 60,
                "expression-node": 61,
                "template-line-number": 252,
                "node-pos": 119
            }
        ],
        "rule-22": [
            {
                "part": null,
                "replacement-node": 63,
                "template-line-number": 265,
                "node-pos": 125
            }
        ],
        "rule-23": [
            {
                "part": null,
                "replacement-node": 66,
                "expression-node": 67,
                "template-line-number": 275,
                "node-pos": 129
            }
        ],
        "rule-24": [
            {
                "part": null,
                "replacement-node": 69,
                "template-line-number": 286,
                "node-pos": 134
            }
        ],
        "rule-25": [
            {
                "part": null,
                "replacement-node": 72,
                "expression-node": 73,
                "template-line-number": 296,
                "node-pos": 138
            }
        ],
        "rule-26": [
            {
                "part": null,
                "replacement-node": 75,
                "template-line-number": 309,
                "node-pos": 144
            }
        ],
        "rule-27": [
            {
                "part": null,
                "replacement-node": 78,
                "expression-node": 79,
                "template-line-number": 319,
                "node-pos": 148
            }
        ],
        "rule-28": [
            {
                "part": null,
                "replacement-node": 81,
                "template-line-number": 330,
                "node-pos": 153
            }
        ],
        "rule-29": [
            {
                "part": null,
                "replacement-node": 84,
                "expression-node": 85,
                "template-line-number": 340,
                "node-pos": 157
            }
        ],
        "rule-30": [
            {
                "part": null,
                "replacement-node": 87,
                "template-line-number": 353,
                "node-pos": 163
            }
        ],
        "rule-31": [
            {
                "part": null,
                "replacement-node": 90,
                "expression-node": 91,
                "template-line-number": 363,
                "node-pos": 167
            }
        ],
        "rule-32": [
            {
                "part": null,
                "replacement-node": 93,
                "template-line-number": 374,
                "node-pos": 172
            }
        ],
        "rule-33": [
            {
                "part": null,
                "replacement-node": 96,
                "expression-node": 97,
                "template-line-number": 384,
                "node-pos": 176
            }
        ],
        "rule-34": [
            {
                "part": null,
                "replacement-node": 99,
                "template-line-number": 397,
                "node-pos": 182
            }
        ],
        "rule-35": [
            {
                "part": null,
                "replacement-node": 102,
                "expression-node": 103,
                "template-line-number": 407,
                "node-pos": 186
            }
        ],
        "rule-36": [
            {
                "part": null,
                "replacement-node": 105,
                "template-line-number": 418,
                "node-pos": 191
            }
        ],
        "rule-37": [
            {
                "part": null,
                "replacement-node": 108,
                "expression-node": 109,
                "template-line-number": 428,
                "node-pos": 195
            }
        ],
        "rule-38": [
            {
                "part": null,
                "replacement-node": 111,
                "template-line-number": 441,
                "node-pos": 201
            }
        ],
        "rule-39": [
            {
                "part": null,
                "replacement-node": 114,
                "expression-node": 115,
                "template-line-number": 451,
                "node-pos": 205
            }
        ],
        "rule-40": [
            {
                "part": null,
                "replacement-node": 117,
                "template-line-number": 462,
                "node-pos": 210
            }
        ],
        "rule-41": [
            {
                "part": null,
                "replacement-node": 120,
                "expression-node": 121,
                "template-line-number": 472,
                "node-pos": 214
            }
        ],
        "rule-42": [
            {
                "part": null,
                "replacement-node": 123,
                "template-line-number": 485,
                "node-pos": 220
            }
        ],
        "rule-43": [
            {
                "part": null,
                "replacement-node": 126,
                "expression-node": 127,
                "template-line-number": 495,
                "node-pos": 224
            }
        ],
        "rule-44": [
            {
                "part": null,
                "replacement-node": 129,
                "template-line-number": 506,
                "node-pos": 229
            }
        ],
        "rule-45": [
            {
                "part": null,
                "replacement-node": 132,
                "expression-node": 133,
                "template-line-number": 516,
                "node-pos": 233
            }
        ],
        "rule-46": [
            {
                "part": null,
                "replacement-node": 135,
                "template-line-number": 529,
                "node-pos": 239
            }
        ],
        "rule-47": [
            {
                "part": null,
                "replacement-node": 138,
                "expression-node": 139,
                "template-line-number": 539,
                "node-pos": 243
            }
        ],
        "rule-48": [
            {
                "part": null,
                "replacement-node": 141,
                "template-line-number": 552,
                "node-pos": 249
            }
        ],
        "rule-49": [
            {
                "part": null,
                "replacement-node": 144,
                "expression-node": 145,
                "template-line-number": 562,
                "node-pos": 253
            }
        ],
        "rule-50": [
            {
                "part": null,
                "replacement-node": 147,
                "template-line-number": 577,
                "node-pos": 259
            }
        ],
        "rule-51": [
            {
                "part": null,
                "replacement-node": 150,
                "template-line-number": 591,
                "node-pos": 266
            }
        ],
        "rule-52": [
            {
                "part": null,
                "replacement-node": 153,
                "expression-node": 154,
                "template-line-number": 601,
                "node-pos": 270
            }
        ],
        "rule-53": [
            {
                "part": null,
                "replacement-node": 156,
                "template-line-number": 614,
                "node-pos": 276
            }
        ],
        "rule-54": [
            {
                "part": null,
                "replacement-node": 159,
                "expression-node": 160,
                "template-line-number": 624,
                "node-pos": 280
            }
        ],
        "rule-55": [
            {
                "part": null,
                "replacement-node": 162,
                "template-line-number": 637,
                "node-pos": 286
            }
        ],
        "rule-56": [
            {
                "part": null,
                "replacement-node": 165,
                "expression-node": 166,
                "template-line-number": 647,
                "node-pos": 290
            }
        ],
        "rule-57": [
            {
                "part": null,
                "replacement-node": 168,
                "template-line-number": 660,
                "node-pos": 296
            }
        ],
        "rule-58": [
            {
                "part": null,
                "replacement-node": 171,
                "template-line-number": 674,
                "node-pos": 303
            }
        ],
        "rule-59": [
            {
                "part": null,
                "replacement-node": 174,
                "expression-node": 175,
                "template-line-number": 684,
                "node-pos": 307
            }
        ],
        "rule-60": [
            {
                "part": null,
                "replacement-node": 177,
                "template-line-number": 697,
                "node-pos": 313
            }
        ],
        "rule-61": [
            {
                "part": null,
                "replacement-node": 180,
                "expression-node": 181,
                "template-line-number": 707,
                "node-pos": 317
            }
        ],
        "rule-62": [
            {
                "part": null,
                "replacement-node": 183,
                "template-line-number": 720,
                "node-pos": 323
            }
        ],
        "rule-63": [
            {
                "part": null,
                "replacement-node": 186,
                "expression-node": 187,
                "template-line-number": 730,
                "node-pos": 327
            }
        ],
        "rule-64": [
            {
                "part": null,
                "replacement-node": 189,
                "template-line-number": 743,
                "node-pos": 333
            }
        ],
        "rule-65": [
            {
                "part": null,
                "replacement-node": 192,
                "expression-node": 193,
                "template-line-number": 753,
                "node-pos": 337
            }
        ],
        "rule-66": [
            {
                "part": null,
                "replacement-node": 195,
                "template-line-number": 766,
                "node-pos": 343
            }
        ],
        "rule-67": [
            {
                "part": null,
                "replacement-node": 198,
                "expression-node": 199,
                "template-line-number": 776,
                "node-pos": 347
            }
        ],
        "rule-68": [
            {
                "part": null,
                "replacement-node": 201,
                "expression-node": 202,
                "template-line-number": 793,
                "node-pos": 353
            }
        ],
        "rule-69": [
            {
                "part": null,
                "replacement-node": 204,
                "template-line-number": 800,
                "node-pos": 357
            }
        ],
        "rule-70": [
            {
                "part": null,
                "replacement-node": 207,
                "template-line-number": 810,
                "node-pos": 361
            }
        ]
    },
    "line-numbers": {},
    "showifs": {},
    "footnotes": {},
    "standard-rules": [
        "rule-1",
        "rule-2",
        "rule-3",
        "rule-4",
        "rule-5",
        "rule-6",
        "rule-7",
        "rule-8",
        "rule-9",
        "rule-10",
        "rule-11",
        "rule-12",
        "rule-13",
        "rule-14",
        "rule-15",
        "rule-16",
        "rule-17",
        "rule-18",
        "rule-19",
        "rule-20",
        "rule-21",
        "rule-22",
        "rule-23",
        "rule-24",
        "rule-25",
        "rule-26",
        "rule-27",
        "rule-28",
        "rule-29",
        "rule-30",
        "rule-31",
        "rule-32",
        "rule-33",
        "rule-34",
        "rule-35",
        "rule-36",
        "rule-37",
        "rule-38",
        "rule-39",
        "rule-40",
        "rule-41",
        "rule-42",
        "rule-43",
        "rule-44",
        "rule-45",
        "rule-46",
        "rule-47",
        "rule-48",
        "rule-49",
        "rule-50",
        "rule-51",
        "rule-52",
        "rule-53",
        "rule-54",
        "rule-55",
        "rule-56",
        "rule-57",
        "rule-58",
        "rule-59",
        "rule-60",
        "rule-61",
        "rule-62",
        "rule-63",
        "rule-64",
        "rule-65",
        "rule-66",
        "rule-67",
        "rule-68",
        "rule-69",
        "rule-70"
    ],
    "footnote-rules": []
}