{
    "substitutions": {
        "rule-1": [
            {
                "part": null,
                "replacement-node": 0,
                "template-line-number": 20,
                "node-pos": 9
            }
        ],
        "rule-2": [
            {
                "part": null,
                "replacement-node": 3,
                "expression-node": 4,
                "template-line-number": 27,
                "node-pos": 13
            }
        ],
        "rule-3": [
            {
                "part": null,
                "replacement-node": 6,
                "template-line-number": 34,
                "node-pos": 17
            }
        ],
        "rule-4": [
            {
                "part": null,
                "replacement-node": 9,
                "template-line-number": 42,
                "node-pos": 21,
                "html": true
            }
        ],
        "rule-5": [
            {
                "part": null,
                "replacement-node": 12,
                "template-line-number": 58,
                "node-pos": 26,
                "html": true
            }
        ],
        "rule-6": [
            {
                "part": null,
                "replacement-node": 15,
                "template-line-number": 76,
                "node-pos": 31
            }
        ],
        "rule-7": [
            {
                "part": null,
                "replacement-node": 18,
                "expression-node": 19,
                "template-line-number": 83,
                "node-pos": 35
            }
        ],
        "rule-8": [
            {
                "part": null,
                "replacement-node": 21,
                "template-line-number": 90,
                "node-pos": 39
            }
        ],
        "rule-9": [
            {
                "part": null,
                "replacement-node": 24,
                "expression-node": 25,
                "template-line-number": 97,
                "node-pos": 43
            }
        ],
        "rule-10": [
            {
                "part": null,
                "replacement-node": 27,
                "expression-node": 28,
                "template-line-number": 103,
                "node-pos": 47
            }
        ],
        "rule-11": [
            {
                "part": null,
                "replacement-node": 30,
                "template-line-number": 114,
                "node-pos": 53
            }
        ],
        "rule-12": [
            {
                "part": null,
                "replacement-node": 33,
                "template-line-number": 125,
                "node-pos": 58,
                "html": true
            }
        ],
        "rule-13": [
            {
                "part": null,
                "replacement-node": 45,
                "template-line-number": 190,
                "node-pos": 91
            }
        ],
        "rule-14": [
            {
                "part": null,
                "replacement-node": 48,
                "expression-node": 49,
                "template-line-number": 200,
                "node-pos": 95
            }
        ],
        "rule-15": [
            {
                "part": null,
                "replacement-node": 50,
                "expression-node": 51,
                "template-line-number": 208,
                "node-pos": 98
            }
        ],
        "rule-16": [
            {
                "part": null,
                "replacement-node": 52,
                "expression-node": 53,
                "template-line-number": 216,
                "node-pos": 101
            }
        ],
        "rule-17": [
            {
                "part": null,
                "replacement-node": 54,
                "expression-node": 55,
                "template-line-number": 224,
                "node-pos": 104
            }
        ],
        "rule-18": [
            {
                "part": null,
                "replacement-node": 56,
                "expression-node": 57,
                "template-line-number": 232,
                "node-pos": 107
            }
        ],
        "rule-19": [
            {
                "part": null,
                "replacement-node": 58,
                "template-line-number": 243,
                "node-pos": 112
            }
        ],
        "rule-20": [
            {
                "part": null,
                "replacement-node": 61,
                "expression-node": 62,
                "template-line-number": 253,
                "node-pos": 116
            }
        ],
        "rule-21": [
            {
                "part": null,
                "replacement-node": 63,
                "expression-node": 64,
                "template-line-number": 261,
                "node-pos": 119
            }
        ],
        "rule-22": [
            {
                "part": null,
                "replacement-node": 65,
                "expression-node": 66,
                "template-line-number": 269,
                "node-pos": 122
            }
        ],
        "rule-23": [
            {
                "part": null,
                "replacement-node": 67,
                "expression-node": 68,
                "template-line-number": 277,
                "node-pos": 125
            }
        ],
        "rule-24": [
            {
                "part": null,
                "replacement-node": 69,
                "expression-node": 70,
                "template-line-number": 285,
                "node-pos": 128
            }
        ],
        "rule-25": [
            {
                "part": null,
                "replacement-node": 71,
                "template-line-number": 296,
                "node-pos": 133
            }
        ],
        "rule-26": [
            {
                "part": null,
                "replacement-node": 74,
                "expression-node": 75,
                "template-line-number": 306,
                "node-pos": 137
            }
        ],
        "rule-27": [
            {
                "part": null,
                "replacement-node": 76,
                "expression-node": 77,
                "template-line-number": 314,
                "node-pos": 140
            }
        ],
        "rule-28": [
            {
                "part": null,
                "replacement-node": 78,
                "expression-node": 79,
                "template-line-number": 322,
                "node-pos": 143
            }
        ],
        "rule-29": [
            {
                "part": null,
                "replacement-node": 80,
                "expression-node": 81,
                "template-line-number": 330,
                "node-pos": 146
            }
        ],
        "rule-30": [
            {
                "part": null,
                "replacement-node": 82,
                "expression-node": 83,
                "template-line-number": 338,
                "node-pos": 149
            }
        ],
        "rule-31": [
            {
                "part": null,
                "replacement-node": 84,
                "template-line-number": 349,
                "node-pos": 154
            }
        ],
        "rule-32": [
            {
                "part": null,
                "replacement-node": 87,
                "expression-node": 88,
                "template-line-number": 359,
                "node-pos": 158
            }
        ],
        "rule-33": [
            {
                "part": null,
                "replacement-node": 89,
                "expression-node": 90,
                "template-line-number": 367,
                "node-pos": 161
            }
        ],
        "rule-34": [
            {
                "part": null,
                "replacement-node": 91,
                "expression-node": 92,
                "template-line-number": 375,
                "node-pos": 164
            }
        ],
        "rule-35": [
            {
                "part": null,
                "replacement-node": 93,
                "expression-node": 94,
                "template-line-number": 383,
                "node-pos": 167
            }
        ],
        "rule-36": [
            {
                "part": null,
                "replacement-node": 95,
                "expression-node": 96,
                "template-line-number": 391,
                "node-pos": 170
            }
        ],
        "rule-37": [
            {
                "part": null,
                "replacement-node": 97,
                "template-line-number": 402,
                "node-pos": 175
            }
        ],
        "rule-38": [
            {
                "part": null,
                "replacement-node": 100,
                "expression-node": 101,
                "template-line-number": 412,
                "node-pos": 179
            }
        ],
        "rule-39": [
            {
                "part": null,
                "replacement-node": 102,
                "expression-node": 103,
                "template-line-number": 420,
                "node-pos": 182
            }
        ],
        "rule-40": [
            {
                "part": null,
                "replacement-node": 104,
                "expression-node": 105,
                "template-line-number": 428,
                "node-pos": 185
            }
        ],
        "rule-41": [
            {
                "part": null,
                "replacement-node": 106,
                "expression-node": 107,
                "template-line-number": 436,
                "node-pos": 188
            }
        ],
        "rule-42": [
            {
                "part": null,
                "replacement-node": 108,
                "expression-node": 109,
                "template-line-number": 444,
                "node-pos": 191
            }
        ],
        "rule-43": [
            {
                "part": null,
                "replacement-node": 110,
                "template-line-number": 455,
                "node-pos": 196
            }
        ],
        "rule-44": [
            {
                "part": null,
                "replacement-node": 113,
                "expression-node": 114,
                "template-line-number": 465,
                "node-pos": 200
            }
        ],
        "rule-45": [
            {
                "part": null,
                "replacement-node": 115,
                "expression-node": 116,
                "template-line-number": 473,
                "node-pos": 203
            }
        ],
        "rule-46": [
            {
                "part": null,
                "replacement-node": 117,
                "expression-node": 118,
                "template-line-number": 481,
                "node-pos": 206
            }
        ],
        "rule-47": [
            {
                "part": null,
                "replacement-node": 119,
                "expression-node": 120,
                "template-line-number": 489,
                "node-pos": 209
            }
        ],
        "rule-48": [
            {
                "part": null,
                "replacement-node": 121,
                "expression-node": 122,
                "template-line-number": 497,
                "node-pos": 212
            }
        ],
        "rule-49": [
            {
                "part": null,
                "replacement-node": 123,
                "template-line-number": 508,
                "node-pos": 217
            }
        ],
        "rule-50": [
            {
                "part": null,
                "replacement-node": 126,
                "expression-node": 127,
                "template-line-number": 518,
                "node-pos": 221
            }
        ],
        "rule-51": [
            {
                "part": null,
                "replacement-node": 128,
                "expression-node": 129,
                "template-line-number": 526,
                "node-pos": 224
            }
        ],
        "rule-52": [
            {
                "part": null,
                "replacement-node": 130,
                "expression-node": 131,
                "template-line-number": 534,
                "node-pos": 227
            }
        ],
        "rule-53": [
            {
                "part": null,
                "replacement-node": 132,
                "expression-node": 133,
                "template-line-number": 542,
                "node-pos": 230
            }
        ],
        "rule-54": [
            {
                "part": null,
                "replacement-node": 134,
                "expression-node": 135,
                "template-line-number": 550,
                "node-pos": 233
            }
        ],
        "rule-55": [
            {
                "part": null,
                "replacement-node": 136,
                "template-line-number": 561,
                "node-pos": 238
            }
        ],
        "rule-56": [
            {
                "part": null,
                "replacement-node": 139,
                "expression-node": 140,
                "template-line-number": 571,
                "node-pos": 242
            }
        ],
        "rule-57": [
            {
                "part": null,
                "replacement-node": 141,
                "expression-node": 142,
                "template-line-number": 579,
                "node-pos": 245
            }
        ],
        "rule-58": [
            {
                "part": null,
                "replacement-node": 143,
                "expression-node": 144,
                "template-line-number": 587,
                "node-pos": 248
            }
        ],
        "rule-59": [
            {
                "part": null,
                "replacement-node": 145,
                "expression-node": 146,
                "template-line-number": 595,
                "node-pos": 251
            }
        ],
        "rule-60": [
            {
                "part": null,
                "replacement-node": 147,
                "expression-node": 148,
                "template-line-number": 603,
                "node-pos": 254
            }
        ],
        "rule-61": [
            {
                "part": null,
                "replacement-node": 149,
                "template-line-number": 614,
                "node-pos": 259
            }
        ],
        "rule-62": [
            {
                "part": null,
                "replacement-node": 152,
                "expression-node": 153,
                "template-line-number": 624,
                "node-pos": 263
            }
        ],
        "rule-63": [
            {
                "part": null,
                "replacement-node": 154,
                "expression-node": 155,
                "template-line-number": 632,
                "node-pos": 266
            }
        ],
        "rule-64": [
            {
                "part": null,
                "replacement-node": 156,
                "expression-node": 157,
                "template-line-number": 640,
                "node-pos": 269
            }
        ],
        "rule-65": [
            {
                "part": null,
                "replacement-node": 158,
                "expression-node": 159,
                "template-line-number": 648,
                "node-pos": 272
            }
        ],
        "rule-66": [
            {
                "part": null,
                "replacement-node": 160,
                "expression-node": 161,
                "template-line-number": 656,
                "node-pos": 275
            }
        ],
        "rule-67": [
            {
                "part": null,
                "replacement-node": 162,
                "template-line-number": 667,
                "node-pos": 280
            }
        ],
        "rule-68": [
            {
                "part": null,
                "replacement-node": 165,
                "expression-node": 166,
                "template-line-number": 677,
                "node-pos": 284
            }
        ],
        "rule-69": [
            {
                "part": null,
                "replacement-node": 167,
                "expression-node": 168,
                "template-line-number": 685,
                "node-pos": 287
            }
        ],
        "rule-70": [
            {
                "part": null,
                "replacement-node": 169,
                "expression-node": 170,
                "template-line-number": 693,
                "node-pos": 290
            }
        ],
        "rule-71": [
            {
                "part": null,
                "replacement-node": 171,
                "expression-node": 172,
                "template-line-number": 701,
                "node-pos": 293
            }
        ],
        "rule-72": [
            {
                "part": null,
                "replacement-node": 173,
                "expression-node": 174,
                "template-line-number": 709,
                "node-pos": 296
            }
        ],
        "rule-73": [
            {
                "part": null,
                "replacement-node": 175,
                "template-line-number": 720,
                "node-pos": 301
            }
        ],
        "rule-74": [
            {
                "part": null,
                "replacement-node": 178,
                "expression-node": 179,
                "template-line-number": 730,
                "node-pos": 305
            }
        ],
        "rule-75": [
            {
                "part": null,
                "replacement-node": 180,
                "expression-node": 181,
                "template-line-number": 738,
                "node-pos": 308
            }
        ],
        "rule-76": [
            {
                "part": null,
                "replacement-node": 182,
                "expression-node": 183,
                "template-line-number": 746,
                "node-pos": 311
            }
        ],
        "rule-77": [
            {
                "part": null,
                "replacement-node": 184,
                "expression-node": 185,
                "template-line-number": 754,
                "node-pos": 314
            }
        ],
        "rule-78": [
            {
                "part": null,
                "replacement-node": 186,
                "expression-node": 187,
                "template-line-number": 762,
                "node-pos": 317
            }
        ],
        "rule-79": [
            {
                "part": null,
                "replacement-node": 188,
                "template-line-number": 774,
                "node-pos": 322
            }
        ],
        "rule-80": [
            {
                "part": null,
                "replacement-node": 191,
                "expression-node": 192,
                "template-line-number": 784,
                "node-pos": 326
            }
        ],
        "rule-81": [
            {
                "part": null,
                "replacement-node": 194,
                "expression-node": 195,
                "template-line-number": 794,
                "node-pos": 330
            }
        ],
        "rule-82": [
            {
                "part": null,
                "replacement-node": 197,
                "expression-node": 198,
                "template-line-number": 804,
                "node-pos": 334
            }
        ],
        "rule-83": [
            {
                "part": null,
                "replacement-node": 200,
                "expression-node": 201,
                "template-line-number": 814,
                "node-pos": 338
            }
        ],
        "rule-84": [
            {
                "part": null,
                "replacement-node": 203,
                "expression-node": 204,
                "template-line-number": 824,
                "node-pos": 342
            }
        ],
        "rule-85": [
            {
                "part": null,
                "replacement-node": 206,
                "expression-node": 207,
                "template-line-number": 845,
                "node-pos": 350
            }
        ],
        "rule-86": [
            {
                "part": null,
                "replacement-node": 242,
                "expression-node": 243,
                "template-line-number": 1009,
                "node-pos": 409
            }
        ],
        "rule-87": [
            {
                "part": null,
                "replacement-node": 245,
                "template-line-number": 1016,
                "node-pos": 413
            }
        ],
        "rule-88": [
            {
                "part": null,
                "replacement-node": 248,
                "template-line-number": 1026,
                "node-pos": 417
            }
        ],
        "rule-89": {
            "name": "ColumnHeadings2",
            "subs": [
                {
                    "name": "ColumnHeadings2",
                    "part": "1",
                    "replacement-node": 212,
                    "template-line-number": 887,
                    "extras": {},
                    "node-pos": 366
                },
                {
                    "name": "ColumnHeadings2",
                    "part": "2",
                    "replacement-node": 215,
                    "template-line-number": 895,
                    "extras": {},
                    "node-pos": 370
                },
                {
                    "name": "ColumnHeadings2",
                    "part": "3",
                    "replacement-node": 210,
                    "template-line-number": 883,
                    "extras": {},
                    "node-pos": 364
                }
            ]
        },
        "rule-90": {
            "name": "ColumnHeadings",
            "subs": [
                {
                    "name": "ColumnHeadings",
                    "part": "1",
                    "replacement-node": 39,
                    "template-line-number": 170,
                    "extras": {},
                    "node-pos": 81
                },
                {
                    "name": "ColumnHeadings",
                    "part": "2",
                    "replacement-node": 42,
                    "template-line-number": 178,
                    "extras": {},
                    "node-pos": 85
                },
                {
                    "name": "ColumnHeadings",
                    "part": "3",
                    "replacement-node": 37,
                    "template-line-number": 166,
                    "extras": {},
                    "node-pos": 79
                }
            ]
        },
        "rule-91": {
            "name": "DepreciationAndAmortizationOfElectricPlant",
            "subs": [
                {
                    "name": "DepreciationAndAmortizationOfElectricPlant",
                    "part": "2",
                    "replacement-node": 221,
                    "expression-node": 222,
                    "template-line-number": 966,
                    "node-pos": 379
                },
                {
                    "name": "DepreciationAndAmortizationOfElectricPlant",
                    "part": "3",
                    "replacement-node": 224,
                    "expression-node": 225,
                    "template-line-number": 971,
                    "node-pos": 383
                },
                {
                    "name": "DepreciationAndAmortizationOfElectricPlant",
                    "part": "4",
                    "replacement-node": 227,
                    "expression-node": 228,
                    "template-line-number": 976,
                    "node-pos": 387
                },
                {
                    "name": "DepreciationAndAmortizationOfElectricPlant",
                    "part": "5",
                    "replacement-node": 230,
                    "expression-node": 231,
                    "template-line-number": 981,
                    "node-pos": 391
                },
                {
                    "name": "DepreciationAndAmortizationOfElectricPlant",
                    "part": "6",
                    "replacement-node": 233,
                    "expression-node": 234,
                    "template-line-number": 986,
                    "node-pos": 395
                },
                {
                    "name": "DepreciationAndAmortizationOfElectricPlant",
                    "part": "7",
                    "replacement-node": 236,
                    "expression-node": 237,
                    "template-line-number": 991,
                    "node-pos": 399
                },
                {
                    "name": "DepreciationAndAmortizationOfElectricPlant",
                    "part": "8",
                    "replacement-node": 239,
                    "expression-node": 240,
                    "template-line-number": 996,
                    "node-pos": 403
                }
            ]
        }
    },
    "line-numbers": {
        "DepreciationAndAmortizationOfElectricPlant": [
            {
                "line-number-node": 219,
                "start-number": 12,
                "template-line-number": 962
            }
        ]
    },
    "showifs": {},
    "footnotes": {},
    "standard-rules": [
        "rule-1",
        "rule-2",
        "rule-3",
        "rule-4",
        "rule-5",
        "rule-6",
        "rule-7",
        "rule-8",
        "rule-9",
        "rule-10",
        "rule-11",
        "rule-12",
        "rule-13",
        "rule-14",
        "rule-15",
        "rule-16",
        "rule-17",
        "rule-18",
        "rule-19",
        "rule-20",
        "rule-21",
        "rule-22",
        "rule-23",
        "rule-24",
        "rule-25",
        "rule-26",
        "rule-27",
        "rule-28",
        "rule-29",
        "rule-30",
        "rule-31",
        "rule-32",
        "rule-33",
        "rule-34",
        "rule-35",
        "rule-36",
        "rule-37",
        "rule-38",
        "rule-39",
        "rule-40",
        "rule-41",
        "rule-42",
        "rule-43",
        "rule-44",
        "rule-45",
        "rule-46",
        "rule-47",
        "rule-48",
        "rule-49",
        "rule-50",
        "rule-51",
        "rule-52",
        "rule-53",
        "rule-54",
        "rule-55",
        "rule-56",
        "rule-57",
        "rule-58",
        "rule-59",
        "rule-60",
        "rule-61",
        "rule-62",
        "rule-63",
        "rule-64",
        "rule-65",
        "rule-66",
        "rule-67",
        "rule-68",
        "rule-69",
        "rule-70",
        "rule-71",
        "rule-72",
        "rule-73",
        "rule-74",
        "rule-75",
        "rule-76",
        "rule-77",
        "rule-78",
        "rule-79",
        "rule-80",
        "rule-81",
        "rule-82",
        "rule-83",
        "rule-84",
        "rule-85",
        "rule-86",
        "rule-87",
        "rule-88",
        "rule-89",
        "rule-90",
        "rule-91"
    ],
    "footnote-rules": []
}