{
    "substitutions": {
        "rule-1": [
            {
                "part": null,
                "replacement-node": 0,
                "template-line-number": 23,
                "node-pos": 10
            }
        ],
        "rule-2": [
            {
                "part": null,
                "replacement-node": 3,
                "expression-node": 4,
                "template-line-number": 28,
                "node-pos": 14
            }
        ],
        "rule-3": [
            {
                "part": null,
                "replacement-node": 6,
                "template-line-number": 34,
                "node-pos": 18
            }
        ],
        "rule-4": [
            {
                "part": null,
                "replacement-node": 9,
                "template-line-number": 40,
                "node-pos": 22,
                "html": true
            }
        ],
        "rule-5": [
            {
                "part": null,
                "replacement-node": 12,
                "template-line-number": 52,
                "node-pos": 27,
                "html": true
            }
        ],
        "rule-6": [
            {
                "part": null,
                "replacement-node": 15,
                "template-line-number": 63,
                "node-pos": 32
            }
        ],
        "rule-7": [
            {
                "part": null,
                "replacement-node": 18,
                "expression-node": 19,
                "template-line-number": 68,
                "node-pos": 36
            }
        ],
        "rule-8": [
            {
                "part": null,
                "replacement-node": 21,
                "template-line-number": 73,
                "node-pos": 40
            }
        ],
        "rule-9": [
            {
                "part": null,
                "replacement-node": 24,
                "expression-node": 25,
                "template-line-number": 78,
                "node-pos": 44
            }
        ],
        "rule-10": [
            {
                "part": null,
                "replacement-node": 27,
                "expression-node": 28,
                "template-line-number": 83,
                "node-pos": 48
            }
        ],
        "rule-11": [
            {
                "part": null,
                "replacement-node": 30,
                "template-line-number": 93,
                "node-pos": 54
            }
        ],
        "rule-12": [
            {
                "part": null,
                "replacement-node": 33,
                "template-line-number": 104,
                "node-pos": 59,
                "html": true
            }
        ],
        "rule-13": [
            {
                "part": null,
                "replacement-node": 61,
                "expression-node": 62,
                "template-line-number": 252,
                "node-pos": 105
            }
        ],
        "rule-14": [
            {
                "part": null,
                "replacement-node": 64,
                "template-line-number": 258,
                "node-pos": 109
            }
        ],
        "rule-15": [
            {
                "part": null,
                "replacement-node": 67,
                "template-line-number": 267,
                "node-pos": 113
            }
        ],
        "rule-16": {
            "name": "ColumnHeadings",
            "subs": [
                {
                    "name": "ColumnHeadings",
                    "part": "1",
                    "replacement-node": 37,
                    "template-line-number": 129,
                    "extras": {},
                    "node-pos": 69
                },
                {
                    "name": "ColumnHeadings",
                    "part": "2",
                    "replacement-node": 40,
                    "template-line-number": 136,
                    "extras": {},
                    "node-pos": 73
                }
            ]
        },
        "rule-17": {
            "name": "AccumDeprAmortProvisionLineItems",
            "subs": [
                {
                    "name": "AccumDeprAmortProvisionLineItems",
                    "part": "1",
                    "replacement-node": 47,
                    "template-line-number": 193,
                    "extras": {},
                    "node-pos": 83
                },
                {
                    "name": "AccumDeprAmortProvisionLineItems",
                    "part": "2",
                    "replacement-node": 49,
                    "template-line-number": 200,
                    "extras": {},
                    "node-pos": 86
                },
                {
                    "name": "AccumDeprAmortProvisionLineItems",
                    "part": "3",
                    "replacement-node": 51,
                    "expression-node": 52,
                    "template-line-number": 208,
                    "node-pos": 89
                },
                {
                    "name": "AccumDeprAmortProvisionLineItems",
                    "part": "4",
                    "replacement-node": 53,
                    "expression-node": 54,
                    "template-line-number": 216,
                    "node-pos": 92
                },
                {
                    "name": "AccumDeprAmortProvisionLineItems",
                    "part": "5",
                    "replacement-node": 55,
                    "expression-node": 56,
                    "template-line-number": 224,
                    "node-pos": 95
                },
                {
                    "name": "AccumDeprAmortProvisionLineItems",
                    "part": "6",
                    "replacement-node": 57,
                    "expression-node": 58,
                    "template-line-number": 234,
                    "node-pos": 98
                },
                {
                    "name": "AccumDeprAmortProvisionLineItems",
                    "part": "7",
                    "replacement-node": 59,
                    "expression-node": 60,
                    "template-line-number": 241,
                    "node-pos": 101
                }
            ]
        }
    },
    "line-numbers": {
        "AccumDeprAmortProvisionLineItems": [
            {
                "line-number-node": 44,
                "start-number": 1,
                "template-line-number": 185
            }
        ]
    },
    "showifs": {},
    "footnotes": {},
    "standard-rules": [
        "rule-1",
        "rule-2",
        "rule-3",
        "rule-4",
        "rule-5",
        "rule-6",
        "rule-7",
        "rule-8",
        "rule-9",
        "rule-10",
        "rule-11",
        "rule-12",
        "rule-13",
        "rule-14",
        "rule-15",
        "rule-16",
        "rule-17"
    ],
    "footnote-rules": []
}