{
    "substitutions": {
        "rule-2": [
            {
                "part": null,
                "replacement-node": 1,
                "template-line-number": 27,
                "node-pos": 11
            }
        ],
        "rule-3": [
            {
                "part": null,
                "replacement-node": 4,
                "expression-node": 5,
                "template-line-number": 31,
                "node-pos": 15
            }
        ],
        "rule-4": [
            {
                "part": null,
                "replacement-node": 7,
                "template-line-number": 37,
                "node-pos": 19
            }
        ],
        "rule-5": [
            {
                "part": null,
                "replacement-node": 10,
                "template-line-number": 43,
                "node-pos": 23,
                "html": true
            }
        ],
        "rule-6": [
            {
                "part": null,
                "replacement-node": 13,
                "template-line-number": 55,
                "node-pos": 28,
                "html": true
            }
        ],
        "rule-7": [
            {
                "part": null,
                "replacement-node": 16,
                "template-line-number": 66,
                "node-pos": 33
            }
        ],
        "rule-8": [
            {
                "part": null,
                "replacement-node": 19,
                "expression-node": 20,
                "template-line-number": 70,
                "node-pos": 37
            }
        ],
        "rule-9": [
            {
                "part": null,
                "replacement-node": 22,
                "template-line-number": 75,
                "node-pos": 41
            }
        ],
        "rule-10": [
            {
                "part": null,
                "replacement-node": 25,
                "expression-node": 26,
                "template-line-number": 79,
                "node-pos": 45
            }
        ],
        "rule-11": [
            {
                "part": null,
                "replacement-node": 28,
                "expression-node": 29,
                "template-line-number": 84,
                "node-pos": 49
            }
        ],
        "rule-12": [
            {
                "part": null,
                "replacement-node": 31,
                "template-line-number": 94,
                "node-pos": 55
            }
        ],
        "rule-13": [
            {
                "part": null,
                "replacement-node": 34,
                "template-line-number": 105,
                "node-pos": 60,
                "html": true
            }
        ],
        "rule-14": [
            {
                "part": null,
                "replacement-node": 37,
                "expression-node": 38,
                "template-line-number": 130,
                "node-pos": 78,
                "html": true
            }
        ],
        "rule-15": [
            {
                "part": null,
                "replacement-node": 40,
                "expression-node": 41,
                "template-line-number": 141,
                "node-pos": 83,
                "html": true
            }
        ],
        "rule-16": [
            {
                "part": null,
                "replacement-node": 43,
                "expression-node": 44,
                "template-line-number": 152,
                "node-pos": 88,
                "html": true
            }
        ],
        "rule-17": [
            {
                "part": null,
                "replacement-node": 46,
                "expression-node": 47,
                "template-line-number": 163,
                "node-pos": 93,
                "html": true
            }
        ],
        "rule-18": [
            {
                "part": null,
                "replacement-node": 49,
                "expression-node": 50,
                "template-line-number": 174,
                "node-pos": 98,
                "html": true
            }
        ],
        "rule-19": [
            {
                "part": null,
                "replacement-node": 52,
                "expression-node": 53,
                "template-line-number": 185,
                "node-pos": 103,
                "html": true
            }
        ],
        "rule-20": [
            {
                "part": null,
                "replacement-node": 55,
                "expression-node": 56,
                "template-line-number": 196,
                "node-pos": 108,
                "html": true
            }
        ],
        "rule-21": [
            {
                "part": null,
                "replacement-node": 58,
                "expression-node": 59,
                "template-line-number": 207,
                "node-pos": 113,
                "html": true
            }
        ],
        "rule-22": [
            {
                "part": null,
                "replacement-node": 61,
                "expression-node": 62,
                "template-line-number": 218,
                "node-pos": 118,
                "html": true
            }
        ],
        "rule-23": [
            {
                "part": null,
                "replacement-node": 64,
                "expression-node": 65,
                "template-line-number": 231,
                "node-pos": 124
            }
        ],
        "rule-24": [
            {
                "part": null,
                "replacement-node": 67,
                "template-line-number": 236,
                "node-pos": 128
            }
        ],
        "rule-25": [
            {
                "part": null,
                "replacement-node": 70,
                "template-line-number": 245,
                "node-pos": 132
            }
        ]
    },
    "line-numbers": {},
    "showifs": {
        "rule-1": {
            "type": "showif",
            "template-line-number": 17
        }
    },
    "footnotes": {},
    "standard-rules": [
        "rule-2",
        "rule-3",
        "rule-4",
        "rule-5",
        "rule-6",
        "rule-7",
        "rule-8",
        "rule-9",
        "rule-10",
        "rule-11",
        "rule-12",
        "rule-13",
        "rule-14",
        "rule-15",
        "rule-16",
        "rule-17",
        "rule-18",
        "rule-19",
        "rule-20",
        "rule-21",
        "rule-22",
        "rule-23",
        "rule-24",
        "rule-25"
    ],
    "footnote-rules": []
}