{
    "substitutions": {
        "rule-1": [
            {
                "part": null,
                "replacement-node": 0,
                "template-line-number": 22,
                "node-pos": 9
            }
        ],
        "rule-2": [
            {
                "part": null,
                "replacement-node": 3,
                "expression-node": 4,
                "template-line-number": 27,
                "node-pos": 13
            }
        ],
        "rule-3": [
            {
                "part": null,
                "replacement-node": 6,
                "template-line-number": 33,
                "node-pos": 17
            }
        ],
        "rule-4": [
            {
                "part": null,
                "replacement-node": 9,
                "template-line-number": 39,
                "node-pos": 21,
                "html": true
            }
        ],
        "rule-5": [
            {
                "part": null,
                "replacement-node": 12,
                "template-line-number": 51,
                "node-pos": 26,
                "html": true
            }
        ],
        "rule-6": [
            {
                "part": null,
                "replacement-node": 15,
                "template-line-number": 62,
                "node-pos": 31
            }
        ],
        "rule-7": [
            {
                "part": null,
                "replacement-node": 18,
                "expression-node": 19,
                "template-line-number": 67,
                "node-pos": 35
            }
        ],
        "rule-8": [
            {
                "part": null,
                "replacement-node": 21,
                "template-line-number": 72,
                "node-pos": 39
            }
        ],
        "rule-9": [
            {
                "part": null,
                "replacement-node": 24,
                "expression-node": 25,
                "template-line-number": 77,
                "node-pos": 43
            }
        ],
        "rule-10": [
            {
                "part": null,
                "replacement-node": 27,
                "expression-node": 28,
                "template-line-number": 82,
                "node-pos": 47
            }
        ],
        "rule-11": [
            {
                "part": null,
                "replacement-node": 30,
                "template-line-number": 93,
                "node-pos": 53
            }
        ],
        "rule-12": [
            {
                "part": null,
                "replacement-node": 33,
                "template-line-number": 104,
                "node-pos": 58,
                "html": true
            }
        ],
        "rule-13": [
            {
                "part": null,
                "replacement-node": 69,
                "expression-node": 70,
                "template-line-number": 310,
                "node-pos": 154
            }
        ],
        "rule-14": [
            {
                "part": null,
                "replacement-node": 72,
                "template-line-number": 317,
                "node-pos": 158
            }
        ],
        "rule-15": [
            {
                "part": null,
                "replacement-node": 75,
                "template-line-number": 327,
                "node-pos": 162
            }
        ],
        "rule-16": {
            "name": "ColumnHeadings",
            "subs": [
                {
                    "name": "ColumnHeadings",
                    "part": "1",
                    "replacement-node": 39,
                    "template-line-number": 181,
                    "extras": {},
                    "node-pos": 111
                },
                {
                    "name": "ColumnHeadings",
                    "part": "2",
                    "replacement-node": 42,
                    "template-line-number": 189,
                    "extras": {},
                    "node-pos": 115
                },
                {
                    "name": "ColumnHeadings",
                    "part": "3",
                    "replacement-node": 37,
                    "template-line-number": 177,
                    "extras": {},
                    "node-pos": 109
                }
            ]
        },
        "rule-17": {
            "name": "ResearchDevelopmentAndDemonstration",
            "subs": [
                {
                    "name": "ResearchDevelopmentAndDemonstration",
                    "part": "2",
                    "replacement-node": 48,
                    "expression-node": 49,
                    "template-line-number": 263,
                    "node-pos": 124
                },
                {
                    "name": "ResearchDevelopmentAndDemonstration",
                    "part": "3",
                    "replacement-node": 51,
                    "expression-node": 52,
                    "template-line-number": 268,
                    "node-pos": 128
                },
                {
                    "name": "ResearchDevelopmentAndDemonstration",
                    "part": "4",
                    "replacement-node": 54,
                    "expression-node": 55,
                    "template-line-number": 273,
                    "node-pos": 132
                },
                {
                    "name": "ResearchDevelopmentAndDemonstration",
                    "part": "5",
                    "replacement-node": 57,
                    "expression-node": 58,
                    "template-line-number": 278,
                    "node-pos": 136
                },
                {
                    "name": "ResearchDevelopmentAndDemonstration",
                    "part": "6",
                    "replacement-node": 60,
                    "expression-node": 61,
                    "template-line-number": 283,
                    "node-pos": 140
                },
                {
                    "name": "ResearchDevelopmentAndDemonstration",
                    "part": "7",
                    "replacement-node": 63,
                    "expression-node": 64,
                    "template-line-number": 288,
                    "node-pos": 144
                },
                {
                    "name": "ResearchDevelopmentAndDemonstration",
                    "part": "8",
                    "replacement-node": 66,
                    "expression-node": 67,
                    "template-line-number": 293,
                    "node-pos": 148
                }
            ]
        }
    },
    "line-numbers": {
        "ResearchDevelopmentAndDemonstration": [
            {
                "line-number-node": 46,
                "start-number": 1,
                "template-line-number": 258
            }
        ]
    },
    "showifs": {},
    "footnotes": {},
    "standard-rules": [
        "rule-1",
        "rule-2",
        "rule-3",
        "rule-4",
        "rule-5",
        "rule-6",
        "rule-7",
        "rule-8",
        "rule-9",
        "rule-10",
        "rule-11",
        "rule-12",
        "rule-13",
        "rule-14",
        "rule-15",
        "rule-16",
        "rule-17"
    ],
    "footnote-rules": []
}