{
    "substitutions": {
        "rule-2": [
            {
                "part": null,
                "replacement-node": 1,
                "template-line-number": 27,
                "node-pos": 10
            }
        ],
        "rule-3": [
            {
                "part": null,
                "replacement-node": 4,
                "expression-node": 5,
                "template-line-number": 32,
                "node-pos": 14
            }
        ],
        "rule-4": [
            {
                "part": null,
                "replacement-node": 7,
                "template-line-number": 38,
                "node-pos": 18
            }
        ],
        "rule-5": [
            {
                "part": null,
                "replacement-node": 10,
                "template-line-number": 44,
                "node-pos": 22,
                "html": true
            }
        ],
        "rule-6": [
            {
                "part": null,
                "replacement-node": 13,
                "template-line-number": 56,
                "node-pos": 27,
                "html": true
            }
        ],
        "rule-7": [
            {
                "part": null,
                "replacement-node": 16,
                "template-line-number": 67,
                "node-pos": 32
            }
        ],
        "rule-8": [
            {
                "part": null,
                "replacement-node": 19,
                "expression-node": 20,
                "template-line-number": 72,
                "node-pos": 36
            }
        ],
        "rule-9": [
            {
                "part": null,
                "replacement-node": 22,
                "template-line-number": 77,
                "node-pos": 40
            }
        ],
        "rule-10": [
            {
                "part": null,
                "replacement-node": 25,
                "expression-node": 26,
                "template-line-number": 82,
                "node-pos": 44
            }
        ],
        "rule-11": [
            {
                "part": null,
                "replacement-node": 28,
                "expression-node": 29,
                "template-line-number": 87,
                "node-pos": 48
            }
        ],
        "rule-12": [
            {
                "part": null,
                "replacement-node": 31,
                "template-line-number": 97,
                "node-pos": 54
            }
        ],
        "rule-13": [
            {
                "part": null,
                "replacement-node": 34,
                "template-line-number": 108,
                "node-pos": 59,
                "html": true
            }
        ],
        "rule-14": [
            {
                "part": null,
                "replacement-node": 61,
                "expression-node": 62,
                "template-line-number": 214,
                "node-pos": 105
            }
        ],
        "rule-15": [
            {
                "part": null,
                "replacement-node": 64,
                "template-line-number": 219,
                "node-pos": 109
            }
        ],
        "rule-16": [
            {
                "part": null,
                "replacement-node": 67,
                "template-line-number": 228,
                "node-pos": 113
            }
        ],
        "rule-17": {
            "name": "GSPHeadings",
            "subs": [
                {
                    "name": "GSPHeadings",
                    "part": "1",
                    "replacement-node": 40,
                    "template-line-number": 140,
                    "extras": {},
                    "node-pos": 74
                },
                {
                    "name": "GSPHeadings",
                    "part": "2",
                    "replacement-node": 43,
                    "template-line-number": 149,
                    "extras": {},
                    "node-pos": 78
                },
                {
                    "name": "GSPHeadings",
                    "part": "3",
                    "replacement-node": 38,
                    "template-line-number": 136,
                    "extras": {},
                    "node-pos": 72
                }
            ]
        },
        "rule-18": {
            "name": "GSPLineItems",
            "subs": [
                {
                    "name": "GSPLineItems",
                    "part": "1",
                    "replacement-node": 47,
                    "template-line-number": 181,
                    "extras": {},
                    "node-pos": 84
                },
                {
                    "name": "GSPLineItems",
                    "part": "2",
                    "replacement-node": 52,
                    "template-line-number": 192,
                    "extras": {},
                    "node-pos": 92
                },
                {
                    "name": "GSPLineItems",
                    "part": "3",
                    "replacement-node": 50,
                    "template-line-number": 188,
                    "extras": {},
                    "node-pos": 90
                },
                {
                    "name": "GSPLineItems",
                    "part": "4",
                    "replacement-node": 56,
                    "expression-node": 57,
                    "template-line-number": 201,
                    "node-pos": 97
                }
            ]
        }
    },
    "line-numbers": {},
    "showifs": {
        "rule-1": {
            "type": "showif",
            "template-line-number": 17
        }
    },
    "footnotes": {},
    "standard-rules": [
        "rule-2",
        "rule-3",
        "rule-4",
        "rule-5",
        "rule-6",
        "rule-7",
        "rule-8",
        "rule-9",
        "rule-10",
        "rule-11",
        "rule-12",
        "rule-13",
        "rule-14",
        "rule-15",
        "rule-16",
        "rule-17",
        "rule-18"
    ],
    "footnote-rules": []
}