{
    "substitutions": {
        "rule-2": [
            {
                "part": null,
                "replacement-node": 1,
                "template-line-number": 29,
                "node-pos": 11
            }
        ],
        "rule-3": [
            {
                "part": null,
                "replacement-node": 4,
                "expression-node": 5,
                "template-line-number": 34,
                "node-pos": 15
            }
        ],
        "rule-4": [
            {
                "part": null,
                "replacement-node": 7,
                "template-line-number": 40,
                "node-pos": 19
            }
        ],
        "rule-5": [
            {
                "part": null,
                "replacement-node": 10,
                "template-line-number": 46,
                "node-pos": 23,
                "html": true
            }
        ],
        "rule-6": [
            {
                "part": null,
                "replacement-node": 13,
                "template-line-number": 58,
                "node-pos": 28,
                "html": true
            }
        ],
        "rule-7": [
            {
                "part": null,
                "replacement-node": 16,
                "template-line-number": 70,
                "node-pos": 33
            }
        ],
        "rule-8": [
            {
                "part": null,
                "replacement-node": 19,
                "expression-node": 20,
                "template-line-number": 75,
                "node-pos": 37
            }
        ],
        "rule-9": [
            {
                "part": null,
                "replacement-node": 22,
                "template-line-number": 81,
                "node-pos": 41
            }
        ],
        "rule-10": [
            {
                "part": null,
                "replacement-node": 25,
                "expression-node": 26,
                "template-line-number": 86,
                "node-pos": 45
            }
        ],
        "rule-11": [
            {
                "part": null,
                "replacement-node": 28,
                "expression-node": 29,
                "template-line-number": 91,
                "node-pos": 49
            }
        ],
        "rule-12": [
            {
                "part": null,
                "replacement-node": 31,
                "template-line-number": 102,
                "node-pos": 55
            }
        ],
        "rule-13": [
            {
                "part": null,
                "replacement-node": 34,
                "template-line-number": 113,
                "node-pos": 60,
                "html": true
            }
        ],
        "rule-14": [
            {
                "part": null,
                "replacement-node": 37,
                "template-line-number": 129,
                "node-pos": 70
            }
        ],
        "rule-15": [
            {
                "part": null,
                "replacement-node": 40,
                "expression-node": 41,
                "template-line-number": 138,
                "node-pos": 75
            }
        ],
        "rule-16": [
            {
                "part": null,
                "replacement-node": 43,
                "template-line-number": 151,
                "node-pos": 82
            }
        ],
        "rule-17": [
            {
                "part": null,
                "replacement-node": 46,
                "expression-node": 47,
                "template-line-number": 160,
                "node-pos": 87
            }
        ],
        "rule-18": [
            {
                "part": null,
                "replacement-node": 49,
                "template-line-number": 173,
                "node-pos": 94
            }
        ],
        "rule-19": [
            {
                "part": null,
                "replacement-node": 52,
                "expression-node": 53,
                "template-line-number": 183,
                "node-pos": 99
            }
        ],
        "rule-20": [
            {
                "part": null,
                "replacement-node": 55,
                "template-line-number": 196,
                "node-pos": 106
            }
        ],
        "rule-21": [
            {
                "part": null,
                "replacement-node": 58,
                "expression-node": 59,
                "template-line-number": 205,
                "node-pos": 111
            }
        ],
        "rule-22": [
            {
                "part": null,
                "replacement-node": 61,
                "template-line-number": 218,
                "node-pos": 118,
                "html": true
            }
        ],
        "rule-23": [
            {
                "part": null,
                "replacement-node": 64,
                "expression-node": 65,
                "template-line-number": 227,
                "node-pos": 123
            }
        ],
        "rule-24": [
            {
                "part": null,
                "replacement-node": 67,
                "template-line-number": 242,
                "node-pos": 130,
                "html": true
            }
        ],
        "rule-25": [
            {
                "part": null,
                "replacement-node": 70,
                "expression-node": 71,
                "template-line-number": 251,
                "node-pos": 135
            }
        ],
        "rule-26": [
            {
                "part": null,
                "replacement-node": 73,
                "template-line-number": 265,
                "node-pos": 142,
                "html": true
            }
        ],
        "rule-27": [
            {
                "part": null,
                "replacement-node": 76,
                "expression-node": 77,
                "template-line-number": 274,
                "node-pos": 147
            }
        ],
        "rule-28": [
            {
                "part": null,
                "replacement-node": 79,
                "expression-node": 80,
                "template-line-number": 302,
                "node-pos": 162
            }
        ],
        "rule-29": [
            {
                "part": null,
                "replacement-node": 82,
                "template-line-number": 307,
                "node-pos": 166
            }
        ],
        "rule-30": [
            {
                "part": null,
                "replacement-node": 85,
                "template-line-number": 316,
                "node-pos": 170
            }
        ]
    },
    "line-numbers": {},
    "showifs": {
        "rule-1": {
            "type": "showif",
            "template-line-number": 19
        }
    },
    "footnotes": {},
    "standard-rules": [
        "rule-2",
        "rule-3",
        "rule-4",
        "rule-5",
        "rule-6",
        "rule-7",
        "rule-8",
        "rule-9",
        "rule-10",
        "rule-11",
        "rule-12",
        "rule-13",
        "rule-14",
        "rule-15",
        "rule-16",
        "rule-17",
        "rule-18",
        "rule-19",
        "rule-20",
        "rule-21",
        "rule-22",
        "rule-23",
        "rule-24",
        "rule-25",
        "rule-26",
        "rule-27",
        "rule-28",
        "rule-29",
        "rule-30"
    ],
    "footnote-rules": []
}