{
    "substitutions": {
        "rule-2": [
            {
                "part": null,
                "replacement-node": 1,
                "template-line-number": 27,
                "node-pos": 10
            }
        ],
        "rule-3": [
            {
                "part": null,
                "replacement-node": 4,
                "expression-node": 5,
                "template-line-number": 31,
                "node-pos": 14
            }
        ],
        "rule-4": [
            {
                "part": null,
                "replacement-node": 7,
                "template-line-number": 37,
                "node-pos": 18
            }
        ],
        "rule-5": [
            {
                "part": null,
                "replacement-node": 10,
                "template-line-number": 43,
                "node-pos": 22,
                "html": true
            }
        ],
        "rule-6": [
            {
                "part": null,
                "replacement-node": 13,
                "template-line-number": 55,
                "node-pos": 27,
                "html": true
            }
        ],
        "rule-7": [
            {
                "part": null,
                "replacement-node": 16,
                "template-line-number": 66,
                "node-pos": 32
            }
        ],
        "rule-8": [
            {
                "part": null,
                "replacement-node": 19,
                "expression-node": 20,
                "template-line-number": 70,
                "node-pos": 36
            }
        ],
        "rule-9": [
            {
                "part": null,
                "replacement-node": 22,
                "template-line-number": 75,
                "node-pos": 40
            }
        ],
        "rule-10": [
            {
                "part": null,
                "replacement-node": 25,
                "expression-node": 26,
                "template-line-number": 79,
                "node-pos": 44
            }
        ],
        "rule-11": [
            {
                "part": null,
                "replacement-node": 28,
                "expression-node": 29,
                "template-line-number": 84,
                "node-pos": 48
            }
        ],
        "rule-12": [
            {
                "part": null,
                "replacement-node": 31,
                "template-line-number": 95,
                "node-pos": 54
            }
        ],
        "rule-13": [
            {
                "part": null,
                "replacement-node": 34,
                "template-line-number": 105,
                "node-pos": 59,
                "html": true
            }
        ],
        "rule-14": [
            {
                "part": null,
                "replacement-node": 85,
                "template-line-number": 307,
                "node-pos": 140
            }
        ],
        "rule-15": [
            {
                "part": null,
                "replacement-node": 88,
                "template-line-number": 323,
                "node-pos": 144
            }
        ],
        "rule-16": [
            {
                "part": null,
                "replacement-node": 91,
                "expression-node": 92,
                "template-line-number": 338,
                "node-pos": 152
            }
        ],
        "rule-17": [
            {
                "part": null,
                "replacement-node": 94,
                "expression-node": 95,
                "template-line-number": 347,
                "node-pos": 156
            }
        ],
        "rule-18": [
            {
                "part": null,
                "replacement-node": 97,
                "expression-node": 98,
                "template-line-number": 356,
                "node-pos": 160
            }
        ],
        "rule-19": [
            {
                "part": null,
                "replacement-node": 100,
                "expression-node": 101,
                "template-line-number": 367,
                "node-pos": 166
            }
        ],
        "rule-20": [
            {
                "part": null,
                "replacement-node": 103,
                "expression-node": 104,
                "template-line-number": 376,
                "node-pos": 170
            }
        ],
        "rule-21": [
            {
                "part": null,
                "replacement-node": 106,
                "expression-node": 107,
                "template-line-number": 385,
                "node-pos": 174
            }
        ],
        "rule-22": [
            {
                "part": null,
                "replacement-node": 148,
                "template-line-number": 543,
                "node-pos": 232
            }
        ],
        "rule-23": [
            {
                "part": null,
                "replacement-node": 151,
                "template-line-number": 560,
                "node-pos": 236
            }
        ],
        "rule-24": [
            {
                "part": null,
                "replacement-node": 154,
                "expression-node": 155,
                "template-line-number": 575,
                "node-pos": 244
            }
        ],
        "rule-25": [
            {
                "part": null,
                "replacement-node": 157,
                "expression-node": 158,
                "template-line-number": 584,
                "node-pos": 248
            }
        ],
        "rule-26": [
            {
                "part": null,
                "replacement-node": 160,
                "expression-node": 161,
                "template-line-number": 593,
                "node-pos": 252
            }
        ],
        "rule-27": [
            {
                "part": null,
                "replacement-node": 163,
                "expression-node": 164,
                "template-line-number": 604,
                "node-pos": 258
            }
        ],
        "rule-28": [
            {
                "part": null,
                "replacement-node": 166,
                "expression-node": 167,
                "template-line-number": 613,
                "node-pos": 262
            }
        ],
        "rule-29": [
            {
                "part": null,
                "replacement-node": 169,
                "expression-node": 170,
                "template-line-number": 622,
                "node-pos": 266
            }
        ],
        "rule-30": [
            {
                "part": null,
                "replacement-node": 211,
                "template-line-number": 767,
                "node-pos": 324
            }
        ],
        "rule-31": [
            {
                "part": null,
                "replacement-node": 214,
                "template-line-number": 784,
                "node-pos": 328
            }
        ],
        "rule-32": [
            {
                "part": null,
                "replacement-node": 217,
                "expression-node": 218,
                "template-line-number": 799,
                "node-pos": 336
            }
        ],
        "rule-33": [
            {
                "part": null,
                "replacement-node": 220,
                "expression-node": 221,
                "template-line-number": 808,
                "node-pos": 340
            }
        ],
        "rule-34": [
            {
                "part": null,
                "replacement-node": 223,
                "expression-node": 224,
                "template-line-number": 817,
                "node-pos": 344
            }
        ],
        "rule-35": [
            {
                "part": null,
                "replacement-node": 226,
                "expression-node": 227,
                "template-line-number": 828,
                "node-pos": 350
            }
        ],
        "rule-36": [
            {
                "part": null,
                "replacement-node": 229,
                "expression-node": 230,
                "template-line-number": 837,
                "node-pos": 354
            }
        ],
        "rule-37": [
            {
                "part": null,
                "replacement-node": 232,
                "expression-node": 233,
                "template-line-number": 846,
                "node-pos": 358
            }
        ],
        "rule-38": [
            {
                "part": null,
                "replacement-node": 274,
                "template-line-number": 990,
                "node-pos": 416
            }
        ],
        "rule-39": [
            {
                "part": null,
                "replacement-node": 277,
                "template-line-number": 1004,
                "node-pos": 420
            }
        ],
        "rule-40": [
            {
                "part": null,
                "replacement-node": 280,
                "expression-node": 281,
                "template-line-number": 1019,
                "node-pos": 428
            }
        ],
        "rule-41": [
            {
                "part": null,
                "replacement-node": 283,
                "expression-node": 284,
                "template-line-number": 1028,
                "node-pos": 432
            }
        ],
        "rule-42": [
            {
                "part": null,
                "replacement-node": 286,
                "expression-node": 287,
                "template-line-number": 1037,
                "node-pos": 436
            }
        ],
        "rule-43": [
            {
                "part": null,
                "replacement-node": 289,
                "expression-node": 290,
                "template-line-number": 1048,
                "node-pos": 442
            }
        ],
        "rule-44": [
            {
                "part": null,
                "replacement-node": 292,
                "expression-node": 293,
                "template-line-number": 1057,
                "node-pos": 446
            }
        ],
        "rule-45": [
            {
                "part": null,
                "replacement-node": 295,
                "expression-node": 296,
                "template-line-number": 1066,
                "node-pos": 450
            }
        ],
        "rule-46": [
            {
                "part": null,
                "replacement-node": 298,
                "expression-node": 299,
                "template-line-number": 1080,
                "node-pos": 456
            }
        ],
        "rule-47": [
            {
                "part": null,
                "replacement-node": 301,
                "template-line-number": 1085,
                "node-pos": 460
            }
        ],
        "rule-48": [
            {
                "part": null,
                "replacement-node": 304,
                "template-line-number": 1094,
                "node-pos": 464
            }
        ],
        "rule-49": {
            "name": "AllInvestmentLineItems",
            "subs": [
                {
                    "name": "AllInvestmentLineItems",
                    "part": "10",
                    "replacement-node": 262,
                    "expression-node": 263,
                    "template-line-number": 967,
                    "node-pos": 399
                },
                {
                    "name": "AllInvestmentLineItems",
                    "part": "11",
                    "replacement-node": 265,
                    "expression-node": 266,
                    "template-line-number": 972,
                    "node-pos": 403
                },
                {
                    "name": "AllInvestmentLineItems",
                    "part": "12",
                    "replacement-node": 268,
                    "expression-node": 269,
                    "template-line-number": 977,
                    "node-pos": 407
                },
                {
                    "name": "AllInvestmentLineItems",
                    "part": "13",
                    "replacement-node": 271,
                    "expression-node": 272,
                    "template-line-number": 982,
                    "node-pos": 411
                },
                {
                    "name": "AllInvestmentLineItems",
                    "part": "2",
                    "replacement-node": 238,
                    "expression-node": 239,
                    "template-line-number": 927,
                    "node-pos": 367
                },
                {
                    "name": "AllInvestmentLineItems",
                    "part": "3",
                    "replacement-node": 241,
                    "expression-node": 242,
                    "template-line-number": 932,
                    "node-pos": 371
                },
                {
                    "name": "AllInvestmentLineItems",
                    "part": "4",
                    "replacement-node": 244,
                    "expression-node": 245,
                    "template-line-number": 937,
                    "node-pos": 375
                },
                {
                    "name": "AllInvestmentLineItems",
                    "part": "5",
                    "replacement-node": 247,
                    "expression-node": 248,
                    "template-line-number": 942,
                    "node-pos": 379
                },
                {
                    "name": "AllInvestmentLineItems",
                    "part": "6",
                    "replacement-node": 250,
                    "expression-node": 251,
                    "template-line-number": 947,
                    "node-pos": 383
                },
                {
                    "name": "AllInvestmentLineItems",
                    "part": "7",
                    "replacement-node": 253,
                    "expression-node": 254,
                    "template-line-number": 952,
                    "node-pos": 387
                },
                {
                    "name": "AllInvestmentLineItems",
                    "part": "8",
                    "replacement-node": 256,
                    "expression-node": 257,
                    "template-line-number": 957,
                    "node-pos": 391
                },
                {
                    "name": "AllInvestmentLineItems",
                    "part": "9",
                    "replacement-node": 259,
                    "expression-node": 260,
                    "template-line-number": 962,
                    "node-pos": 395
                }
            ]
        },
        "rule-50": {
            "name": "InvestmentLineItems",
            "subs": [
                {
                    "name": "InvestmentLineItems",
                    "part": "10",
                    "replacement-node": 73,
                    "expression-node": 74,
                    "template-line-number": 284,
                    "node-pos": 123
                },
                {
                    "name": "InvestmentLineItems",
                    "part": "11",
                    "replacement-node": 76,
                    "expression-node": 77,
                    "template-line-number": 289,
                    "node-pos": 127
                },
                {
                    "name": "InvestmentLineItems",
                    "part": "12",
                    "replacement-node": 79,
                    "expression-node": 80,
                    "template-line-number": 294,
                    "node-pos": 131
                },
                {
                    "name": "InvestmentLineItems",
                    "part": "13",
                    "replacement-node": 82,
                    "expression-node": 83,
                    "template-line-number": 299,
                    "node-pos": 135
                },
                {
                    "name": "InvestmentLineItems",
                    "part": "2",
                    "replacement-node": 49,
                    "expression-node": 50,
                    "template-line-number": 244,
                    "node-pos": 91
                },
                {
                    "name": "InvestmentLineItems",
                    "part": "3",
                    "replacement-node": 52,
                    "expression-node": 53,
                    "template-line-number": 249,
                    "node-pos": 95
                },
                {
                    "name": "InvestmentLineItems",
                    "part": "4",
                    "replacement-node": 55,
                    "expression-node": 56,
                    "template-line-number": 254,
                    "node-pos": 99
                },
                {
                    "name": "InvestmentLineItems",
                    "part": "5",
                    "replacement-node": 58,
                    "expression-node": 59,
                    "template-line-number": 259,
                    "node-pos": 103
                },
                {
                    "name": "InvestmentLineItems",
                    "part": "6",
                    "replacement-node": 61,
                    "expression-node": 62,
                    "template-line-number": 264,
                    "node-pos": 107
                },
                {
                    "name": "InvestmentLineItems",
                    "part": "7",
                    "replacement-node": 64,
                    "expression-node": 65,
                    "template-line-number": 269,
                    "node-pos": 111
                },
                {
                    "name": "InvestmentLineItems",
                    "part": "8",
                    "replacement-node": 67,
                    "expression-node": 68,
                    "template-line-number": 274,
                    "node-pos": 115
                },
                {
                    "name": "InvestmentLineItems",
                    "part": "9",
                    "replacement-node": 70,
                    "expression-node": 71,
                    "template-line-number": 279,
                    "node-pos": 119
                }
            ]
        },
        "rule-51": {
            "name": "TemporaryCashLineItems",
            "subs": [
                {
                    "name": "TemporaryCashLineItems",
                    "part": "10",
                    "replacement-node": 199,
                    "expression-node": 200,
                    "template-line-number": 743,
                    "node-pos": 307
                },
                {
                    "name": "TemporaryCashLineItems",
                    "part": "11",
                    "replacement-node": 202,
                    "expression-node": 203,
                    "template-line-number": 748,
                    "node-pos": 311
                },
                {
                    "name": "TemporaryCashLineItems",
                    "part": "12",
                    "replacement-node": 205,
                    "expression-node": 206,
                    "template-line-number": 753,
                    "node-pos": 315
                },
                {
                    "name": "TemporaryCashLineItems",
                    "part": "13",
                    "replacement-node": 208,
                    "expression-node": 209,
                    "template-line-number": 758,
                    "node-pos": 319
                },
                {
                    "name": "TemporaryCashLineItems",
                    "part": "2",
                    "replacement-node": 175,
                    "expression-node": 176,
                    "template-line-number": 703,
                    "node-pos": 275
                },
                {
                    "name": "TemporaryCashLineItems",
                    "part": "3",
                    "replacement-node": 178,
                    "expression-node": 179,
                    "template-line-number": 708,
                    "node-pos": 279
                },
                {
                    "name": "TemporaryCashLineItems",
                    "part": "4",
                    "replacement-node": 181,
                    "expression-node": 182,
                    "template-line-number": 713,
                    "node-pos": 283
                },
                {
                    "name": "TemporaryCashLineItems",
                    "part": "5",
                    "replacement-node": 184,
                    "expression-node": 185,
                    "template-line-number": 718,
                    "node-pos": 287
                },
                {
                    "name": "TemporaryCashLineItems",
                    "part": "6",
                    "replacement-node": 187,
                    "expression-node": 188,
                    "template-line-number": 723,
                    "node-pos": 291
                },
                {
                    "name": "TemporaryCashLineItems",
                    "part": "7",
                    "replacement-node": 190,
                    "expression-node": 191,
                    "template-line-number": 728,
                    "node-pos": 295
                },
                {
                    "name": "TemporaryCashLineItems",
                    "part": "8",
                    "replacement-node": 193,
                    "expression-node": 194,
                    "template-line-number": 733,
                    "node-pos": 299
                },
                {
                    "name": "TemporaryCashLineItems",
                    "part": "9",
                    "replacement-node": 196,
                    "expression-node": 197,
                    "template-line-number": 738,
                    "node-pos": 303
                }
            ]
        },
        "rule-52": {
            "name": "OtherInvestmentsLineItems",
            "subs": [
                {
                    "name": "OtherInvestmentsLineItems",
                    "part": "10",
                    "replacement-node": 136,
                    "expression-node": 137,
                    "template-line-number": 519,
                    "node-pos": 215
                },
                {
                    "name": "OtherInvestmentsLineItems",
                    "part": "11",
                    "replacement-node": 139,
                    "expression-node": 140,
                    "template-line-number": 524,
                    "node-pos": 219
                },
                {
                    "name": "OtherInvestmentsLineItems",
                    "part": "12",
                    "replacement-node": 142,
                    "expression-node": 143,
                    "template-line-number": 529,
                    "node-pos": 223
                },
                {
                    "name": "OtherInvestmentsLineItems",
                    "part": "13",
                    "replacement-node": 145,
                    "expression-node": 146,
                    "template-line-number": 534,
                    "node-pos": 227
                },
                {
                    "name": "OtherInvestmentsLineItems",
                    "part": "2",
                    "replacement-node": 112,
                    "expression-node": 113,
                    "template-line-number": 479,
                    "node-pos": 183
                },
                {
                    "name": "OtherInvestmentsLineItems",
                    "part": "3",
                    "replacement-node": 115,
                    "expression-node": 116,
                    "template-line-number": 484,
                    "node-pos": 187
                },
                {
                    "name": "OtherInvestmentsLineItems",
                    "part": "4",
                    "replacement-node": 118,
                    "expression-node": 119,
                    "template-line-number": 489,
                    "node-pos": 191
                },
                {
                    "name": "OtherInvestmentsLineItems",
                    "part": "5",
                    "replacement-node": 121,
                    "expression-node": 122,
                    "template-line-number": 494,
                    "node-pos": 195
                },
                {
                    "name": "OtherInvestmentsLineItems",
                    "part": "6",
                    "replacement-node": 124,
                    "expression-node": 125,
                    "template-line-number": 499,
                    "node-pos": 199
                },
                {
                    "name": "OtherInvestmentsLineItems",
                    "part": "7",
                    "replacement-node": 127,
                    "expression-node": 128,
                    "template-line-number": 504,
                    "node-pos": 203
                },
                {
                    "name": "OtherInvestmentsLineItems",
                    "part": "8",
                    "replacement-node": 130,
                    "expression-node": 131,
                    "template-line-number": 509,
                    "node-pos": 207
                },
                {
                    "name": "OtherInvestmentsLineItems",
                    "part": "9",
                    "replacement-node": 133,
                    "expression-node": 134,
                    "template-line-number": 514,
                    "node-pos": 211
                }
            ]
        },
        "rule-53": {
            "name": "InvHeadings",
            "subs": [
                {
                    "name": "InvHeadings",
                    "part": "1",
                    "replacement-node": 40,
                    "template-line-number": 144,
                    "extras": {},
                    "node-pos": 78
                },
                {
                    "name": "InvHeadings",
                    "part": "2",
                    "replacement-node": 43,
                    "template-line-number": 153,
                    "extras": {},
                    "node-pos": 82
                },
                {
                    "name": "InvHeadings",
                    "part": "3",
                    "replacement-node": 38,
                    "template-line-number": 140,
                    "extras": {},
                    "node-pos": 76
                }
            ]
        }
    },
    "line-numbers": {
        "InvestmentLineItems": [
            {
                "line-number-node": 47,
                "start-number": 1,
                "template-line-number": 241
            }
        ],
        "OtherInvestmentsLineItems": [
            {
                "line-number-node": 110,
                "start-number": 1,
                "template-line-number": 475
            }
        ],
        "TemporaryCashLineItems": [
            {
                "line-number-node": 173,
                "start-number": 1,
                "template-line-number": 700
            }
        ],
        "AllInvestmentLineItems": [
            {
                "line-number-node": 236,
                "start-number": 1,
                "template-line-number": 924
            }
        ]
    },
    "showifs": {
        "rule-1": {
            "type": "showif",
            "template-line-number": 17
        }
    },
    "footnotes": {},
    "standard-rules": [
        "rule-2",
        "rule-3",
        "rule-4",
        "rule-5",
        "rule-6",
        "rule-7",
        "rule-8",
        "rule-9",
        "rule-10",
        "rule-11",
        "rule-12",
        "rule-13",
        "rule-14",
        "rule-15",
        "rule-16",
        "rule-17",
        "rule-18",
        "rule-19",
        "rule-20",
        "rule-21",
        "rule-22",
        "rule-23",
        "rule-24",
        "rule-25",
        "rule-26",
        "rule-27",
        "rule-28",
        "rule-29",
        "rule-30",
        "rule-31",
        "rule-32",
        "rule-33",
        "rule-34",
        "rule-35",
        "rule-36",
        "rule-37",
        "rule-38",
        "rule-39",
        "rule-40",
        "rule-41",
        "rule-42",
        "rule-43",
        "rule-44",
        "rule-45",
        "rule-46",
        "rule-47",
        "rule-48",
        "rule-49",
        "rule-50",
        "rule-51",
        "rule-52",
        "rule-53"
    ],
    "footnote-rules": []
}