{
    "substitutions": {
        "rule-2": [
            {
                "part": null,
                "replacement-node": 1,
                "template-line-number": 27,
                "node-pos": 10
            }
        ],
        "rule-3": [
            {
                "part": null,
                "replacement-node": 4,
                "expression-node": 5,
                "template-line-number": 32,
                "node-pos": 14
            }
        ],
        "rule-4": [
            {
                "part": null,
                "replacement-node": 7,
                "template-line-number": 38,
                "node-pos": 18
            }
        ],
        "rule-5": [
            {
                "part": null,
                "replacement-node": 10,
                "template-line-number": 44,
                "node-pos": 22,
                "html": true
            }
        ],
        "rule-6": [
            {
                "part": null,
                "replacement-node": 13,
                "template-line-number": 56,
                "node-pos": 27,
                "html": true
            }
        ],
        "rule-7": [
            {
                "part": null,
                "replacement-node": 16,
                "template-line-number": 68,
                "node-pos": 32
            }
        ],
        "rule-8": [
            {
                "part": null,
                "replacement-node": 19,
                "expression-node": 20,
                "template-line-number": 73,
                "node-pos": 36
            }
        ],
        "rule-9": [
            {
                "part": null,
                "replacement-node": 22,
                "template-line-number": 79,
                "node-pos": 40
            }
        ],
        "rule-10": [
            {
                "part": null,
                "replacement-node": 25,
                "expression-node": 26,
                "template-line-number": 84,
                "node-pos": 44
            }
        ],
        "rule-11": [
            {
                "part": null,
                "replacement-node": 28,
                "expression-node": 29,
                "template-line-number": 89,
                "node-pos": 48
            }
        ],
        "rule-12": [
            {
                "part": null,
                "replacement-node": 31,
                "template-line-number": 100,
                "node-pos": 54
            }
        ],
        "rule-13": [
            {
                "part": null,
                "replacement-node": 34,
                "template-line-number": 111,
                "node-pos": 59
            }
        ],
        "rule-14": [
            {
                "part": null,
                "replacement-node": 37,
                "expression-node": 38,
                "template-line-number": 119,
                "node-pos": 63
            }
        ],
        "rule-15": [
            {
                "part": null,
                "replacement-node": 40,
                "expression-node": 41,
                "template-line-number": 129,
                "node-pos": 66
            }
        ],
        "rule-16": [
            {
                "part": null,
                "replacement-node": 43,
                "expression-node": 44,
                "template-line-number": 137,
                "node-pos": 70
            }
        ],
        "rule-17": [
            {
                "part": null,
                "replacement-node": 46,
                "expression-node": 47,
                "template-line-number": 145,
                "node-pos": 74
            }
        ],
        "rule-18": [
            {
                "part": null,
                "replacement-node": 49,
                "template-line-number": 157,
                "node-pos": 79
            }
        ],
        "rule-19": [
            {
                "part": null,
                "replacement-node": 52,
                "expression-node": 53,
                "template-line-number": 167,
                "node-pos": 85
            }
        ],
        "rule-20": [
            {
                "part": null,
                "replacement-node": 55,
                "expression-node": 56,
                "template-line-number": 176,
                "node-pos": 88
            }
        ],
        "rule-21": [
            {
                "part": null,
                "replacement-node": 58,
                "expression-node": 59,
                "template-line-number": 187,
                "node-pos": 93
            }
        ],
        "rule-22": [
            {
                "part": null,
                "replacement-node": 61,
                "template-line-number": 200,
                "node-pos": 98
            }
        ],
        "rule-23": [
            {
                "part": null,
                "replacement-node": 64,
                "expression-node": 65,
                "template-line-number": 209,
                "node-pos": 101
            }
        ],
        "rule-24": [
            {
                "part": null,
                "replacement-node": 67,
                "template-line-number": 219,
                "node-pos": 106
            }
        ],
        "rule-25": [
            {
                "part": null,
                "replacement-node": 70,
                "expression-node": 71,
                "template-line-number": 227,
                "node-pos": 109
            }
        ],
        "rule-26": [
            {
                "part": null,
                "replacement-node": 73,
                "template-line-number": 236,
                "node-pos": 113
            }
        ],
        "rule-27": [
            {
                "part": null,
                "replacement-node": 76,
                "template-line-number": 247,
                "node-pos": 118
            }
        ],
        "rule-28": [
            {
                "part": null,
                "replacement-node": 79,
                "expression-node": 80,
                "template-line-number": 258,
                "node-pos": 123
            }
        ],
        "rule-29": [
            {
                "part": null,
                "replacement-node": 82,
                "expression-node": 83,
                "template-line-number": 269,
                "node-pos": 127
            }
        ],
        "rule-30": [
            {
                "part": null,
                "replacement-node": 85,
                "expression-node": 86,
                "template-line-number": 280,
                "node-pos": 132
            }
        ],
        "rule-31": [
            {
                "part": null,
                "replacement-node": 88,
                "expression-node": 89,
                "template-line-number": 291,
                "node-pos": 137
            }
        ],
        "rule-32": [
            {
                "part": null,
                "replacement-node": 91,
                "expression-node": 92,
                "template-line-number": 304,
                "node-pos": 142
            }
        ],
        "rule-33": [
            {
                "part": null,
                "replacement-node": 94,
                "template-line-number": 320,
                "node-pos": 149
            }
        ],
        "rule-34": [
            {
                "part": null,
                "replacement-node": 97,
                "expression-node": 98,
                "template-line-number": 328,
                "node-pos": 153
            }
        ],
        "rule-35": [
            {
                "part": null,
                "replacement-node": 100,
                "template-line-number": 340,
                "node-pos": 159,
                "html": true
            }
        ],
        "rule-36": [
            {
                "part": null,
                "replacement-node": 103,
                "template-line-number": 351,
                "node-pos": 164,
                "html": true
            }
        ],
        "rule-37": [
            {
                "part": null,
                "replacement-node": 106,
                "expression-node": 107,
                "template-line-number": 364,
                "node-pos": 168
            }
        ],
        "rule-38": [
            {
                "part": null,
                "replacement-node": 109,
                "template-line-number": 376,
                "node-pos": 173,
                "html": true
            }
        ],
        "rule-39": [
            {
                "part": null,
                "replacement-node": 112,
                "expression-node": 113,
                "template-line-number": 395,
                "node-pos": 179
            }
        ],
        "rule-40": [
            {
                "part": null,
                "replacement-node": 115,
                "template-line-number": 400,
                "node-pos": 183
            }
        ],
        "rule-41": [
            {
                "part": null,
                "replacement-node": 118,
                "template-line-number": 409,
                "node-pos": 187
            }
        ]
    },
    "line-numbers": {},
    "showifs": {
        "rule-1": {
            "type": "showif",
            "template-line-number": 17
        }
    },
    "footnotes": {},
    "standard-rules": [
        "rule-2",
        "rule-3",
        "rule-4",
        "rule-5",
        "rule-6",
        "rule-7",
        "rule-8",
        "rule-9",
        "rule-10",
        "rule-11",
        "rule-12",
        "rule-13",
        "rule-14",
        "rule-15",
        "rule-16",
        "rule-17",
        "rule-18",
        "rule-19",
        "rule-20",
        "rule-21",
        "rule-22",
        "rule-23",
        "rule-24",
        "rule-25",
        "rule-26",
        "rule-27",
        "rule-28",
        "rule-29",
        "rule-30",
        "rule-31",
        "rule-32",
        "rule-33",
        "rule-34",
        "rule-35",
        "rule-36",
        "rule-37",
        "rule-38",
        "rule-39",
        "rule-40",
        "rule-41"
    ],
    "footnote-rules": []
}