{
    "substitutions": {
        "rule-2": [
            {
                "part": null,
                "replacement-node": 1,
                "template-line-number": 27,
                "node-pos": 10
            }
        ],
        "rule-3": [
            {
                "part": null,
                "replacement-node": 4,
                "expression-node": 5,
                "template-line-number": 31,
                "node-pos": 14
            }
        ],
        "rule-4": [
            {
                "part": null,
                "replacement-node": 7,
                "template-line-number": 37,
                "node-pos": 18
            }
        ],
        "rule-5": [
            {
                "part": null,
                "replacement-node": 10,
                "template-line-number": 43,
                "node-pos": 22,
                "html": true
            }
        ],
        "rule-6": [
            {
                "part": null,
                "replacement-node": 13,
                "template-line-number": 55,
                "node-pos": 27,
                "html": true
            }
        ],
        "rule-7": [
            {
                "part": null,
                "replacement-node": 16,
                "template-line-number": 66,
                "node-pos": 32
            }
        ],
        "rule-8": [
            {
                "part": null,
                "replacement-node": 19,
                "expression-node": 20,
                "template-line-number": 70,
                "node-pos": 36
            }
        ],
        "rule-9": [
            {
                "part": null,
                "replacement-node": 22,
                "template-line-number": 75,
                "node-pos": 40
            }
        ],
        "rule-10": [
            {
                "part": null,
                "replacement-node": 25,
                "expression-node": 26,
                "template-line-number": 79,
                "node-pos": 44
            }
        ],
        "rule-11": [
            {
                "part": null,
                "replacement-node": 28,
                "expression-node": 29,
                "template-line-number": 84,
                "node-pos": 48
            }
        ],
        "rule-12": [
            {
                "part": null,
                "replacement-node": 31,
                "template-line-number": 94,
                "node-pos": 54
            }
        ],
        "rule-13": [
            {
                "part": null,
                "replacement-node": 34,
                "template-line-number": 105,
                "node-pos": 59,
                "html": true
            }
        ],
        "rule-14": [
            {
                "part": null,
                "replacement-node": 44,
                "template-line-number": 149,
                "node-pos": 79
            }
        ],
        "rule-15": [
            {
                "part": null,
                "replacement-node": 47,
                "template-line-number": 167,
                "node-pos": 89
            }
        ],
        "rule-16": [
            {
                "part": null,
                "replacement-node": 50,
                "expression-node": 51,
                "template-line-number": 184,
                "node-pos": 93
            }
        ],
        "rule-17": [
            {
                "part": null,
                "replacement-node": 53,
                "template-line-number": 198,
                "node-pos": 102
            }
        ],
        "rule-18": [
            {
                "part": null,
                "replacement-node": 76,
                "template-line-number": 291,
                "node-pos": 140
            }
        ],
        "rule-19": [
            {
                "part": null,
                "replacement-node": 95,
                "template-line-number": 378,
                "node-pos": 172
            }
        ],
        "rule-20": [
            {
                "part": null,
                "replacement-node": 98,
                "expression-node": 99,
                "template-line-number": 390,
                "node-pos": 177
            }
        ],
        "rule-21": [
            {
                "part": null,
                "replacement-node": 101,
                "expression-node": 102,
                "template-line-number": 399,
                "node-pos": 181
            }
        ],
        "rule-22": [
            {
                "part": null,
                "replacement-node": 104,
                "expression-node": 105,
                "template-line-number": 408,
                "node-pos": 185
            }
        ],
        "rule-23": [
            {
                "part": null,
                "replacement-node": 107,
                "template-line-number": 422,
                "node-pos": 191
            }
        ],
        "rule-24": [
            {
                "part": null,
                "replacement-node": 130,
                "template-line-number": 515,
                "node-pos": 229
            }
        ],
        "rule-25": [
            {
                "part": null,
                "replacement-node": 149,
                "template-line-number": 602,
                "node-pos": 261
            }
        ],
        "rule-26": [
            {
                "part": null,
                "replacement-node": 152,
                "expression-node": 153,
                "template-line-number": 614,
                "node-pos": 266
            }
        ],
        "rule-27": [
            {
                "part": null,
                "replacement-node": 155,
                "expression-node": 156,
                "template-line-number": 623,
                "node-pos": 270
            }
        ],
        "rule-28": [
            {
                "part": null,
                "replacement-node": 158,
                "expression-node": 159,
                "template-line-number": 632,
                "node-pos": 274
            }
        ],
        "rule-29": [
            {
                "part": null,
                "replacement-node": 161,
                "template-line-number": 647,
                "node-pos": 280
            }
        ],
        "rule-30": [
            {
                "part": null,
                "replacement-node": 184,
                "template-line-number": 739,
                "node-pos": 318
            }
        ],
        "rule-31": [
            {
                "part": null,
                "replacement-node": 203,
                "template-line-number": 827,
                "node-pos": 350
            }
        ],
        "rule-32": [
            {
                "part": null,
                "replacement-node": 206,
                "expression-node": 207,
                "template-line-number": 839,
                "node-pos": 355
            }
        ],
        "rule-33": [
            {
                "part": null,
                "replacement-node": 209,
                "expression-node": 210,
                "template-line-number": 848,
                "node-pos": 359
            }
        ],
        "rule-34": [
            {
                "part": null,
                "replacement-node": 212,
                "expression-node": 213,
                "template-line-number": 857,
                "node-pos": 363
            }
        ],
        "rule-35": [
            {
                "part": null,
                "replacement-node": 215,
                "template-line-number": 872,
                "node-pos": 369
            }
        ],
        "rule-36": [
            {
                "part": null,
                "replacement-node": 218,
                "template-line-number": 890,
                "node-pos": 379
            }
        ],
        "rule-37": [
            {
                "part": null,
                "replacement-node": 221,
                "expression-node": 222,
                "template-line-number": 907,
                "node-pos": 383
            }
        ],
        "rule-38": [
            {
                "part": null,
                "replacement-node": 244,
                "template-line-number": 996,
                "node-pos": 420
            }
        ],
        "rule-39": [
            {
                "part": null,
                "replacement-node": 263,
                "template-line-number": 1083,
                "node-pos": 452
            }
        ],
        "rule-40": [
            {
                "part": null,
                "replacement-node": 266,
                "expression-node": 267,
                "template-line-number": 1095,
                "node-pos": 457
            }
        ],
        "rule-41": [
            {
                "part": null,
                "replacement-node": 269,
                "expression-node": 270,
                "template-line-number": 1104,
                "node-pos": 461
            }
        ],
        "rule-42": [
            {
                "part": null,
                "replacement-node": 272,
                "expression-node": 273,
                "template-line-number": 1113,
                "node-pos": 465
            }
        ],
        "rule-43": [
            {
                "part": null,
                "replacement-node": 275,
                "template-line-number": 1127,
                "node-pos": 471
            }
        ],
        "rule-44": [
            {
                "part": null,
                "replacement-node": 298,
                "template-line-number": 1219,
                "node-pos": 509
            }
        ],
        "rule-45": [
            {
                "part": null,
                "replacement-node": 317,
                "template-line-number": 1306,
                "node-pos": 541
            }
        ],
        "rule-46": [
            {
                "part": null,
                "replacement-node": 320,
                "expression-node": 321,
                "template-line-number": 1318,
                "node-pos": 546
            }
        ],
        "rule-47": [
            {
                "part": null,
                "replacement-node": 323,
                "expression-node": 324,
                "template-line-number": 1327,
                "node-pos": 550
            }
        ],
        "rule-48": [
            {
                "part": null,
                "replacement-node": 326,
                "expression-node": 327,
                "template-line-number": 1336,
                "node-pos": 554
            }
        ],
        "rule-49": [
            {
                "part": null,
                "replacement-node": 329,
                "template-line-number": 1349,
                "node-pos": 560
            }
        ],
        "rule-50": [
            {
                "part": null,
                "replacement-node": 352,
                "template-line-number": 1440,
                "node-pos": 598
            }
        ],
        "rule-51": [
            {
                "part": null,
                "replacement-node": 371,
                "template-line-number": 1529,
                "node-pos": 630
            }
        ],
        "rule-52": [
            {
                "part": null,
                "replacement-node": 374,
                "expression-node": 375,
                "template-line-number": 1541,
                "node-pos": 635
            }
        ],
        "rule-53": [
            {
                "part": null,
                "replacement-node": 377,
                "expression-node": 378,
                "template-line-number": 1550,
                "node-pos": 639
            }
        ],
        "rule-54": [
            {
                "part": null,
                "replacement-node": 380,
                "expression-node": 381,
                "template-line-number": 1559,
                "node-pos": 643
            }
        ],
        "rule-55": [
            {
                "part": null,
                "replacement-node": 383,
                "expression-node": 384,
                "template-line-number": 1572,
                "node-pos": 649
            }
        ],
        "rule-56": [
            {
                "part": null,
                "replacement-node": 386,
                "template-line-number": 1577,
                "node-pos": 653
            }
        ],
        "rule-57": [
            {
                "part": null,
                "replacement-node": 389,
                "template-line-number": 1586,
                "node-pos": 657
            }
        ],
        "rule-58": {
            "name": "TransportedLineItems",
            "subs": [
                {
                    "name": "TransportedLineItems",
                    "part": "2",
                    "replacement-node": 83,
                    "expression-node": 84,
                    "template-line-number": 353,
                    "node-pos": 154
                },
                {
                    "name": "TransportedLineItems",
                    "part": "3",
                    "replacement-node": 86,
                    "expression-node": 87,
                    "template-line-number": 358,
                    "node-pos": 158
                },
                {
                    "name": "TransportedLineItems",
                    "part": "4",
                    "replacement-node": 89,
                    "expression-node": 90,
                    "template-line-number": 363,
                    "node-pos": 162
                },
                {
                    "name": "TransportedLineItems",
                    "part": "5",
                    "replacement-node": 92,
                    "expression-node": 93,
                    "template-line-number": 368,
                    "node-pos": 166
                }
            ]
        },
        "rule-59": {
            "name": "TransportedLineItems3",
            "subs": [
                {
                    "name": "TransportedLineItems3",
                    "part": "2",
                    "replacement-node": 251,
                    "expression-node": 252,
                    "template-line-number": 1058,
                    "node-pos": 434
                },
                {
                    "name": "TransportedLineItems3",
                    "part": "3",
                    "replacement-node": 254,
                    "expression-node": 255,
                    "template-line-number": 1063,
                    "node-pos": 438
                },
                {
                    "name": "TransportedLineItems3",
                    "part": "4",
                    "replacement-node": 257,
                    "expression-node": 258,
                    "template-line-number": 1068,
                    "node-pos": 442
                },
                {
                    "name": "TransportedLineItems3",
                    "part": "5",
                    "replacement-node": 260,
                    "expression-node": 261,
                    "template-line-number": 1073,
                    "node-pos": 446
                }
            ]
        },
        "rule-60": {
            "name": "StorageContractLineItems",
            "subs": [
                {
                    "name": "StorageContractLineItems",
                    "part": "1",
                    "replacement-node": 111,
                    "template-line-number": 472,
                    "extras": {},
                    "node-pos": 201
                },
                {
                    "name": "StorageContractLineItems",
                    "part": "2",
                    "replacement-node": 116,
                    "expression-node": 117,
                    "template-line-number": 483,
                    "node-pos": 209
                },
                {
                    "name": "StorageContractLineItems",
                    "part": "4",
                    "replacement-node": 121,
                    "expression-node": 122,
                    "template-line-number": 493,
                    "node-pos": 215
                },
                {
                    "name": "StorageContractLineItems",
                    "part": "5",
                    "replacement-node": 124,
                    "expression-node": 125,
                    "template-line-number": 499,
                    "node-pos": 219
                },
                {
                    "name": "StorageContractLineItems",
                    "part": "6",
                    "replacement-node": 114,
                    "template-line-number": 479,
                    "extras": {},
                    "node-pos": 207
                },
                {
                    "name": "StorageContractLineItems",
                    "part": "6",
                    "replacement-node": 127,
                    "expression-node": 128,
                    "template-line-number": 505,
                    "node-pos": 223
                }
            ]
        },
        "rule-61": {
            "name": "TransmissionLineItems",
            "subs": [
                {
                    "name": "TransmissionLineItems",
                    "part": "1",
                    "replacement-node": 57,
                    "template-line-number": 249,
                    "extras": {},
                    "node-pos": 112
                },
                {
                    "name": "TransmissionLineItems",
                    "part": "2",
                    "replacement-node": 62,
                    "expression-node": 63,
                    "template-line-number": 260,
                    "node-pos": 120
                },
                {
                    "name": "TransmissionLineItems",
                    "part": "4",
                    "replacement-node": 67,
                    "expression-node": 68,
                    "template-line-number": 270,
                    "node-pos": 126
                },
                {
                    "name": "TransmissionLineItems",
                    "part": "5",
                    "replacement-node": 70,
                    "expression-node": 71,
                    "template-line-number": 276,
                    "node-pos": 130
                },
                {
                    "name": "TransmissionLineItems",
                    "part": "6",
                    "replacement-node": 60,
                    "template-line-number": 256,
                    "extras": {},
                    "node-pos": 118
                },
                {
                    "name": "TransmissionLineItems",
                    "part": "6",
                    "replacement-node": 73,
                    "expression-node": 74,
                    "template-line-number": 282,
                    "node-pos": 134
                }
            ]
        },
        "rule-62": {
            "name": "Headings",
            "subs": [
                {
                    "name": "Headings",
                    "part": "1",
                    "replacement-node": 38,
                    "template-line-number": 130,
                    "extras": {},
                    "node-pos": 69
                },
                {
                    "name": "Headings",
                    "part": "2",
                    "replacement-node": 41,
                    "template-line-number": 137,
                    "extras": {},
                    "node-pos": 73
                }
            ]
        },
        "rule-63": {
            "name": "OtherOperationalLineItems3",
            "subs": [
                {
                    "name": "OtherOperationalLineItems3",
                    "part": "2",
                    "replacement-node": 359,
                    "expression-node": 360,
                    "template-line-number": 1504,
                    "node-pos": 612
                },
                {
                    "name": "OtherOperationalLineItems3",
                    "part": "3",
                    "replacement-node": 362,
                    "expression-node": 363,
                    "template-line-number": 1509,
                    "node-pos": 616
                },
                {
                    "name": "OtherOperationalLineItems3",
                    "part": "4",
                    "replacement-node": 365,
                    "expression-node": 366,
                    "template-line-number": 1514,
                    "node-pos": 620
                },
                {
                    "name": "OtherOperationalLineItems3",
                    "part": "5",
                    "replacement-node": 368,
                    "expression-node": 369,
                    "template-line-number": 1519,
                    "node-pos": 624
                }
            ]
        },
        "rule-64": {
            "name": "WithdrawnLineItems",
            "subs": [
                {
                    "name": "WithdrawnLineItems",
                    "part": "2",
                    "replacement-node": 137,
                    "expression-node": 138,
                    "template-line-number": 577,
                    "node-pos": 243
                },
                {
                    "name": "WithdrawnLineItems",
                    "part": "3",
                    "replacement-node": 140,
                    "expression-node": 141,
                    "template-line-number": 582,
                    "node-pos": 247
                },
                {
                    "name": "WithdrawnLineItems",
                    "part": "4",
                    "replacement-node": 143,
                    "expression-node": 144,
                    "template-line-number": 587,
                    "node-pos": 251
                },
                {
                    "name": "WithdrawnLineItems",
                    "part": "5",
                    "replacement-node": 146,
                    "expression-node": 147,
                    "template-line-number": 592,
                    "node-pos": 255
                }
            ]
        },
        "rule-65": {
            "name": "StorageContractLineItems3",
            "subs": [
                {
                    "name": "StorageContractLineItems3",
                    "part": "1",
                    "replacement-node": 279,
                    "template-line-number": 1177,
                    "extras": {},
                    "node-pos": 481
                },
                {
                    "name": "StorageContractLineItems3",
                    "part": "2",
                    "replacement-node": 284,
                    "expression-node": 285,
                    "template-line-number": 1188,
                    "node-pos": 489
                },
                {
                    "name": "StorageContractLineItems3",
                    "part": "4",
                    "replacement-node": 289,
                    "expression-node": 290,
                    "template-line-number": 1198,
                    "node-pos": 495
                },
                {
                    "name": "StorageContractLineItems3",
                    "part": "5",
                    "replacement-node": 292,
                    "expression-node": 293,
                    "template-line-number": 1204,
                    "node-pos": 499
                },
                {
                    "name": "StorageContractLineItems3",
                    "part": "6",
                    "replacement-node": 282,
                    "template-line-number": 1184,
                    "extras": {},
                    "node-pos": 487
                },
                {
                    "name": "StorageContractLineItems3",
                    "part": "6",
                    "replacement-node": 295,
                    "expression-node": 296,
                    "template-line-number": 1210,
                    "node-pos": 503
                }
            ]
        },
        "rule-66": {
            "name": "OtherOperationalLineItems",
            "subs": [
                {
                    "name": "OtherOperationalLineItems",
                    "part": "2",
                    "replacement-node": 191,
                    "expression-node": 192,
                    "template-line-number": 802,
                    "node-pos": 332
                },
                {
                    "name": "OtherOperationalLineItems",
                    "part": "3",
                    "replacement-node": 194,
                    "expression-node": 195,
                    "template-line-number": 807,
                    "node-pos": 336
                },
                {
                    "name": "OtherOperationalLineItems",
                    "part": "4",
                    "replacement-node": 197,
                    "expression-node": 198,
                    "template-line-number": 812,
                    "node-pos": 340
                },
                {
                    "name": "OtherOperationalLineItems",
                    "part": "5",
                    "replacement-node": 200,
                    "expression-node": 201,
                    "template-line-number": 817,
                    "node-pos": 344
                }
            ]
        },
        "rule-67": {
            "name": "ThreeTransmissionLineItems",
            "subs": [
                {
                    "name": "ThreeTransmissionLineItems",
                    "part": "1",
                    "replacement-node": 225,
                    "template-line-number": 953,
                    "extras": {},
                    "node-pos": 392
                },
                {
                    "name": "ThreeTransmissionLineItems",
                    "part": "2",
                    "replacement-node": 230,
                    "expression-node": 231,
                    "template-line-number": 964,
                    "node-pos": 400
                },
                {
                    "name": "ThreeTransmissionLineItems",
                    "part": "4",
                    "replacement-node": 235,
                    "expression-node": 236,
                    "template-line-number": 974,
                    "node-pos": 406
                },
                {
                    "name": "ThreeTransmissionLineItems",
                    "part": "5",
                    "replacement-node": 238,
                    "expression-node": 239,
                    "template-line-number": 980,
                    "node-pos": 410
                },
                {
                    "name": "ThreeTransmissionLineItems",
                    "part": "6",
                    "replacement-node": 228,
                    "template-line-number": 960,
                    "extras": {},
                    "node-pos": 398
                },
                {
                    "name": "ThreeTransmissionLineItems",
                    "part": "6",
                    "replacement-node": 241,
                    "expression-node": 242,
                    "template-line-number": 986,
                    "node-pos": 414
                }
            ]
        },
        "rule-68": {
            "name": "OperationalLineItems3",
            "subs": [
                {
                    "name": "OperationalLineItems3",
                    "part": "1",
                    "replacement-node": 333,
                    "template-line-number": 1399,
                    "extras": {},
                    "node-pos": 570
                },
                {
                    "name": "OperationalLineItems3",
                    "part": "2",
                    "replacement-node": 338,
                    "expression-node": 339,
                    "template-line-number": 1410,
                    "node-pos": 578
                },
                {
                    "name": "OperationalLineItems3",
                    "part": "4",
                    "replacement-node": 343,
                    "expression-node": 344,
                    "template-line-number": 1419,
                    "node-pos": 584
                },
                {
                    "name": "OperationalLineItems3",
                    "part": "5",
                    "replacement-node": 346,
                    "expression-node": 347,
                    "template-line-number": 1425,
                    "node-pos": 588
                },
                {
                    "name": "OperationalLineItems3",
                    "part": "6",
                    "replacement-node": 336,
                    "template-line-number": 1406,
                    "extras": {},
                    "node-pos": 576
                },
                {
                    "name": "OperationalLineItems3",
                    "part": "6",
                    "replacement-node": 349,
                    "expression-node": 350,
                    "template-line-number": 1431,
                    "node-pos": 592
                }
            ]
        },
        "rule-69": {
            "name": "WithdrawnLineItems3",
            "subs": [
                {
                    "name": "WithdrawnLineItems3",
                    "part": "2",
                    "replacement-node": 305,
                    "expression-node": 306,
                    "template-line-number": 1281,
                    "node-pos": 523
                },
                {
                    "name": "WithdrawnLineItems3",
                    "part": "3",
                    "replacement-node": 308,
                    "expression-node": 309,
                    "template-line-number": 1286,
                    "node-pos": 527
                },
                {
                    "name": "WithdrawnLineItems3",
                    "part": "4",
                    "replacement-node": 311,
                    "expression-node": 312,
                    "template-line-number": 1291,
                    "node-pos": 531
                },
                {
                    "name": "WithdrawnLineItems3",
                    "part": "5",
                    "replacement-node": 314,
                    "expression-node": 315,
                    "template-line-number": 1296,
                    "node-pos": 535
                }
            ]
        },
        "rule-70": {
            "name": "OperationalLineItems",
            "subs": [
                {
                    "name": "OperationalLineItems",
                    "part": "1",
                    "replacement-node": 165,
                    "template-line-number": 697,
                    "extras": {},
                    "node-pos": 290
                },
                {
                    "name": "OperationalLineItems",
                    "part": "2",
                    "replacement-node": 170,
                    "expression-node": 171,
                    "template-line-number": 708,
                    "node-pos": 298
                },
                {
                    "name": "OperationalLineItems",
                    "part": "4",
                    "replacement-node": 175,
                    "expression-node": 176,
                    "template-line-number": 718,
                    "node-pos": 304
                },
                {
                    "name": "OperationalLineItems",
                    "part": "5",
                    "replacement-node": 178,
                    "expression-node": 179,
                    "template-line-number": 724,
                    "node-pos": 308
                },
                {
                    "name": "OperationalLineItems",
                    "part": "6",
                    "replacement-node": 168,
                    "template-line-number": 704,
                    "extras": {},
                    "node-pos": 296
                },
                {
                    "name": "OperationalLineItems",
                    "part": "6",
                    "replacement-node": 181,
                    "expression-node": 182,
                    "template-line-number": 730,
                    "node-pos": 312
                }
            ]
        }
    },
    "line-numbers": {
        "TransportedLineItems": [
            {
                "line-number-node": 80,
                "start-number": 6,
                "template-line-number": 350,
                "sub-number": true
            }
        ],
        "WithdrawnLineItems": [
            {
                "line-number-node": 134,
                "start-number": 12,
                "template-line-number": 574,
                "sub-number": true
            }
        ],
        "OtherOperationalLineItems": [
            {
                "line-number-node": 188,
                "start-number": 17,
                "template-line-number": 799,
                "sub-number": true
            }
        ],
        "TransportedLineItems3": [
            {
                "line-number-node": 248,
                "start-number": 25,
                "template-line-number": 1055,
                "sub-number": true
            }
        ],
        "WithdrawnLineItems3": [
            {
                "line-number-node": 302,
                "start-number": 31,
                "template-line-number": 1278,
                "sub-number": true
            }
        ],
        "OtherOperationalLineItems3": [
            {
                "line-number-node": 356,
                "start-number": 36,
                "template-line-number": 1501,
                "sub-number": true
            }
        ]
    },
    "showifs": {
        "rule-1": {
            "type": "showif",
            "template-line-number": 17
        }
    },
    "footnotes": {},
    "standard-rules": [
        "rule-2",
        "rule-3",
        "rule-4",
        "rule-5",
        "rule-6",
        "rule-7",
        "rule-8",
        "rule-9",
        "rule-10",
        "rule-11",
        "rule-12",
        "rule-13",
        "rule-14",
        "rule-15",
        "rule-16",
        "rule-17",
        "rule-18",
        "rule-19",
        "rule-20",
        "rule-21",
        "rule-22",
        "rule-23",
        "rule-24",
        "rule-25",
        "rule-26",
        "rule-27",
        "rule-28",
        "rule-29",
        "rule-30",
        "rule-31",
        "rule-32",
        "rule-33",
        "rule-34",
        "rule-35",
        "rule-36",
        "rule-37",
        "rule-38",
        "rule-39",
        "rule-40",
        "rule-41",
        "rule-42",
        "rule-43",
        "rule-44",
        "rule-45",
        "rule-46",
        "rule-47",
        "rule-48",
        "rule-49",
        "rule-50",
        "rule-51",
        "rule-52",
        "rule-53",
        "rule-54",
        "rule-55",
        "rule-56",
        "rule-57",
        "rule-58",
        "rule-59",
        "rule-60",
        "rule-61",
        "rule-62",
        "rule-63",
        "rule-64",
        "rule-65",
        "rule-66",
        "rule-67",
        "rule-68",
        "rule-69",
        "rule-70"
    ],
    "footnote-rules": []
}