{
    "substitutions": {
        "rule-2": [
            {
                "part": null,
                "replacement-node": 1,
                "template-line-number": 32,
                "node-pos": 10
            }
        ],
        "rule-3": [
            {
                "part": null,
                "replacement-node": 4,
                "expression-node": 5,
                "template-line-number": 38,
                "node-pos": 14
            }
        ],
        "rule-4": [
            {
                "part": null,
                "replacement-node": 7,
                "template-line-number": 44,
                "node-pos": 18
            }
        ],
        "rule-5": [
            {
                "part": null,
                "replacement-node": 10,
                "template-line-number": 50,
                "node-pos": 22,
                "html": true
            }
        ],
        "rule-6": [
            {
                "part": null,
                "replacement-node": 13,
                "template-line-number": 62,
                "node-pos": 27,
                "html": true
            }
        ],
        "rule-7": [
            {
                "part": null,
                "replacement-node": 16,
                "template-line-number": 73,
                "node-pos": 32
            }
        ],
        "rule-8": [
            {
                "part": null,
                "replacement-node": 19,
                "expression-node": 20,
                "template-line-number": 78,
                "node-pos": 36
            }
        ],
        "rule-9": [
            {
                "part": null,
                "replacement-node": 22,
                "template-line-number": 83,
                "node-pos": 40
            }
        ],
        "rule-10": [
            {
                "part": null,
                "replacement-node": 25,
                "expression-node": 26,
                "template-line-number": 88,
                "node-pos": 44
            }
        ],
        "rule-11": [
            {
                "part": null,
                "replacement-node": 28,
                "expression-node": 29,
                "template-line-number": 93,
                "node-pos": 48
            }
        ],
        "rule-12": [
            {
                "part": null,
                "replacement-node": 31,
                "template-line-number": 103,
                "node-pos": 54
            }
        ],
        "rule-13": [
            {
                "part": null,
                "replacement-node": 34,
                "template-line-number": 114,
                "node-pos": 59,
                "html": true
            }
        ],
        "rule-14": [
            {
                "part": null,
                "replacement-node": 90,
                "template-line-number": 312,
                "node-pos": 147
            }
        ],
        "rule-15": [
            {
                "part": null,
                "replacement-node": 195,
                "template-line-number": 666,
                "node-pos": 306
            }
        ],
        "rule-16": [
            {
                "part": null,
                "replacement-node": 198,
                "template-line-number": 671,
                "node-pos": 310
            }
        ],
        "rule-17": [
            {
                "part": null,
                "replacement-node": 300,
                "template-line-number": 1034,
                "node-pos": 467
            }
        ],
        "rule-18": [
            {
                "part": null,
                "replacement-node": 354,
                "template-line-number": 1226,
                "node-pos": 558
            }
        ],
        "rule-19": [
            {
                "part": null,
                "replacement-node": 408,
                "expression-node": 409,
                "template-line-number": 1418,
                "node-pos": 649
            }
        ],
        "rule-20": [
            {
                "part": null,
                "replacement-node": 411,
                "template-line-number": 1423,
                "node-pos": 653
            }
        ],
        "rule-21": [
            {
                "part": null,
                "replacement-node": 414,
                "template-line-number": 1432,
                "node-pos": 657
            }
        ],
        "rule-22": {
            "name": "TransportationLineItems",
            "subs": [
                {
                    "name": "TransportationLineItems",
                    "part": "10",
                    "replacement-node": 122,
                    "expression-node": 123,
                    "template-line-number": 469,
                    "node-pos": 206
                },
                {
                    "name": "TransportationLineItems",
                    "part": "11",
                    "replacement-node": 125,
                    "expression-node": 126,
                    "template-line-number": 475,
                    "node-pos": 210
                },
                {
                    "name": "TransportationLineItems",
                    "part": "12",
                    "replacement-node": 128,
                    "expression-node": 129,
                    "template-line-number": 481,
                    "node-pos": 214
                },
                {
                    "name": "TransportationLineItems",
                    "part": "13",
                    "replacement-node": 131,
                    "expression-node": 132,
                    "template-line-number": 487,
                    "node-pos": 218
                },
                {
                    "name": "TransportationLineItems",
                    "part": "14",
                    "replacement-node": 134,
                    "expression-node": 135,
                    "template-line-number": 493,
                    "node-pos": 222
                },
                {
                    "name": "TransportationLineItems",
                    "part": "15",
                    "replacement-node": 137,
                    "expression-node": 138,
                    "template-line-number": 499,
                    "node-pos": 226
                },
                {
                    "name": "TransportationLineItems",
                    "part": "16",
                    "replacement-node": 140,
                    "expression-node": 141,
                    "template-line-number": 505,
                    "node-pos": 230
                },
                {
                    "name": "TransportationLineItems",
                    "part": "17",
                    "replacement-node": 143,
                    "expression-node": 144,
                    "template-line-number": 511,
                    "node-pos": 234
                },
                {
                    "name": "TransportationLineItems",
                    "part": "2",
                    "replacement-node": 97,
                    "expression-node": 98,
                    "template-line-number": 419,
                    "node-pos": 173
                },
                {
                    "name": "TransportationLineItems",
                    "part": "3",
                    "replacement-node": 101,
                    "expression-node": 102,
                    "template-line-number": 427,
                    "node-pos": 178
                },
                {
                    "name": "TransportationLineItems",
                    "part": "4",
                    "replacement-node": 104,
                    "expression-node": 105,
                    "template-line-number": 433,
                    "node-pos": 182
                },
                {
                    "name": "TransportationLineItems",
                    "part": "5",
                    "replacement-node": 107,
                    "expression-node": 108,
                    "template-line-number": 439,
                    "node-pos": 186
                },
                {
                    "name": "TransportationLineItems",
                    "part": "6",
                    "replacement-node": 110,
                    "expression-node": 111,
                    "template-line-number": 445,
                    "node-pos": 190
                },
                {
                    "name": "TransportationLineItems",
                    "part": "7",
                    "replacement-node": 113,
                    "expression-node": 114,
                    "template-line-number": 451,
                    "node-pos": 194
                },
                {
                    "name": "TransportationLineItems",
                    "part": "8",
                    "replacement-node": 116,
                    "expression-node": 117,
                    "template-line-number": 457,
                    "node-pos": 198
                },
                {
                    "name": "TransportationLineItems",
                    "part": "9",
                    "replacement-node": 119,
                    "expression-node": 120,
                    "template-line-number": 463,
                    "node-pos": 202
                }
            ]
        },
        "rule-23": {
            "name": "RevenuesLineItems",
            "subs": [
                {
                    "name": "RevenuesLineItems",
                    "part": "1",
                    "replacement-node": 361,
                    "template-line-number": 1290,
                    "extras": {},
                    "node-pos": 584
                },
                {
                    "name": "RevenuesLineItems",
                    "part": "10",
                    "replacement-node": 384,
                    "expression-node": 385,
                    "template-line-number": 1352,
                    "node-pos": 615
                },
                {
                    "name": "RevenuesLineItems",
                    "part": "11",
                    "replacement-node": 387,
                    "expression-node": 388,
                    "template-line-number": 1360,
                    "node-pos": 619
                },
                {
                    "name": "RevenuesLineItems",
                    "part": "12",
                    "replacement-node": 390,
                    "expression-node": 391,
                    "template-line-number": 1368,
                    "node-pos": 623
                },
                {
                    "name": "RevenuesLineItems",
                    "part": "13",
                    "replacement-node": 393,
                    "expression-node": 394,
                    "template-line-number": 1376,
                    "node-pos": 627
                },
                {
                    "name": "RevenuesLineItems",
                    "part": "14",
                    "replacement-node": 396,
                    "expression-node": 397,
                    "template-line-number": 1384,
                    "node-pos": 631
                },
                {
                    "name": "RevenuesLineItems",
                    "part": "15",
                    "replacement-node": 399,
                    "expression-node": 400,
                    "template-line-number": 1392,
                    "node-pos": 635
                },
                {
                    "name": "RevenuesLineItems",
                    "part": "16",
                    "replacement-node": 402,
                    "expression-node": 403,
                    "template-line-number": 1400,
                    "node-pos": 639
                },
                {
                    "name": "RevenuesLineItems",
                    "part": "17",
                    "replacement-node": 405,
                    "expression-node": 406,
                    "template-line-number": 1408,
                    "node-pos": 643
                },
                {
                    "name": "RevenuesLineItems",
                    "part": "3",
                    "replacement-node": 363,
                    "expression-node": 364,
                    "template-line-number": 1296,
                    "node-pos": 587
                },
                {
                    "name": "RevenuesLineItems",
                    "part": "3",
                    "replacement-node": 378,
                    "expression-node": 379,
                    "template-line-number": 1336,
                    "node-pos": 607
                },
                {
                    "name": "RevenuesLineItems",
                    "part": "4",
                    "replacement-node": 366,
                    "expression-node": 367,
                    "template-line-number": 1304,
                    "node-pos": 591
                },
                {
                    "name": "RevenuesLineItems",
                    "part": "5",
                    "replacement-node": 369,
                    "expression-node": 370,
                    "template-line-number": 1312,
                    "node-pos": 595
                },
                {
                    "name": "RevenuesLineItems",
                    "part": "6",
                    "replacement-node": 372,
                    "expression-node": 373,
                    "template-line-number": 1320,
                    "node-pos": 599
                },
                {
                    "name": "RevenuesLineItems",
                    "part": "7",
                    "replacement-node": 375,
                    "expression-node": 376,
                    "template-line-number": 1328,
                    "node-pos": 603
                },
                {
                    "name": "RevenuesLineItems",
                    "part": "9",
                    "replacement-node": 381,
                    "expression-node": 382,
                    "template-line-number": 1344,
                    "node-pos": 611
                }
            ]
        },
        "rule-24": {
            "name": "TotalStorageLineItems",
            "subs": [
                {
                    "name": "TotalStorageLineItems",
                    "part": "10",
                    "replacement-node": 276,
                    "expression-node": 277,
                    "template-line-number": 968,
                    "node-pos": 433
                },
                {
                    "name": "TotalStorageLineItems",
                    "part": "11",
                    "replacement-node": 279,
                    "expression-node": 280,
                    "template-line-number": 976,
                    "node-pos": 437
                },
                {
                    "name": "TotalStorageLineItems",
                    "part": "12",
                    "replacement-node": 282,
                    "expression-node": 283,
                    "template-line-number": 984,
                    "node-pos": 441
                },
                {
                    "name": "TotalStorageLineItems",
                    "part": "13",
                    "replacement-node": 285,
                    "expression-node": 286,
                    "template-line-number": 992,
                    "node-pos": 445
                },
                {
                    "name": "TotalStorageLineItems",
                    "part": "14",
                    "replacement-node": 288,
                    "expression-node": 289,
                    "template-line-number": 1000,
                    "node-pos": 449
                },
                {
                    "name": "TotalStorageLineItems",
                    "part": "15",
                    "replacement-node": 291,
                    "expression-node": 292,
                    "template-line-number": 1008,
                    "node-pos": 453
                },
                {
                    "name": "TotalStorageLineItems",
                    "part": "16",
                    "replacement-node": 294,
                    "expression-node": 295,
                    "template-line-number": 1016,
                    "node-pos": 457
                },
                {
                    "name": "TotalStorageLineItems",
                    "part": "17",
                    "replacement-node": 297,
                    "expression-node": 298,
                    "template-line-number": 1024,
                    "node-pos": 461
                },
                {
                    "name": "TotalStorageLineItems",
                    "part": "3",
                    "replacement-node": 255,
                    "expression-node": 256,
                    "template-line-number": 912,
                    "node-pos": 405
                },
                {
                    "name": "TotalStorageLineItems",
                    "part": "3",
                    "replacement-node": 270,
                    "expression-node": 271,
                    "template-line-number": 952,
                    "node-pos": 425
                },
                {
                    "name": "TotalStorageLineItems",
                    "part": "4",
                    "replacement-node": 258,
                    "expression-node": 259,
                    "template-line-number": 920,
                    "node-pos": 409
                },
                {
                    "name": "TotalStorageLineItems",
                    "part": "5",
                    "replacement-node": 261,
                    "expression-node": 262,
                    "template-line-number": 928,
                    "node-pos": 413
                },
                {
                    "name": "TotalStorageLineItems",
                    "part": "6",
                    "replacement-node": 264,
                    "expression-node": 265,
                    "template-line-number": 936,
                    "node-pos": 417
                },
                {
                    "name": "TotalStorageLineItems",
                    "part": "7",
                    "replacement-node": 267,
                    "expression-node": 268,
                    "template-line-number": 944,
                    "node-pos": 421
                },
                {
                    "name": "TotalStorageLineItems",
                    "part": "9",
                    "replacement-node": 273,
                    "expression-node": 274,
                    "template-line-number": 960,
                    "node-pos": 429
                }
            ]
        },
        "rule-25": {
            "name": "TotalTransportationLineItems",
            "subs": [
                {
                    "name": "TotalTransportationLineItems",
                    "part": "10",
                    "replacement-node": 171,
                    "expression-node": 172,
                    "template-line-number": 602,
                    "node-pos": 273
                },
                {
                    "name": "TotalTransportationLineItems",
                    "part": "11",
                    "replacement-node": 174,
                    "expression-node": 175,
                    "template-line-number": 610,
                    "node-pos": 277
                },
                {
                    "name": "TotalTransportationLineItems",
                    "part": "12",
                    "replacement-node": 177,
                    "expression-node": 178,
                    "template-line-number": 618,
                    "node-pos": 281
                },
                {
                    "name": "TotalTransportationLineItems",
                    "part": "13",
                    "replacement-node": 180,
                    "expression-node": 181,
                    "template-line-number": 626,
                    "node-pos": 285
                },
                {
                    "name": "TotalTransportationLineItems",
                    "part": "14",
                    "replacement-node": 183,
                    "expression-node": 184,
                    "template-line-number": 634,
                    "node-pos": 289
                },
                {
                    "name": "TotalTransportationLineItems",
                    "part": "15",
                    "replacement-node": 186,
                    "expression-node": 187,
                    "template-line-number": 642,
                    "node-pos": 293
                },
                {
                    "name": "TotalTransportationLineItems",
                    "part": "16",
                    "replacement-node": 189,
                    "expression-node": 190,
                    "template-line-number": 650,
                    "node-pos": 297
                },
                {
                    "name": "TotalTransportationLineItems",
                    "part": "17",
                    "replacement-node": 192,
                    "expression-node": 193,
                    "template-line-number": 658,
                    "node-pos": 301
                },
                {
                    "name": "TotalTransportationLineItems",
                    "part": "2",
                    "replacement-node": 147,
                    "template-line-number": 539,
                    "extras": {},
                    "node-pos": 241
                },
                {
                    "name": "TotalTransportationLineItems",
                    "part": "3",
                    "replacement-node": 150,
                    "expression-node": 151,
                    "template-line-number": 546,
                    "node-pos": 245
                },
                {
                    "name": "TotalTransportationLineItems",
                    "part": "3",
                    "replacement-node": 165,
                    "expression-node": 166,
                    "template-line-number": 586,
                    "node-pos": 265
                },
                {
                    "name": "TotalTransportationLineItems",
                    "part": "4",
                    "replacement-node": 153,
                    "expression-node": 154,
                    "template-line-number": 554,
                    "node-pos": 249
                },
                {
                    "name": "TotalTransportationLineItems",
                    "part": "5",
                    "replacement-node": 156,
                    "expression-node": 157,
                    "template-line-number": 562,
                    "node-pos": 253
                },
                {
                    "name": "TotalTransportationLineItems",
                    "part": "6",
                    "replacement-node": 159,
                    "expression-node": 160,
                    "template-line-number": 570,
                    "node-pos": 257
                },
                {
                    "name": "TotalTransportationLineItems",
                    "part": "7",
                    "replacement-node": 162,
                    "expression-node": 163,
                    "template-line-number": 578,
                    "node-pos": 261
                },
                {
                    "name": "TotalTransportationLineItems",
                    "part": "9",
                    "replacement-node": 168,
                    "expression-node": 169,
                    "template-line-number": 594,
                    "node-pos": 269
                }
            ]
        },
        "rule-26": {
            "name": "GatheringLineItems",
            "subs": [
                {
                    "name": "GatheringLineItems",
                    "part": "1",
                    "replacement-node": 307,
                    "template-line-number": 1098,
                    "extras": {},
                    "node-pos": 493
                },
                {
                    "name": "GatheringLineItems",
                    "part": "10",
                    "replacement-node": 330,
                    "expression-node": 331,
                    "template-line-number": 1160,
                    "node-pos": 524
                },
                {
                    "name": "GatheringLineItems",
                    "part": "11",
                    "replacement-node": 333,
                    "expression-node": 334,
                    "template-line-number": 1168,
                    "node-pos": 528
                },
                {
                    "name": "GatheringLineItems",
                    "part": "12",
                    "replacement-node": 336,
                    "expression-node": 337,
                    "template-line-number": 1176,
                    "node-pos": 532
                },
                {
                    "name": "GatheringLineItems",
                    "part": "13",
                    "replacement-node": 339,
                    "expression-node": 340,
                    "template-line-number": 1184,
                    "node-pos": 536
                },
                {
                    "name": "GatheringLineItems",
                    "part": "14",
                    "replacement-node": 342,
                    "expression-node": 343,
                    "template-line-number": 1192,
                    "node-pos": 540
                },
                {
                    "name": "GatheringLineItems",
                    "part": "15",
                    "replacement-node": 345,
                    "expression-node": 346,
                    "template-line-number": 1200,
                    "node-pos": 544
                },
                {
                    "name": "GatheringLineItems",
                    "part": "16",
                    "replacement-node": 348,
                    "expression-node": 349,
                    "template-line-number": 1208,
                    "node-pos": 548
                },
                {
                    "name": "GatheringLineItems",
                    "part": "17",
                    "replacement-node": 351,
                    "expression-node": 352,
                    "template-line-number": 1216,
                    "node-pos": 552
                },
                {
                    "name": "GatheringLineItems",
                    "part": "3",
                    "replacement-node": 309,
                    "expression-node": 310,
                    "template-line-number": 1104,
                    "node-pos": 496
                },
                {
                    "name": "GatheringLineItems",
                    "part": "3",
                    "replacement-node": 324,
                    "expression-node": 325,
                    "template-line-number": 1144,
                    "node-pos": 516
                },
                {
                    "name": "GatheringLineItems",
                    "part": "4",
                    "replacement-node": 312,
                    "expression-node": 313,
                    "template-line-number": 1112,
                    "node-pos": 500
                },
                {
                    "name": "GatheringLineItems",
                    "part": "5",
                    "replacement-node": 315,
                    "expression-node": 316,
                    "template-line-number": 1120,
                    "node-pos": 504
                },
                {
                    "name": "GatheringLineItems",
                    "part": "6",
                    "replacement-node": 318,
                    "expression-node": 319,
                    "template-line-number": 1128,
                    "node-pos": 508
                },
                {
                    "name": "GatheringLineItems",
                    "part": "7",
                    "replacement-node": 321,
                    "expression-node": 322,
                    "template-line-number": 1136,
                    "node-pos": 512
                },
                {
                    "name": "GatheringLineItems",
                    "part": "9",
                    "replacement-node": 327,
                    "expression-node": 328,
                    "template-line-number": 1152,
                    "node-pos": 520
                }
            ]
        },
        "rule-27": {
            "name": "SalesLineItems",
            "subs": [
                {
                    "name": "SalesLineItems",
                    "part": "10",
                    "replacement-node": 66,
                    "expression-node": 67,
                    "template-line-number": 247,
                    "node-pos": 113
                },
                {
                    "name": "SalesLineItems",
                    "part": "11",
                    "replacement-node": 69,
                    "expression-node": 70,
                    "template-line-number": 255,
                    "node-pos": 117
                },
                {
                    "name": "SalesLineItems",
                    "part": "12",
                    "replacement-node": 72,
                    "expression-node": 73,
                    "template-line-number": 263,
                    "node-pos": 121
                },
                {
                    "name": "SalesLineItems",
                    "part": "13",
                    "replacement-node": 75,
                    "expression-node": 76,
                    "template-line-number": 271,
                    "node-pos": 125
                },
                {
                    "name": "SalesLineItems",
                    "part": "14",
                    "replacement-node": 78,
                    "expression-node": 79,
                    "template-line-number": 279,
                    "node-pos": 129
                },
                {
                    "name": "SalesLineItems",
                    "part": "15",
                    "replacement-node": 81,
                    "expression-node": 82,
                    "template-line-number": 287,
                    "node-pos": 133
                },
                {
                    "name": "SalesLineItems",
                    "part": "16",
                    "replacement-node": 84,
                    "expression-node": 85,
                    "template-line-number": 295,
                    "node-pos": 137
                },
                {
                    "name": "SalesLineItems",
                    "part": "17",
                    "replacement-node": 87,
                    "expression-node": 88,
                    "template-line-number": 303,
                    "node-pos": 141
                },
                {
                    "name": "SalesLineItems",
                    "part": "3",
                    "replacement-node": 45,
                    "expression-node": 46,
                    "template-line-number": 191,
                    "node-pos": 85
                },
                {
                    "name": "SalesLineItems",
                    "part": "3",
                    "replacement-node": 60,
                    "expression-node": 61,
                    "template-line-number": 231,
                    "node-pos": 105
                },
                {
                    "name": "SalesLineItems",
                    "part": "4",
                    "replacement-node": 48,
                    "expression-node": 49,
                    "template-line-number": 199,
                    "node-pos": 89
                },
                {
                    "name": "SalesLineItems",
                    "part": "5",
                    "replacement-node": 51,
                    "expression-node": 52,
                    "template-line-number": 207,
                    "node-pos": 93
                },
                {
                    "name": "SalesLineItems",
                    "part": "6",
                    "replacement-node": 54,
                    "expression-node": 55,
                    "template-line-number": 215,
                    "node-pos": 97
                },
                {
                    "name": "SalesLineItems",
                    "part": "7",
                    "replacement-node": 57,
                    "expression-node": 58,
                    "template-line-number": 223,
                    "node-pos": 101
                },
                {
                    "name": "SalesLineItems",
                    "part": "9",
                    "replacement-node": 63,
                    "expression-node": 64,
                    "template-line-number": 239,
                    "node-pos": 109
                }
            ]
        },
        "rule-28": {
            "name": "RDHeadings",
            "subs": [
                {
                    "name": "RDHeadings",
                    "part": "1",
                    "replacement-node": 38,
                    "template-line-number": 143,
                    "extras": {},
                    "node-pos": 73
                },
                {
                    "name": "RDHeadings",
                    "part": "2",
                    "replacement-node": 41,
                    "template-line-number": 150,
                    "extras": {},
                    "node-pos": 77
                }
            ]
        },
        "rule-29": {
            "name": "StorageLineItems",
            "subs": [
                {
                    "name": "StorageLineItems",
                    "part": "10",
                    "replacement-node": 230,
                    "expression-node": 231,
                    "template-line-number": 829,
                    "node-pos": 369
                },
                {
                    "name": "StorageLineItems",
                    "part": "11",
                    "replacement-node": 233,
                    "expression-node": 234,
                    "template-line-number": 835,
                    "node-pos": 373
                },
                {
                    "name": "StorageLineItems",
                    "part": "12",
                    "replacement-node": 236,
                    "expression-node": 237,
                    "template-line-number": 841,
                    "node-pos": 377
                },
                {
                    "name": "StorageLineItems",
                    "part": "13",
                    "replacement-node": 239,
                    "expression-node": 240,
                    "template-line-number": 847,
                    "node-pos": 381
                },
                {
                    "name": "StorageLineItems",
                    "part": "14",
                    "replacement-node": 242,
                    "expression-node": 243,
                    "template-line-number": 853,
                    "node-pos": 385
                },
                {
                    "name": "StorageLineItems",
                    "part": "15",
                    "replacement-node": 245,
                    "expression-node": 246,
                    "template-line-number": 859,
                    "node-pos": 389
                },
                {
                    "name": "StorageLineItems",
                    "part": "16",
                    "replacement-node": 248,
                    "expression-node": 249,
                    "template-line-number": 865,
                    "node-pos": 393
                },
                {
                    "name": "StorageLineItems",
                    "part": "17",
                    "replacement-node": 251,
                    "expression-node": 252,
                    "template-line-number": 871,
                    "node-pos": 397
                },
                {
                    "name": "StorageLineItems",
                    "part": "2",
                    "replacement-node": 205,
                    "expression-node": 206,
                    "template-line-number": 779,
                    "node-pos": 336
                },
                {
                    "name": "StorageLineItems",
                    "part": "3",
                    "replacement-node": 209,
                    "expression-node": 210,
                    "template-line-number": 787,
                    "node-pos": 341
                },
                {
                    "name": "StorageLineItems",
                    "part": "4",
                    "replacement-node": 212,
                    "expression-node": 213,
                    "template-line-number": 793,
                    "node-pos": 345
                },
                {
                    "name": "StorageLineItems",
                    "part": "5",
                    "replacement-node": 215,
                    "expression-node": 216,
                    "template-line-number": 799,
                    "node-pos": 349
                },
                {
                    "name": "StorageLineItems",
                    "part": "6",
                    "replacement-node": 218,
                    "expression-node": 219,
                    "template-line-number": 805,
                    "node-pos": 353
                },
                {
                    "name": "StorageLineItems",
                    "part": "7",
                    "replacement-node": 221,
                    "expression-node": 222,
                    "template-line-number": 811,
                    "node-pos": 357
                },
                {
                    "name": "StorageLineItems",
                    "part": "8",
                    "replacement-node": 224,
                    "expression-node": 225,
                    "template-line-number": 817,
                    "node-pos": 361
                },
                {
                    "name": "StorageLineItems",
                    "part": "9",
                    "replacement-node": 227,
                    "expression-node": 228,
                    "template-line-number": 823,
                    "node-pos": 365
                }
            ]
        }
    },
    "line-numbers": {
        "TransportationLineItems": [
            {
                "line-number-node": 94,
                "start-number": 3,
                "template-line-number": 414
            }
        ],
        "StorageLineItems": [
            {
                "line-number-node": 202,
                "start-number": 65,
                "template-line-number": 774
            }
        ],
        "GatheringLineItems": [
            {
                "line-number-node": 304,
                "start-number": 92,
                "template-line-number": 1090
            }
        ],
        "RevenuesLineItems": [
            {
                "line-number-node": 358,
                "start-number": 96,
                "template-line-number": 1282
            }
        ]
    },
    "showifs": {
        "rule-1": {
            "type": "showif",
            "template-line-number": 16
        }
    },
    "footnotes": {},
    "standard-rules": [
        "rule-2",
        "rule-3",
        "rule-4",
        "rule-5",
        "rule-6",
        "rule-7",
        "rule-8",
        "rule-9",
        "rule-10",
        "rule-11",
        "rule-12",
        "rule-13",
        "rule-14",
        "rule-15",
        "rule-16",
        "rule-17",
        "rule-18",
        "rule-19",
        "rule-20",
        "rule-21",
        "rule-22",
        "rule-23",
        "rule-24",
        "rule-25",
        "rule-26",
        "rule-27",
        "rule-28",
        "rule-29"
    ],
    "footnote-rules": []
}