{
    "substitutions": {
        "rule-2": [
            {
                "part": null,
                "replacement-node": 1,
                "template-line-number": 28,
                "node-pos": 11
            }
        ],
        "rule-3": [
            {
                "part": null,
                "replacement-node": 4,
                "expression-node": 5,
                "template-line-number": 33,
                "node-pos": 15
            }
        ],
        "rule-4": [
            {
                "part": null,
                "replacement-node": 7,
                "template-line-number": 39,
                "node-pos": 19
            }
        ],
        "rule-5": [
            {
                "part": null,
                "replacement-node": 10,
                "template-line-number": 45,
                "node-pos": 23,
                "html": true
            }
        ],
        "rule-6": [
            {
                "part": null,
                "replacement-node": 13,
                "template-line-number": 57,
                "node-pos": 28,
                "html": true
            }
        ],
        "rule-7": [
            {
                "part": null,
                "replacement-node": 16,
                "template-line-number": 68,
                "node-pos": 33
            }
        ],
        "rule-8": [
            {
                "part": null,
                "replacement-node": 19,
                "expression-node": 20,
                "template-line-number": 73,
                "node-pos": 37
            }
        ],
        "rule-9": [
            {
                "part": null,
                "replacement-node": 22,
                "template-line-number": 78,
                "node-pos": 41
            }
        ],
        "rule-10": [
            {
                "part": null,
                "replacement-node": 25,
                "expression-node": 26,
                "template-line-number": 83,
                "node-pos": 45
            }
        ],
        "rule-11": [
            {
                "part": null,
                "replacement-node": 28,
                "expression-node": 29,
                "template-line-number": 88,
                "node-pos": 49
            }
        ],
        "rule-12": [
            {
                "part": null,
                "replacement-node": 31,
                "template-line-number": 98,
                "node-pos": 55
            }
        ],
        "rule-13": [
            {
                "part": null,
                "replacement-node": 34,
                "template-line-number": 109,
                "node-pos": 60,
                "html": true
            }
        ],
        "rule-14": [
            {
                "part": null,
                "replacement-node": 78,
                "expression-node": 79,
                "template-line-number": 287,
                "node-pos": 132
            }
        ],
        "rule-15": [
            {
                "part": null,
                "replacement-node": 81,
                "template-line-number": 292,
                "node-pos": 136
            }
        ],
        "rule-16": [
            {
                "part": null,
                "replacement-node": 84,
                "template-line-number": 301,
                "node-pos": 140
            }
        ],
        "rule-17": {
            "name": "ExpenseAccountsLineItems",
            "subs": [
                {
                    "name": "ExpenseAccountsLineItems",
                    "part": "1",
                    "replacement-node": 45,
                    "template-line-number": 213,
                    "extras": {},
                    "node-pos": 85
                },
                {
                    "name": "ExpenseAccountsLineItems",
                    "part": "10",
                    "replacement-node": 72,
                    "expression-node": 73,
                    "template-line-number": 270,
                    "node-pos": 122
                },
                {
                    "name": "ExpenseAccountsLineItems",
                    "part": "11",
                    "replacement-node": 75,
                    "expression-node": 76,
                    "template-line-number": 276,
                    "node-pos": 126
                },
                {
                    "name": "ExpenseAccountsLineItems",
                    "part": "2",
                    "replacement-node": 50,
                    "template-line-number": 224,
                    "extras": {},
                    "node-pos": 93
                },
                {
                    "name": "ExpenseAccountsLineItems",
                    "part": "4",
                    "replacement-node": 54,
                    "expression-node": 55,
                    "template-line-number": 234,
                    "node-pos": 98
                },
                {
                    "name": "ExpenseAccountsLineItems",
                    "part": "5",
                    "replacement-node": 57,
                    "expression-node": 58,
                    "template-line-number": 240,
                    "node-pos": 102
                },
                {
                    "name": "ExpenseAccountsLineItems",
                    "part": "6",
                    "replacement-node": 48,
                    "template-line-number": 220,
                    "extras": {},
                    "node-pos": 91
                },
                {
                    "name": "ExpenseAccountsLineItems",
                    "part": "6",
                    "replacement-node": 60,
                    "expression-node": 61,
                    "template-line-number": 246,
                    "node-pos": 106
                },
                {
                    "name": "ExpenseAccountsLineItems",
                    "part": "7",
                    "replacement-node": 63,
                    "expression-node": 64,
                    "template-line-number": 252,
                    "node-pos": 110
                },
                {
                    "name": "ExpenseAccountsLineItems",
                    "part": "8",
                    "replacement-node": 66,
                    "expression-node": 67,
                    "template-line-number": 258,
                    "node-pos": 114
                },
                {
                    "name": "ExpenseAccountsLineItems",
                    "part": "9",
                    "replacement-node": 69,
                    "expression-node": 70,
                    "template-line-number": 264,
                    "node-pos": 118
                }
            ]
        },
        "rule-18": {
            "name": "ExpenseAccountsHeadings",
            "subs": [
                {
                    "name": "ExpenseAccountsHeadings",
                    "part": "1",
                    "replacement-node": 38,
                    "template-line-number": 139,
                    "extras": {},
                    "node-pos": 75
                },
                {
                    "name": "ExpenseAccountsHeadings",
                    "part": "2",
                    "replacement-node": 41,
                    "template-line-number": 146,
                    "extras": {},
                    "node-pos": 79
                }
            ]
        }
    },
    "line-numbers": {},
    "showifs": {
        "rule-1": {
            "type": "showif",
            "template-line-number": 18
        }
    },
    "footnotes": {},
    "standard-rules": [
        "rule-2",
        "rule-3",
        "rule-4",
        "rule-5",
        "rule-6",
        "rule-7",
        "rule-8",
        "rule-9",
        "rule-10",
        "rule-11",
        "rule-12",
        "rule-13",
        "rule-14",
        "rule-15",
        "rule-16",
        "rule-17",
        "rule-18"
    ],
    "footnote-rules": []
}