{
    "substitutions": {
        "rule-2": [
            {
                "part": null,
                "replacement-node": 1,
                "template-line-number": 28,
                "node-pos": 11
            }
        ],
        "rule-3": [
            {
                "part": null,
                "replacement-node": 4,
                "expression-node": 5,
                "template-line-number": 33,
                "node-pos": 15
            }
        ],
        "rule-4": [
            {
                "part": null,
                "replacement-node": 7,
                "template-line-number": 39,
                "node-pos": 19
            }
        ],
        "rule-5": [
            {
                "part": null,
                "replacement-node": 10,
                "template-line-number": 45,
                "node-pos": 23,
                "html": true
            }
        ],
        "rule-6": [
            {
                "part": null,
                "replacement-node": 13,
                "template-line-number": 57,
                "node-pos": 28,
                "html": true
            }
        ],
        "rule-7": [
            {
                "part": null,
                "replacement-node": 16,
                "template-line-number": 68,
                "node-pos": 33
            }
        ],
        "rule-8": [
            {
                "part": null,
                "replacement-node": 19,
                "expression-node": 20,
                "template-line-number": 73,
                "node-pos": 37
            }
        ],
        "rule-9": [
            {
                "part": null,
                "replacement-node": 22,
                "template-line-number": 78,
                "node-pos": 41
            }
        ],
        "rule-10": [
            {
                "part": null,
                "replacement-node": 25,
                "expression-node": 26,
                "template-line-number": 83,
                "node-pos": 45
            }
        ],
        "rule-11": [
            {
                "part": null,
                "replacement-node": 28,
                "expression-node": 29,
                "template-line-number": 88,
                "node-pos": 49
            }
        ],
        "rule-12": [
            {
                "part": null,
                "replacement-node": 31,
                "template-line-number": 98,
                "node-pos": 55
            }
        ],
        "rule-13": [
            {
                "part": null,
                "replacement-node": 34,
                "template-line-number": 109,
                "node-pos": 60,
                "html": true
            }
        ],
        "rule-14": [
            {
                "part": null,
                "replacement-node": 71,
                "expression-node": 72,
                "template-line-number": 279,
                "node-pos": 121
            }
        ],
        "rule-15": [
            {
                "part": null,
                "replacement-node": 74,
                "template-line-number": 284,
                "node-pos": 125
            }
        ],
        "rule-16": [
            {
                "part": null,
                "replacement-node": 77,
                "template-line-number": 293,
                "node-pos": 129
            }
        ],
        "rule-17": {
            "name": "ADUndividedJIPropertyItems",
            "subs": [
                {
                    "name": "ADUndividedJIPropertyItems",
                    "part": "1",
                    "replacement-node": 45,
                    "template-line-number": 216,
                    "extras": {},
                    "node-pos": 85
                },
                {
                    "name": "ADUndividedJIPropertyItems",
                    "part": "1",
                    "replacement-node": 49,
                    "template-line-number": 224,
                    "extras": {},
                    "node-pos": 90
                },
                {
                    "name": "ADUndividedJIPropertyItems",
                    "part": "2",
                    "replacement-node": 52,
                    "expression-node": 53,
                    "template-line-number": 231,
                    "node-pos": 94
                },
                {
                    "name": "ADUndividedJIPropertyItems",
                    "part": "3",
                    "replacement-node": 55,
                    "expression-node": 56,
                    "template-line-number": 238,
                    "node-pos": 98
                },
                {
                    "name": "ADUndividedJIPropertyItems",
                    "part": "4",
                    "replacement-node": 58,
                    "expression-node": 59,
                    "template-line-number": 245,
                    "node-pos": 102
                },
                {
                    "name": "ADUndividedJIPropertyItems",
                    "part": "5",
                    "replacement-node": 62,
                    "expression-node": 63,
                    "template-line-number": 254,
                    "node-pos": 107
                },
                {
                    "name": "ADUndividedJIPropertyItems",
                    "part": "6",
                    "replacement-node": 65,
                    "expression-node": 66,
                    "template-line-number": 261,
                    "node-pos": 111
                },
                {
                    "name": "ADUndividedJIPropertyItems",
                    "part": "7",
                    "replacement-node": 68,
                    "expression-node": 69,
                    "template-line-number": 268,
                    "node-pos": 115
                }
            ]
        },
        "rule-18": {
            "name": "ADUndividedJIPropertyHeadings",
            "subs": [
                {
                    "name": "ADUndividedJIPropertyHeadings",
                    "part": "1",
                    "replacement-node": 38,
                    "template-line-number": 140,
                    "extras": {},
                    "node-pos": 75
                },
                {
                    "name": "ADUndividedJIPropertyHeadings",
                    "part": "2",
                    "replacement-node": 41,
                    "template-line-number": 147,
                    "extras": {},
                    "node-pos": 79
                }
            ]
        }
    },
    "line-numbers": {},
    "showifs": {
        "rule-1": {
            "type": "showif",
            "template-line-number": 18
        }
    },
    "footnotes": {},
    "standard-rules": [
        "rule-2",
        "rule-3",
        "rule-4",
        "rule-5",
        "rule-6",
        "rule-7",
        "rule-8",
        "rule-9",
        "rule-10",
        "rule-11",
        "rule-12",
        "rule-13",
        "rule-14",
        "rule-15",
        "rule-16",
        "rule-17",
        "rule-18"
    ],
    "footnote-rules": []
}