{
    "substitutions": {
        "rule-2": [
            {
                "part": null,
                "replacement-node": 1,
                "template-line-number": 27,
                "node-pos": 10
            }
        ],
        "rule-3": [
            {
                "part": null,
                "replacement-node": 4,
                "expression-node": 5,
                "template-line-number": 32,
                "node-pos": 15
            }
        ],
        "rule-4": [
            {
                "part": null,
                "replacement-node": 7,
                "template-line-number": 38,
                "node-pos": 19
            }
        ],
        "rule-5": [
            {
                "part": null,
                "replacement-node": 10,
                "template-line-number": 44,
                "node-pos": 23,
                "html": true
            }
        ],
        "rule-6": [
            {
                "part": null,
                "replacement-node": 13,
                "template-line-number": 56,
                "node-pos": 28,
                "html": true
            }
        ],
        "rule-7": [
            {
                "part": null,
                "replacement-node": 16,
                "template-line-number": 67,
                "node-pos": 33
            }
        ],
        "rule-8": [
            {
                "part": null,
                "replacement-node": 19,
                "expression-node": 20,
                "template-line-number": 72,
                "node-pos": 38
            }
        ],
        "rule-9": [
            {
                "part": null,
                "replacement-node": 22,
                "template-line-number": 77,
                "node-pos": 42
            }
        ],
        "rule-10": [
            {
                "part": null,
                "replacement-node": 25,
                "expression-node": 26,
                "template-line-number": 82,
                "node-pos": 47
            }
        ],
        "rule-11": [
            {
                "part": null,
                "replacement-node": 28,
                "expression-node": 29,
                "template-line-number": 87,
                "node-pos": 51
            }
        ],
        "rule-12": [
            {
                "part": null,
                "replacement-node": 31,
                "template-line-number": 97,
                "node-pos": 57
            }
        ],
        "rule-13": [
            {
                "part": null,
                "replacement-node": 34,
                "template-line-number": 108,
                "node-pos": 62,
                "html": true
            }
        ],
        "rule-14": [
            {
                "part": null,
                "replacement-node": 44,
                "template-line-number": 153,
                "node-pos": 84
            }
        ],
        "rule-15": [
            {
                "part": null,
                "replacement-node": 84,
                "template-line-number": 300,
                "node-pos": 151
            }
        ],
        "rule-16": [
            {
                "part": null,
                "replacement-node": 123,
                "expression-node": 124,
                "template-line-number": 459,
                "node-pos": 217
            }
        ],
        "rule-17": [
            {
                "part": null,
                "replacement-node": 126,
                "template-line-number": 464,
                "node-pos": 221
            }
        ],
        "rule-18": [
            {
                "part": null,
                "replacement-node": 129,
                "template-line-number": 473,
                "node-pos": 225
            }
        ],
        "rule-19": {
            "name": "DeferredIncomeTaxesHeadings",
            "subs": [
                {
                    "name": "DeferredIncomeTaxesHeadings",
                    "part": "1",
                    "replacement-node": 38,
                    "template-line-number": 135,
                    "extras": {},
                    "node-pos": 74
                },
                {
                    "name": "DeferredIncomeTaxesHeadings",
                    "part": "2",
                    "replacement-node": 41,
                    "template-line-number": 142,
                    "extras": {},
                    "node-pos": 78
                }
            ]
        },
        "rule-20": {
            "name": "DeferredIncomeTaxesLineItems",
            "subs": [
                {
                    "name": "DeferredIncomeTaxesLineItems",
                    "part": "10",
                    "replacement-node": 72,
                    "expression-node": 73,
                    "template-line-number": 270,
                    "node-pos": 133
                },
                {
                    "name": "DeferredIncomeTaxesLineItems",
                    "part": "11",
                    "replacement-node": 75,
                    "expression-node": 76,
                    "template-line-number": 276,
                    "node-pos": 137
                },
                {
                    "name": "DeferredIncomeTaxesLineItems",
                    "part": "12",
                    "replacement-node": 78,
                    "expression-node": 79,
                    "template-line-number": 282,
                    "node-pos": 141
                },
                {
                    "name": "DeferredIncomeTaxesLineItems",
                    "part": "13",
                    "replacement-node": 81,
                    "expression-node": 82,
                    "template-line-number": 288,
                    "node-pos": 145
                },
                {
                    "name": "DeferredIncomeTaxesLineItems",
                    "part": "2",
                    "replacement-node": 51,
                    "template-line-number": 227,
                    "extras": {},
                    "node-pos": 105
                },
                {
                    "name": "DeferredIncomeTaxesLineItems",
                    "part": "3",
                    "replacement-node": 48,
                    "template-line-number": 220,
                    "extras": {},
                    "node-pos": 101
                },
                {
                    "name": "DeferredIncomeTaxesLineItems",
                    "part": "4",
                    "replacement-node": 54,
                    "expression-node": 55,
                    "template-line-number": 234,
                    "node-pos": 109
                },
                {
                    "name": "DeferredIncomeTaxesLineItems",
                    "part": "5",
                    "replacement-node": 57,
                    "expression-node": 58,
                    "template-line-number": 240,
                    "node-pos": 113
                },
                {
                    "name": "DeferredIncomeTaxesLineItems",
                    "part": "6",
                    "replacement-node": 60,
                    "expression-node": 61,
                    "template-line-number": 246,
                    "node-pos": 117
                },
                {
                    "name": "DeferredIncomeTaxesLineItems",
                    "part": "7",
                    "replacement-node": 63,
                    "expression-node": 64,
                    "template-line-number": 252,
                    "node-pos": 121
                },
                {
                    "name": "DeferredIncomeTaxesLineItems",
                    "part": "8",
                    "replacement-node": 66,
                    "expression-node": 67,
                    "template-line-number": 258,
                    "node-pos": 125
                },
                {
                    "name": "DeferredIncomeTaxesLineItems",
                    "part": "9",
                    "replacement-node": 69,
                    "expression-node": 70,
                    "template-line-number": 264,
                    "node-pos": 129
                }
            ]
        },
        "rule-21": {
            "name": "TaxClassificationLineItems",
            "subs": [
                {
                    "name": "TaxClassificationLineItems",
                    "part": "1",
                    "replacement-node": 91,
                    "template-line-number": 373,
                    "extras": {},
                    "node-pos": 172
                },
                {
                    "name": "TaxClassificationLineItems",
                    "part": "2",
                    "replacement-node": 93,
                    "expression-node": 94,
                    "template-line-number": 380,
                    "node-pos": 175
                },
                {
                    "name": "TaxClassificationLineItems",
                    "part": "3",
                    "replacement-node": 96,
                    "expression-node": 97,
                    "template-line-number": 388,
                    "node-pos": 179
                },
                {
                    "name": "TaxClassificationLineItems",
                    "part": "4",
                    "replacement-node": 99,
                    "expression-node": 100,
                    "template-line-number": 396,
                    "node-pos": 183
                },
                {
                    "name": "TaxClassificationLineItems",
                    "part": "5",
                    "replacement-node": 102,
                    "expression-node": 103,
                    "template-line-number": 404,
                    "node-pos": 187
                },
                {
                    "name": "TaxClassificationLineItems",
                    "part": "6",
                    "replacement-node": 105,
                    "expression-node": 106,
                    "template-line-number": 412,
                    "node-pos": 191
                },
                {
                    "name": "TaxClassificationLineItems",
                    "part": "6",
                    "replacement-node": 111,
                    "expression-node": 112,
                    "template-line-number": 427,
                    "node-pos": 199
                },
                {
                    "name": "TaxClassificationLineItems",
                    "part": "6",
                    "replacement-node": 117,
                    "expression-node": 118,
                    "template-line-number": 441,
                    "node-pos": 207
                },
                {
                    "name": "TaxClassificationLineItems",
                    "part": "6",
                    "replacement-node": 120,
                    "expression-node": 121,
                    "template-line-number": 448,
                    "node-pos": 211
                },
                {
                    "name": "TaxClassificationLineItems",
                    "part": "7",
                    "replacement-node": 108,
                    "expression-node": 109,
                    "template-line-number": 420,
                    "node-pos": 195
                },
                {
                    "name": "TaxClassificationLineItems",
                    "part": "7",
                    "replacement-node": 114,
                    "expression-node": 115,
                    "template-line-number": 434,
                    "node-pos": 203
                }
            ]
        }
    },
    "line-numbers": {
        "TaxClassificationLineItems": [
            {
                "line-number-node": 88,
                "start-number": 9,
                "template-line-number": 365
            }
        ]
    },
    "showifs": {
        "rule-1": {
            "type": "showif",
            "template-line-number": 17
        }
    },
    "footnotes": {},
    "standard-rules": [
        "rule-2",
        "rule-3",
        "rule-4",
        "rule-5",
        "rule-6",
        "rule-7",
        "rule-8",
        "rule-9",
        "rule-10",
        "rule-11",
        "rule-12",
        "rule-13",
        "rule-14",
        "rule-15",
        "rule-16",
        "rule-17",
        "rule-18",
        "rule-19",
        "rule-20",
        "rule-21"
    ],
    "footnote-rules": []
}