{
    "substitutions": {
        "rule-1": [
            {
                "part": null,
                "replacement-node": 0,
                "template-line-number": 23,
                "node-pos": 10
            }
        ],
        "rule-2": [
            {
                "part": null,
                "replacement-node": 3,
                "expression-node": 4,
                "template-line-number": 28,
                "node-pos": 14
            }
        ],
        "rule-3": [
            {
                "part": null,
                "replacement-node": 6,
                "template-line-number": 34,
                "node-pos": 18
            }
        ],
        "rule-4": [
            {
                "part": null,
                "replacement-node": 9,
                "template-line-number": 40,
                "node-pos": 22,
                "html": true
            }
        ],
        "rule-5": [
            {
                "part": null,
                "replacement-node": 12,
                "template-line-number": 52,
                "node-pos": 27,
                "html": true
            }
        ],
        "rule-6": [
            {
                "part": null,
                "replacement-node": 15,
                "template-line-number": 63,
                "node-pos": 32
            }
        ],
        "rule-7": [
            {
                "part": null,
                "replacement-node": 18,
                "expression-node": 19,
                "template-line-number": 68,
                "node-pos": 36
            }
        ],
        "rule-8": [
            {
                "part": null,
                "replacement-node": 21,
                "template-line-number": 73,
                "node-pos": 40
            }
        ],
        "rule-9": [
            {
                "part": null,
                "replacement-node": 24,
                "expression-node": 25,
                "template-line-number": 78,
                "node-pos": 44
            }
        ],
        "rule-10": [
            {
                "part": null,
                "replacement-node": 27,
                "expression-node": 28,
                "template-line-number": 83,
                "node-pos": 48
            }
        ],
        "rule-11": [
            {
                "part": null,
                "replacement-node": 30,
                "template-line-number": 93,
                "node-pos": 54
            }
        ],
        "rule-12": [
            {
                "part": null,
                "replacement-node": 33,
                "template-line-number": 104,
                "node-pos": 59,
                "html": true
            }
        ],
        "rule-13": [
            {
                "part": null,
                "replacement-node": 45,
                "template-line-number": 161,
                "node-pos": 83
            }
        ],
        "rule-14": [
            {
                "part": null,
                "replacement-node": 48,
                "template-line-number": 174,
                "node-pos": 88
            }
        ],
        "rule-15": [
            {
                "part": null,
                "replacement-node": 51,
                "template-line-number": 195,
                "node-pos": 97
            }
        ],
        "rule-16": [
            {
                "part": null,
                "replacement-node": 64,
                "template-line-number": 278,
                "node-pos": 120
            }
        ],
        "rule-17": [
            {
                "part": null,
                "replacement-node": 67,
                "expression-node": 68,
                "template-line-number": 293,
                "node-pos": 126
            }
        ],
        "rule-18": [
            {
                "part": null,
                "replacement-node": 70,
                "expression-node": 71,
                "template-line-number": 306,
                "node-pos": 132
            }
        ],
        "rule-19": [
            {
                "part": null,
                "replacement-node": 73,
                "template-line-number": 312,
                "node-pos": 136
            }
        ],
        "rule-20": [
            {
                "part": null,
                "replacement-node": 76,
                "template-line-number": 321,
                "node-pos": 140
            }
        ],
        "rule-21": {
            "name": "ResearchDevelopmentOrDemonstrationExpenditures",
            "subs": [
                {
                    "name": "ResearchDevelopmentOrDemonstrationExpenditures",
                    "part": "2",
                    "replacement-node": 58,
                    "expression-node": 59,
                    "template-line-number": 258,
                    "node-pos": 110
                },
                {
                    "name": "ResearchDevelopmentOrDemonstrationExpenditures",
                    "part": "3",
                    "replacement-node": 61,
                    "expression-node": 62,
                    "template-line-number": 266,
                    "node-pos": 114
                }
            ]
        },
        "rule-22": {
            "name": "ColumnHeading",
            "subs": [
                {
                    "name": "ColumnHeading",
                    "part": "1",
                    "replacement-node": 39,
                    "template-line-number": 141,
                    "extras": {},
                    "node-pos": 73
                },
                {
                    "name": "ColumnHeading",
                    "part": "2",
                    "replacement-node": 42,
                    "template-line-number": 150,
                    "extras": {},
                    "node-pos": 77
                },
                {
                    "name": "ColumnHeading",
                    "part": "3",
                    "replacement-node": 37,
                    "template-line-number": 137,
                    "extras": {},
                    "node-pos": 71
                }
            ]
        }
    },
    "line-numbers": {
        "ResearchDevelopmentOrDemonstrationExpenditures": [
            {
                "line-number-node": 55,
                "start-number": 3,
                "template-line-number": 250
            }
        ]
    },
    "showifs": {},
    "footnotes": {},
    "standard-rules": [
        "rule-1",
        "rule-2",
        "rule-3",
        "rule-4",
        "rule-5",
        "rule-6",
        "rule-7",
        "rule-8",
        "rule-9",
        "rule-10",
        "rule-11",
        "rule-12",
        "rule-13",
        "rule-14",
        "rule-15",
        "rule-16",
        "rule-17",
        "rule-18",
        "rule-19",
        "rule-20",
        "rule-21",
        "rule-22"
    ],
    "footnote-rules": []
}