{
    "substitutions": {
        "rule-1": [
            {
                "part": null,
                "replacement-node": 0,
                "template-line-number": 18,
                "node-pos": 9
            }
        ],
        "rule-2": [
            {
                "part": null,
                "replacement-node": 3,
                "expression-node": 4,
                "template-line-number": 25,
                "node-pos": 13
            }
        ],
        "rule-3": [
            {
                "part": null,
                "replacement-node": 6,
                "template-line-number": 32,
                "node-pos": 17
            }
        ],
        "rule-4": [
            {
                "part": null,
                "replacement-node": 9,
                "template-line-number": 40,
                "node-pos": 21,
                "html": true
            }
        ],
        "rule-5": [
            {
                "part": null,
                "replacement-node": 12,
                "template-line-number": 56,
                "node-pos": 26,
                "html": true
            }
        ],
        "rule-6": [
            {
                "part": null,
                "replacement-node": 15,
                "template-line-number": 74,
                "node-pos": 31
            }
        ],
        "rule-7": [
            {
                "part": null,
                "replacement-node": 18,
                "expression-node": 19,
                "template-line-number": 81,
                "node-pos": 35
            }
        ],
        "rule-8": [
            {
                "part": null,
                "replacement-node": 21,
                "template-line-number": 88,
                "node-pos": 39
            }
        ],
        "rule-9": [
            {
                "part": null,
                "replacement-node": 24,
                "expression-node": 25,
                "template-line-number": 95,
                "node-pos": 43
            }
        ],
        "rule-10": [
            {
                "part": null,
                "replacement-node": 27,
                "expression-node": 28,
                "template-line-number": 101,
                "node-pos": 47
            }
        ],
        "rule-11": [
            {
                "part": null,
                "replacement-node": 30,
                "template-line-number": 112,
                "node-pos": 53
            }
        ],
        "rule-12": [
            {
                "part": null,
                "replacement-node": 40,
                "expression-node": 41,
                "template-line-number": 159,
                "node-pos": 74
            }
        ],
        "rule-13": [
            {
                "part": null,
                "replacement-node": 43,
                "expression-node": 44,
                "template-line-number": 178,
                "node-pos": 83
            }
        ],
        "rule-14": [
            {
                "part": null,
                "replacement-node": 46,
                "expression-node": 47,
                "template-line-number": 197,
                "node-pos": 92
            }
        ],
        "rule-15": [
            {
                "part": null,
                "replacement-node": 49,
                "expression-node": 50,
                "template-line-number": 216,
                "node-pos": 101
            }
        ],
        "rule-16": [
            {
                "part": null,
                "replacement-node": 52,
                "expression-node": 53,
                "template-line-number": 235,
                "node-pos": 110
            }
        ],
        "rule-17": [
            {
                "part": null,
                "replacement-node": 65,
                "expression-node": 66,
                "template-line-number": 317,
                "node-pos": 133
            }
        ],
        "rule-18": [
            {
                "part": null,
                "replacement-node": 68,
                "expression-node": 69,
                "template-line-number": 332,
                "node-pos": 139
            }
        ],
        "rule-19": [
            {
                "part": null,
                "replacement-node": 71,
                "template-line-number": 339,
                "node-pos": 143
            }
        ],
        "rule-20": [
            {
                "part": null,
                "replacement-node": 74,
                "template-line-number": 349,
                "node-pos": 147
            }
        ],
        "rule-21": {
            "name": "MiscellaneousGeneralExpenses",
            "subs": [
                {
                    "name": "MiscellaneousGeneralExpenses",
                    "part": "2",
                    "replacement-node": 59,
                    "expression-node": 60,
                    "template-line-number": 291,
                    "node-pos": 120
                },
                {
                    "name": "MiscellaneousGeneralExpenses",
                    "part": "3",
                    "replacement-node": 62,
                    "expression-node": 63,
                    "template-line-number": 299,
                    "node-pos": 124
                }
            ]
        },
        "rule-22": {
            "name": "DistributionHeadings",
            "subs": [
                {
                    "name": "DistributionHeadings",
                    "part": "1",
                    "replacement-node": 34,
                    "template-line-number": 135,
                    "extras": {},
                    "node-pos": 61
                },
                {
                    "name": "DistributionHeadings",
                    "part": "2",
                    "replacement-node": 37,
                    "template-line-number": 142,
                    "extras": {},
                    "node-pos": 65
                }
            ]
        }
    },
    "line-numbers": {
        "MiscellaneousGeneralExpenses": [
            {
                "line-number-node": 56,
                "start-number": 6,
                "template-line-number": 284
            }
        ]
    },
    "showifs": {},
    "footnotes": {},
    "standard-rules": [
        "rule-1",
        "rule-2",
        "rule-3",
        "rule-4",
        "rule-5",
        "rule-6",
        "rule-7",
        "rule-8",
        "rule-9",
        "rule-10",
        "rule-11",
        "rule-12",
        "rule-13",
        "rule-14",
        "rule-15",
        "rule-16",
        "rule-17",
        "rule-18",
        "rule-19",
        "rule-20",
        "rule-21",
        "rule-22"
    ],
    "footnote-rules": []
}