{
    "substitutions": {
        "rule-1": [
            {
                "part": null,
                "replacement-node": 0,
                "template-line-number": 21,
                "node-pos": 9
            }
        ],
        "rule-2": [
            {
                "part": null,
                "replacement-node": 3,
                "expression-node": 4,
                "template-line-number": 25,
                "node-pos": 13
            }
        ],
        "rule-3": [
            {
                "part": null,
                "replacement-node": 6,
                "template-line-number": 31,
                "node-pos": 17
            }
        ],
        "rule-4": [
            {
                "part": null,
                "replacement-node": 9,
                "template-line-number": 37,
                "node-pos": 21,
                "html": true
            }
        ],
        "rule-5": [
            {
                "part": null,
                "replacement-node": 12,
                "template-line-number": 49,
                "node-pos": 26,
                "html": true
            }
        ],
        "rule-6": [
            {
                "part": null,
                "replacement-node": 15,
                "template-line-number": 60,
                "node-pos": 31
            }
        ],
        "rule-7": [
            {
                "part": null,
                "replacement-node": 18,
                "expression-node": 19,
                "template-line-number": 64,
                "node-pos": 35
            }
        ],
        "rule-8": [
            {
                "part": null,
                "replacement-node": 21,
                "template-line-number": 69,
                "node-pos": 39
            }
        ],
        "rule-9": [
            {
                "part": null,
                "replacement-node": 24,
                "expression-node": 25,
                "template-line-number": 73,
                "node-pos": 43
            }
        ],
        "rule-10": [
            {
                "part": null,
                "replacement-node": 27,
                "expression-node": 28,
                "template-line-number": 78,
                "node-pos": 47
            }
        ],
        "rule-11": [
            {
                "part": null,
                "replacement-node": 30,
                "template-line-number": 88,
                "node-pos": 53
            }
        ],
        "rule-12": [
            {
                "part": null,
                "replacement-node": 33,
                "template-line-number": 99,
                "node-pos": 58,
                "html": true
            }
        ],
        "rule-13": [
            {
                "part": null,
                "replacement-node": 45,
                "template-line-number": 352,
                "node-pos": 97
            }
        ],
        "rule-14": [
            {
                "part": null,
                "replacement-node": 88,
                "template-line-number": 523,
                "node-pos": 170
            }
        ],
        "rule-15": [
            {
                "part": null,
                "replacement-node": 91,
                "expression-node": 92,
                "template-line-number": 541,
                "node-pos": 176
            }
        ],
        "rule-16": [
            {
                "part": null,
                "replacement-node": 94,
                "expression-node": 95,
                "template-line-number": 551,
                "node-pos": 181
            }
        ],
        "rule-17": [
            {
                "part": null,
                "replacement-node": 97,
                "expression-node": 98,
                "template-line-number": 560,
                "node-pos": 185
            }
        ],
        "rule-18": [
            {
                "part": null,
                "replacement-node": 100,
                "expression-node": 101,
                "template-line-number": 569,
                "node-pos": 189
            }
        ],
        "rule-19": [
            {
                "part": null,
                "replacement-node": 103,
                "expression-node": 104,
                "template-line-number": 582,
                "node-pos": 197
            }
        ],
        "rule-20": [
            {
                "part": null,
                "replacement-node": 106,
                "expression-node": 107,
                "template-line-number": 591,
                "node-pos": 201
            }
        ],
        "rule-21": [
            {
                "part": null,
                "replacement-node": 109,
                "template-line-number": 602,
                "node-pos": 206
            }
        ],
        "rule-22": [
            {
                "part": null,
                "replacement-node": 111,
                "template-line-number": 614,
                "node-pos": 209
            }
        ],
        "rule-23": [
            {
                "part": null,
                "replacement-node": 154,
                "template-line-number": 795,
                "node-pos": 282
            }
        ],
        "rule-24": [
            {
                "part": null,
                "replacement-node": 157,
                "expression-node": 158,
                "template-line-number": 817,
                "node-pos": 288
            }
        ],
        "rule-25": [
            {
                "part": null,
                "replacement-node": 160,
                "expression-node": 161,
                "template-line-number": 827,
                "node-pos": 293
            }
        ],
        "rule-26": [
            {
                "part": null,
                "replacement-node": 163,
                "expression-node": 164,
                "template-line-number": 836,
                "node-pos": 297
            }
        ],
        "rule-27": [
            {
                "part": null,
                "replacement-node": 166,
                "expression-node": 167,
                "template-line-number": 845,
                "node-pos": 301
            }
        ],
        "rule-28": [
            {
                "part": null,
                "replacement-node": 169,
                "expression-node": 170,
                "template-line-number": 858,
                "node-pos": 309
            }
        ],
        "rule-29": [
            {
                "part": null,
                "replacement-node": 172,
                "expression-node": 173,
                "template-line-number": 867,
                "node-pos": 313
            }
        ],
        "rule-30": [
            {
                "part": null,
                "replacement-node": 175,
                "template-line-number": 877,
                "node-pos": 318
            }
        ],
        "rule-31": [
            {
                "part": null,
                "replacement-node": 177,
                "template-line-number": 893,
                "node-pos": 321
            }
        ],
        "rule-32": [
            {
                "part": null,
                "replacement-node": 220,
                "template-line-number": 1077,
                "node-pos": 394
            }
        ],
        "rule-33": [
            {
                "part": null,
                "replacement-node": 223,
                "expression-node": 224,
                "template-line-number": 1104,
                "node-pos": 400
            }
        ],
        "rule-34": [
            {
                "part": null,
                "replacement-node": 226,
                "expression-node": 227,
                "template-line-number": 1114,
                "node-pos": 405
            }
        ],
        "rule-35": [
            {
                "part": null,
                "replacement-node": 229,
                "expression-node": 230,
                "template-line-number": 1123,
                "node-pos": 409
            }
        ],
        "rule-36": [
            {
                "part": null,
                "replacement-node": 232,
                "expression-node": 233,
                "template-line-number": 1132,
                "node-pos": 413
            }
        ],
        "rule-37": [
            {
                "part": null,
                "replacement-node": 235,
                "expression-node": 236,
                "template-line-number": 1145,
                "node-pos": 421
            }
        ],
        "rule-38": [
            {
                "part": null,
                "replacement-node": 238,
                "expression-node": 239,
                "template-line-number": 1154,
                "node-pos": 425
            }
        ],
        "rule-39": [
            {
                "part": null,
                "replacement-node": 241,
                "template-line-number": 1164,
                "node-pos": 430
            }
        ],
        "rule-40": [
            {
                "part": null,
                "replacement-node": 243,
                "template-line-number": 1184,
                "node-pos": 433
            }
        ],
        "rule-41": [
            {
                "part": null,
                "replacement-node": 286,
                "template-line-number": 1372,
                "node-pos": 506
            }
        ],
        "rule-42": [
            {
                "part": null,
                "replacement-node": 289,
                "expression-node": 290,
                "template-line-number": 1402,
                "node-pos": 512
            }
        ],
        "rule-43": [
            {
                "part": null,
                "replacement-node": 292,
                "expression-node": 293,
                "template-line-number": 1412,
                "node-pos": 517
            }
        ],
        "rule-44": [
            {
                "part": null,
                "replacement-node": 295,
                "expression-node": 296,
                "template-line-number": 1421,
                "node-pos": 521
            }
        ],
        "rule-45": [
            {
                "part": null,
                "replacement-node": 298,
                "expression-node": 299,
                "template-line-number": 1430,
                "node-pos": 525
            }
        ],
        "rule-46": [
            {
                "part": null,
                "replacement-node": 301,
                "expression-node": 302,
                "template-line-number": 1443,
                "node-pos": 533
            }
        ],
        "rule-47": [
            {
                "part": null,
                "replacement-node": 304,
                "expression-node": 305,
                "template-line-number": 1452,
                "node-pos": 537
            }
        ],
        "rule-48": [
            {
                "part": null,
                "replacement-node": 341,
                "expression-node": 342,
                "template-line-number": 1604,
                "node-pos": 596
            }
        ],
        "rule-49": [
            {
                "part": null,
                "replacement-node": 344,
                "expression-node": 345,
                "template-line-number": 1613,
                "node-pos": 600
            }
        ],
        "rule-50": [
            {
                "part": null,
                "replacement-node": 347,
                "expression-node": 348,
                "template-line-number": 1629,
                "node-pos": 611
            }
        ],
        "rule-51": [
            {
                "part": null,
                "replacement-node": 350,
                "expression-node": 351,
                "template-line-number": 1638,
                "node-pos": 615
            }
        ],
        "rule-52": [
            {
                "part": null,
                "replacement-node": 353,
                "expression-node": 354,
                "template-line-number": 1651,
                "node-pos": 621
            }
        ],
        "rule-53": [
            {
                "part": null,
                "replacement-node": 356,
                "template-line-number": 1656,
                "node-pos": 625
            }
        ],
        "rule-54": [
            {
                "part": null,
                "replacement-node": 359,
                "template-line-number": 1665,
                "node-pos": 629
            }
        ],
        "rule-55": {
            "name": "AdvancesLineItems",
            "subs": [
                {
                    "name": "AdvancesLineItems",
                    "part": "10",
                    "replacement-node": 208,
                    "expression-node": 209,
                    "template-line-number": 1053,
                    "node-pos": 377
                },
                {
                    "name": "AdvancesLineItems",
                    "part": "11",
                    "replacement-node": 211,
                    "expression-node": 212,
                    "template-line-number": 1058,
                    "node-pos": 381
                },
                {
                    "name": "AdvancesLineItems",
                    "part": "12",
                    "replacement-node": 214,
                    "expression-node": 215,
                    "template-line-number": 1063,
                    "node-pos": 385
                },
                {
                    "name": "AdvancesLineItems",
                    "part": "13",
                    "replacement-node": 217,
                    "expression-node": 218,
                    "template-line-number": 1068,
                    "node-pos": 389
                },
                {
                    "name": "AdvancesLineItems",
                    "part": "2",
                    "replacement-node": 184,
                    "expression-node": 185,
                    "template-line-number": 1012,
                    "node-pos": 344
                },
                {
                    "name": "AdvancesLineItems",
                    "part": "3",
                    "replacement-node": 187,
                    "expression-node": 188,
                    "template-line-number": 1017,
                    "node-pos": 348
                },
                {
                    "name": "AdvancesLineItems",
                    "part": "4",
                    "replacement-node": 190,
                    "expression-node": 191,
                    "template-line-number": 1022,
                    "node-pos": 352
                },
                {
                    "name": "AdvancesLineItems",
                    "part": "5",
                    "replacement-node": 193,
                    "expression-node": 194,
                    "template-line-number": 1028,
                    "node-pos": 357
                },
                {
                    "name": "AdvancesLineItems",
                    "part": "6",
                    "replacement-node": 196,
                    "expression-node": 197,
                    "template-line-number": 1033,
                    "node-pos": 361
                },
                {
                    "name": "AdvancesLineItems",
                    "part": "7",
                    "replacement-node": 199,
                    "expression-node": 200,
                    "template-line-number": 1038,
                    "node-pos": 365
                },
                {
                    "name": "AdvancesLineItems",
                    "part": "8",
                    "replacement-node": 202,
                    "expression-node": 203,
                    "template-line-number": 1043,
                    "node-pos": 369
                },
                {
                    "name": "AdvancesLineItems",
                    "part": "9",
                    "replacement-node": 205,
                    "expression-node": 206,
                    "template-line-number": 1048,
                    "node-pos": 373
                }
            ]
        },
        "rule-56": {
            "name": "BondsLineItems",
            "subs": [
                {
                    "name": "BondsLineItems",
                    "part": "10",
                    "replacement-node": 76,
                    "expression-node": 77,
                    "template-line-number": 499,
                    "node-pos": 153
                },
                {
                    "name": "BondsLineItems",
                    "part": "11",
                    "replacement-node": 79,
                    "expression-node": 80,
                    "template-line-number": 504,
                    "node-pos": 157
                },
                {
                    "name": "BondsLineItems",
                    "part": "12",
                    "replacement-node": 82,
                    "expression-node": 83,
                    "template-line-number": 509,
                    "node-pos": 161
                },
                {
                    "name": "BondsLineItems",
                    "part": "13",
                    "replacement-node": 85,
                    "expression-node": 86,
                    "template-line-number": 514,
                    "node-pos": 165
                },
                {
                    "name": "BondsLineItems",
                    "part": "2",
                    "replacement-node": 52,
                    "expression-node": 53,
                    "template-line-number": 458,
                    "node-pos": 120
                },
                {
                    "name": "BondsLineItems",
                    "part": "3",
                    "replacement-node": 55,
                    "expression-node": 56,
                    "template-line-number": 463,
                    "node-pos": 124
                },
                {
                    "name": "BondsLineItems",
                    "part": "4",
                    "replacement-node": 58,
                    "expression-node": 59,
                    "template-line-number": 468,
                    "node-pos": 128
                },
                {
                    "name": "BondsLineItems",
                    "part": "5",
                    "replacement-node": 61,
                    "expression-node": 62,
                    "template-line-number": 474,
                    "node-pos": 133
                },
                {
                    "name": "BondsLineItems",
                    "part": "6",
                    "replacement-node": 64,
                    "expression-node": 65,
                    "template-line-number": 479,
                    "node-pos": 137
                },
                {
                    "name": "BondsLineItems",
                    "part": "7",
                    "replacement-node": 67,
                    "expression-node": 68,
                    "template-line-number": 484,
                    "node-pos": 141
                },
                {
                    "name": "BondsLineItems",
                    "part": "8",
                    "replacement-node": 70,
                    "expression-node": 71,
                    "template-line-number": 489,
                    "node-pos": 145
                },
                {
                    "name": "BondsLineItems",
                    "part": "9",
                    "replacement-node": 73,
                    "expression-node": 74,
                    "template-line-number": 494,
                    "node-pos": 149
                }
            ]
        },
        "rule-57": {
            "name": "LongTermDebtHeader",
            "subs": [
                {
                    "name": "LongTermDebtHeader",
                    "part": "1",
                    "replacement-node": 308,
                    "template-line-number": 1471,
                    "extras": {},
                    "node-pos": 543
                }
            ]
        },
        "rule-58": {
            "name": "ReacquiredBondsLineItems",
            "subs": [
                {
                    "name": "ReacquiredBondsLineItems",
                    "part": "10",
                    "replacement-node": 142,
                    "expression-node": 143,
                    "template-line-number": 771,
                    "node-pos": 265
                },
                {
                    "name": "ReacquiredBondsLineItems",
                    "part": "11",
                    "replacement-node": 145,
                    "expression-node": 146,
                    "template-line-number": 776,
                    "node-pos": 269
                },
                {
                    "name": "ReacquiredBondsLineItems",
                    "part": "12",
                    "replacement-node": 148,
                    "expression-node": 149,
                    "template-line-number": 781,
                    "node-pos": 273
                },
                {
                    "name": "ReacquiredBondsLineItems",
                    "part": "13",
                    "replacement-node": 151,
                    "expression-node": 152,
                    "template-line-number": 786,
                    "node-pos": 277
                },
                {
                    "name": "ReacquiredBondsLineItems",
                    "part": "2",
                    "replacement-node": 118,
                    "expression-node": 119,
                    "template-line-number": 730,
                    "node-pos": 232
                },
                {
                    "name": "ReacquiredBondsLineItems",
                    "part": "3",
                    "replacement-node": 121,
                    "expression-node": 122,
                    "template-line-number": 735,
                    "node-pos": 236
                },
                {
                    "name": "ReacquiredBondsLineItems",
                    "part": "4",
                    "replacement-node": 124,
                    "expression-node": 125,
                    "template-line-number": 740,
                    "node-pos": 240
                },
                {
                    "name": "ReacquiredBondsLineItems",
                    "part": "5",
                    "replacement-node": 127,
                    "expression-node": 128,
                    "template-line-number": 746,
                    "node-pos": 245
                },
                {
                    "name": "ReacquiredBondsLineItems",
                    "part": "6",
                    "replacement-node": 130,
                    "expression-node": 131,
                    "template-line-number": 751,
                    "node-pos": 249
                },
                {
                    "name": "ReacquiredBondsLineItems",
                    "part": "7",
                    "replacement-node": 133,
                    "expression-node": 134,
                    "template-line-number": 756,
                    "node-pos": 253
                },
                {
                    "name": "ReacquiredBondsLineItems",
                    "part": "8",
                    "replacement-node": 136,
                    "expression-node": 137,
                    "template-line-number": 761,
                    "node-pos": 257
                },
                {
                    "name": "ReacquiredBondsLineItems",
                    "part": "9",
                    "replacement-node": 139,
                    "expression-node": 140,
                    "template-line-number": 766,
                    "node-pos": 261
                }
            ]
        },
        "rule-59": {
            "name": "LongTermDebtHeadings",
            "subs": [
                {
                    "name": "LongTermDebtHeadings",
                    "part": "1",
                    "replacement-node": 39,
                    "template-line-number": 146,
                    "extras": {},
                    "node-pos": 87,
                    "html": true
                },
                {
                    "name": "LongTermDebtHeadings",
                    "part": "2",
                    "replacement-node": 42,
                    "template-line-number": 155,
                    "extras": {},
                    "node-pos": 91
                },
                {
                    "name": "LongTermDebtHeadings",
                    "part": "3",
                    "replacement-node": 37,
                    "template-line-number": 142,
                    "extras": {},
                    "node-pos": 85
                }
            ]
        },
        "rule-60": {
            "name": "LongTermDebtLineItems",
            "subs": [
                {
                    "name": "LongTermDebtLineItems",
                    "part": "10",
                    "replacement-node": 338,
                    "expression-node": 339,
                    "template-line-number": 1591,
                    "node-pos": 588
                },
                {
                    "name": "LongTermDebtLineItems",
                    "part": "2",
                    "replacement-node": 314,
                    "expression-node": 315,
                    "template-line-number": 1545,
                    "node-pos": 552
                },
                {
                    "name": "LongTermDebtLineItems",
                    "part": "3",
                    "replacement-node": 317,
                    "expression-node": 318,
                    "template-line-number": 1553,
                    "node-pos": 557
                },
                {
                    "name": "LongTermDebtLineItems",
                    "part": "4",
                    "replacement-node": 320,
                    "expression-node": 321,
                    "template-line-number": 1558,
                    "node-pos": 561
                },
                {
                    "name": "LongTermDebtLineItems",
                    "part": "5",
                    "replacement-node": 323,
                    "expression-node": 324,
                    "template-line-number": 1566,
                    "node-pos": 568
                },
                {
                    "name": "LongTermDebtLineItems",
                    "part": "6",
                    "replacement-node": 326,
                    "expression-node": 327,
                    "template-line-number": 1571,
                    "node-pos": 572
                },
                {
                    "name": "LongTermDebtLineItems",
                    "part": "7",
                    "replacement-node": 329,
                    "expression-node": 330,
                    "template-line-number": 1576,
                    "node-pos": 576
                },
                {
                    "name": "LongTermDebtLineItems",
                    "part": "8",
                    "replacement-node": 332,
                    "expression-node": 333,
                    "template-line-number": 1581,
                    "node-pos": 580
                },
                {
                    "name": "LongTermDebtLineItems",
                    "part": "9",
                    "replacement-node": 335,
                    "expression-node": 336,
                    "template-line-number": 1586,
                    "node-pos": 584
                }
            ]
        },
        "rule-61": {
            "name": "OtherLongTermDebtLineItems",
            "subs": [
                {
                    "name": "OtherLongTermDebtLineItems",
                    "part": "10",
                    "replacement-node": 274,
                    "expression-node": 275,
                    "template-line-number": 1348,
                    "node-pos": 489
                },
                {
                    "name": "OtherLongTermDebtLineItems",
                    "part": "11",
                    "replacement-node": 277,
                    "expression-node": 278,
                    "template-line-number": 1353,
                    "node-pos": 493
                },
                {
                    "name": "OtherLongTermDebtLineItems",
                    "part": "12",
                    "replacement-node": 280,
                    "expression-node": 281,
                    "template-line-number": 1358,
                    "node-pos": 497
                },
                {
                    "name": "OtherLongTermDebtLineItems",
                    "part": "13",
                    "replacement-node": 283,
                    "expression-node": 284,
                    "template-line-number": 1363,
                    "node-pos": 501
                },
                {
                    "name": "OtherLongTermDebtLineItems",
                    "part": "2",
                    "replacement-node": 250,
                    "expression-node": 251,
                    "template-line-number": 1307,
                    "node-pos": 456
                },
                {
                    "name": "OtherLongTermDebtLineItems",
                    "part": "3",
                    "replacement-node": 253,
                    "expression-node": 254,
                    "template-line-number": 1312,
                    "node-pos": 460
                },
                {
                    "name": "OtherLongTermDebtLineItems",
                    "part": "4",
                    "replacement-node": 256,
                    "expression-node": 257,
                    "template-line-number": 1317,
                    "node-pos": 464
                },
                {
                    "name": "OtherLongTermDebtLineItems",
                    "part": "5",
                    "replacement-node": 259,
                    "expression-node": 260,
                    "template-line-number": 1323,
                    "node-pos": 469
                },
                {
                    "name": "OtherLongTermDebtLineItems",
                    "part": "6",
                    "replacement-node": 262,
                    "expression-node": 263,
                    "template-line-number": 1328,
                    "node-pos": 473
                },
                {
                    "name": "OtherLongTermDebtLineItems",
                    "part": "7",
                    "replacement-node": 265,
                    "expression-node": 266,
                    "template-line-number": 1333,
                    "node-pos": 477
                },
                {
                    "name": "OtherLongTermDebtLineItems",
                    "part": "8",
                    "replacement-node": 268,
                    "expression-node": 269,
                    "template-line-number": 1338,
                    "node-pos": 481
                },
                {
                    "name": "OtherLongTermDebtLineItems",
                    "part": "9",
                    "replacement-node": 271,
                    "expression-node": 272,
                    "template-line-number": 1343,
                    "node-pos": 485
                }
            ]
        }
    },
    "line-numbers": {
        "BondsLineItems": [
            {
                "line-number-node": 49,
                "start-number": 2,
                "template-line-number": 455
            }
        ],
        "ReacquiredBondsLineItems": [
            {
                "line-number-node": 115,
                "start-rule": "rule-62",
                "template-line-number": 717
            }
        ],
        "AdvancesLineItems": [
            {
                "line-number-node": 181,
                "start-rule": "rule-63",
                "template-line-number": 996
            }
        ],
        "OtherLongTermDebtLineItems": [
            {
                "line-number-node": 247,
                "start-rule": "rule-64",
                "template-line-number": 1287
            }
        ],
        "LongTermDebtLineItems": [
            {
                "line-number-node": 311,
                "start-number": 1,
                "template-line-number": 1542
            }
        ]
    },
    "showifs": {},
    "footnotes": {},
    "standard-rules": [
        "rule-1",
        "rule-2",
        "rule-3",
        "rule-4",
        "rule-5",
        "rule-6",
        "rule-7",
        "rule-8",
        "rule-9",
        "rule-10",
        "rule-11",
        "rule-12",
        "rule-13",
        "rule-14",
        "rule-15",
        "rule-16",
        "rule-17",
        "rule-18",
        "rule-19",
        "rule-20",
        "rule-21",
        "rule-22",
        "rule-23",
        "rule-24",
        "rule-25",
        "rule-26",
        "rule-27",
        "rule-28",
        "rule-29",
        "rule-30",
        "rule-31",
        "rule-32",
        "rule-33",
        "rule-34",
        "rule-35",
        "rule-36",
        "rule-37",
        "rule-38",
        "rule-39",
        "rule-40",
        "rule-41",
        "rule-42",
        "rule-43",
        "rule-44",
        "rule-45",
        "rule-46",
        "rule-47",
        "rule-48",
        "rule-49",
        "rule-50",
        "rule-51",
        "rule-52",
        "rule-53",
        "rule-54",
        "rule-55",
        "rule-56",
        "rule-57",
        "rule-58",
        "rule-59",
        "rule-60",
        "rule-61"
    ],
    "footnote-rules": []
}