{
    "substitutions": {
        "rule-2": [
            {
                "part": null,
                "replacement-node": 1,
                "template-line-number": 28,
                "node-pos": 11
            }
        ],
        "rule-3": [
            {
                "part": null,
                "replacement-node": 4,
                "expression-node": 5,
                "template-line-number": 34,
                "node-pos": 15
            }
        ],
        "rule-4": [
            {
                "part": null,
                "replacement-node": 7,
                "template-line-number": 40,
                "node-pos": 19
            }
        ],
        "rule-5": [
            {
                "part": null,
                "replacement-node": 10,
                "template-line-number": 46,
                "node-pos": 23,
                "html": true
            }
        ],
        "rule-6": [
            {
                "part": null,
                "replacement-node": 13,
                "template-line-number": 58,
                "node-pos": 28,
                "html": true
            }
        ],
        "rule-7": [
            {
                "part": null,
                "replacement-node": 16,
                "template-line-number": 69,
                "node-pos": 33
            }
        ],
        "rule-8": [
            {
                "part": null,
                "replacement-node": 19,
                "expression-node": 20,
                "template-line-number": 74,
                "node-pos": 37
            }
        ],
        "rule-9": [
            {
                "part": null,
                "replacement-node": 22,
                "template-line-number": 79,
                "node-pos": 41
            }
        ],
        "rule-10": [
            {
                "part": null,
                "replacement-node": 25,
                "expression-node": 26,
                "template-line-number": 84,
                "node-pos": 45
            }
        ],
        "rule-11": [
            {
                "part": null,
                "replacement-node": 28,
                "expression-node": 29,
                "template-line-number": 89,
                "node-pos": 49
            }
        ],
        "rule-12": [
            {
                "part": null,
                "replacement-node": 31,
                "template-line-number": 99,
                "node-pos": 55
            }
        ],
        "rule-13": [
            {
                "part": null,
                "replacement-node": 34,
                "template-line-number": 110,
                "node-pos": 60,
                "html": true
            }
        ],
        "rule-14": [
            {
                "part": null,
                "replacement-node": 65,
                "expression-node": 66,
                "template-line-number": 289,
                "node-pos": 111
            }
        ],
        "rule-15": [
            {
                "part": null,
                "replacement-node": 68,
                "expression-node": 69,
                "template-line-number": 299,
                "node-pos": 115
            }
        ],
        "rule-16": [
            {
                "part": null,
                "replacement-node": 71,
                "expression-node": 72,
                "template-line-number": 313,
                "node-pos": 121
            }
        ],
        "rule-17": [
            {
                "part": null,
                "replacement-node": 74,
                "template-line-number": 318,
                "node-pos": 125
            }
        ],
        "rule-18": [
            {
                "part": null,
                "replacement-node": 77,
                "template-line-number": 327,
                "node-pos": 129
            }
        ],
        "rule-19": {
            "name": "ScheduleHeadings",
            "subs": [
                {
                    "name": "ScheduleHeadings",
                    "part": "1",
                    "replacement-node": 38,
                    "template-line-number": 133,
                    "extras": {},
                    "node-pos": 69
                },
                {
                    "name": "ScheduleHeadings",
                    "part": "2",
                    "replacement-node": 41,
                    "template-line-number": 140,
                    "extras": {},
                    "node-pos": 73
                }
            ]
        },
        "rule-20": {
            "name": "AppropriatedRILineItems",
            "subs": [
                {
                    "name": "AppropriatedRILineItems",
                    "part": "1",
                    "replacement-node": 45,
                    "template-line-number": 192,
                    "extras": {},
                    "node-pos": 79
                },
                {
                    "name": "AppropriatedRILineItems",
                    "part": "2",
                    "replacement-node": 47,
                    "template-line-number": 198,
                    "extras": {},
                    "node-pos": 82
                },
                {
                    "name": "AppropriatedRILineItems",
                    "part": "2",
                    "replacement-node": 49,
                    "expression-node": 50,
                    "template-line-number": 205,
                    "node-pos": 85
                },
                {
                    "name": "AppropriatedRILineItems",
                    "part": "3",
                    "replacement-node": 51,
                    "expression-node": 52,
                    "template-line-number": 213,
                    "node-pos": 88
                }
            ]
        },
        "rule-21": {
            "name": "AppropriatedRI",
            "subs": [
                {
                    "name": "AppropriatedRI",
                    "part": "2",
                    "replacement-node": 56,
                    "expression-node": 57,
                    "template-line-number": 265,
                    "node-pos": 96
                },
                {
                    "name": "AppropriatedRI",
                    "part": "3",
                    "replacement-node": 59,
                    "expression-node": 60,
                    "template-line-number": 270,
                    "node-pos": 100
                },
                {
                    "name": "AppropriatedRI",
                    "part": "4",
                    "replacement-node": 62,
                    "expression-node": 63,
                    "template-line-number": 275,
                    "node-pos": 104
                }
            ]
        }
    },
    "line-numbers": {
        "AppropriatedRI": [
            {
                "line-number-node": 54,
                "start-number": 7,
                "template-line-number": 261
            }
        ]
    },
    "showifs": {
        "rule-1": {
            "type": "showif",
            "template-line-number": 18
        }
    },
    "footnotes": {},
    "standard-rules": [
        "rule-2",
        "rule-3",
        "rule-4",
        "rule-5",
        "rule-6",
        "rule-7",
        "rule-8",
        "rule-9",
        "rule-10",
        "rule-11",
        "rule-12",
        "rule-13",
        "rule-14",
        "rule-15",
        "rule-16",
        "rule-17",
        "rule-18",
        "rule-19",
        "rule-20",
        "rule-21"
    ],
    "footnote-rules": []
}