{
    "substitutions": {
        "rule-2": [
            {
                "part": null,
                "replacement-node": 1,
                "template-line-number": 29,
                "node-pos": 10
            }
        ],
        "rule-3": [
            {
                "part": null,
                "replacement-node": 4,
                "expression-node": 5,
                "template-line-number": 34,
                "node-pos": 14
            }
        ],
        "rule-4": [
            {
                "part": null,
                "replacement-node": 7,
                "template-line-number": 40,
                "node-pos": 18
            }
        ],
        "rule-5": [
            {
                "part": null,
                "replacement-node": 10,
                "template-line-number": 46,
                "node-pos": 22,
                "html": true
            }
        ],
        "rule-6": [
            {
                "part": null,
                "replacement-node": 13,
                "template-line-number": 58,
                "node-pos": 27,
                "html": true
            }
        ],
        "rule-7": [
            {
                "part": null,
                "replacement-node": 16,
                "template-line-number": 69,
                "node-pos": 32
            }
        ],
        "rule-8": [
            {
                "part": null,
                "replacement-node": 19,
                "expression-node": 20,
                "template-line-number": 74,
                "node-pos": 36
            }
        ],
        "rule-9": [
            {
                "part": null,
                "replacement-node": 22,
                "template-line-number": 79,
                "node-pos": 40
            }
        ],
        "rule-10": [
            {
                "part": null,
                "replacement-node": 25,
                "expression-node": 26,
                "template-line-number": 84,
                "node-pos": 44
            }
        ],
        "rule-11": [
            {
                "part": null,
                "replacement-node": 28,
                "expression-node": 29,
                "template-line-number": 89,
                "node-pos": 48
            }
        ],
        "rule-12": [
            {
                "part": null,
                "replacement-node": 31,
                "template-line-number": 99,
                "node-pos": 54
            }
        ],
        "rule-13": [
            {
                "part": null,
                "replacement-node": 34,
                "template-line-number": 110,
                "node-pos": 59,
                "html": true
            }
        ],
        "rule-14": [
            {
                "part": null,
                "replacement-node": 67,
                "expression-node": 68,
                "template-line-number": 278,
                "node-pos": 119
            }
        ],
        "rule-15": [
            {
                "part": null,
                "replacement-node": 70,
                "template-line-number": 285,
                "node-pos": 123
            }
        ],
        "rule-16": [
            {
                "part": null,
                "replacement-node": 73,
                "template-line-number": 295,
                "node-pos": 127
            }
        ],
        "rule-17": {
            "name": "ElectricPlantInServiceHeadings",
            "subs": [
                {
                    "name": "ElectricPlantInServiceHeadings",
                    "part": "1",
                    "replacement-node": 38,
                    "template-line-number": 144,
                    "extras": {},
                    "node-pos": 77
                },
                {
                    "name": "ElectricPlantInServiceHeadings",
                    "part": "2",
                    "replacement-node": 41,
                    "template-line-number": 151,
                    "extras": {},
                    "node-pos": 81
                }
            ]
        },
        "rule-18": {
            "name": "IntangiblePlantLineItems",
            "subs": [
                {
                    "name": "IntangiblePlantLineItems",
                    "part": "1",
                    "replacement-node": 45,
                    "template-line-number": 213,
                    "extras": {},
                    "node-pos": 87
                },
                {
                    "name": "IntangiblePlantLineItems",
                    "part": "1",
                    "replacement-node": 47,
                    "template-line-number": 219,
                    "extras": {},
                    "node-pos": 90
                },
                {
                    "name": "IntangiblePlantLineItems",
                    "part": "2",
                    "replacement-node": 49,
                    "expression-node": 50,
                    "template-line-number": 226,
                    "node-pos": 93
                },
                {
                    "name": "IntangiblePlantLineItems",
                    "part": "3",
                    "replacement-node": 52,
                    "expression-node": 53,
                    "template-line-number": 234,
                    "node-pos": 97
                },
                {
                    "name": "IntangiblePlantLineItems",
                    "part": "4",
                    "replacement-node": 55,
                    "expression-node": 56,
                    "template-line-number": 242,
                    "node-pos": 101
                },
                {
                    "name": "IntangiblePlantLineItems",
                    "part": "5",
                    "replacement-node": 58,
                    "expression-node": 59,
                    "template-line-number": 250,
                    "node-pos": 105
                },
                {
                    "name": "IntangiblePlantLineItems",
                    "part": "6",
                    "replacement-node": 61,
                    "expression-node": 62,
                    "template-line-number": 258,
                    "node-pos": 109
                },
                {
                    "name": "IntangiblePlantLineItems",
                    "part": "7",
                    "replacement-node": 64,
                    "expression-node": 65,
                    "template-line-number": 266,
                    "node-pos": 113
                }
            ]
        }
    },
    "line-numbers": {},
    "showifs": {
        "rule-1": {
            "type": "showif",
            "template-line-number": 18
        }
    },
    "footnotes": {},
    "standard-rules": [
        "rule-2",
        "rule-3",
        "rule-4",
        "rule-5",
        "rule-6",
        "rule-7",
        "rule-8",
        "rule-9",
        "rule-10",
        "rule-11",
        "rule-12",
        "rule-13",
        "rule-14",
        "rule-15",
        "rule-16",
        "rule-17",
        "rule-18"
    ],
    "footnote-rules": []
}