{
    "templates": [
        {
            "name": "Form 2 - 000 - Cover",
            "template": "templates/t0/t0-template.html",
            "xule-rule-set": "templates/t0/t0-xule-rule-set.zip",
            "xule-text": "templates/t0/t0-xule-text.xule",
            "rule-meta-data": "templates/t0/t0-rule-meta-data.json"
        },
        {
            "name": "Form 2 - 000 - Instructions",
            "template": "templates/t1/t1-template.html",
            "xule-rule-set": "templates/t1/t1-xule-rule-set.zip",
            "xule-text": "templates/t1/t1-xule-text.xule",
            "rule-meta-data": "templates/t1/t1-rule-meta-data.json"
        },
        {
            "name": "Form 2 - 001 - Identification",
            "template": "templates/t2/t2-template.html",
            "xule-rule-set": "templates/t2/t2-xule-rule-set.zip",
            "xule-text": "templates/t2/t2-xule-text.xule",
            "rule-meta-data": "templates/t2/t2-rule-meta-data.json"
        },
        {
            "name": "Form 2 - 002 - 2Q - List of Schedules (Natural Gas Company)",
            "template": "templates/t3/t3-template.html",
            "xule-rule-set": "templates/t3/t3-xule-rule-set.zip",
            "xule-text": "templates/t3/t3-xule-text.xule",
            "rule-meta-data": "templates/t3/t3-rule-meta-data.json"
        },
        {
            "name": "Form 2 - 108 - Important Changes During QuarterYear",
            "template": "templates/t4/t4-template.html",
            "xule-rule-set": "templates/t4/t4-xule-rule-set.zip",
            "xule-text": "templates/t4/t4-xule-text.xule",
            "rule-meta-data": "templates/t4/t4-rule-meta-data.json"
        },
        {
            "name": "Form 2 - 110 - Comparative Balance Sheet - Assets And Other Debits",
            "template": "templates/t5/t5-template.html",
            "xule-rule-set": "templates/t5/t5-xule-rule-set.zip",
            "xule-text": "templates/t5/t5-xule-text.xule",
            "rule-meta-data": "templates/t5/t5-rule-meta-data.json"
        },
        {
            "name": "Form 2 - 110 - Comparative Balance Sheet - Liabilities and Other Credits",
            "template": "templates/t6/t6-template.html",
            "xule-rule-set": "templates/t6/t6-xule-rule-set.zip",
            "xule-text": "templates/t6/t6-xule-text.xule",
            "rule-meta-data": "templates/t6/t6-rule-meta-data.json"
        },
        {
            "name": "Form 2 - 114 - Statement of Income",
            "template": "templates/t7/t7-template.html",
            "xule-rule-set": "templates/t7/t7-xule-rule-set.zip",
            "xule-text": "templates/t7/t7-xule-text.xule",
            "rule-meta-data": "templates/t7/t7-rule-meta-data.json"
        },
        {
            "name": "Form 2 - 117 - Statement of Accumulated Other Comprehensive Income and Hedging Activities",
            "template": "templates/t8/t8-template.html",
            "xule-rule-set": "templates/t8/t8-xule-rule-set.zip",
            "xule-text": "templates/t8/t8-xule-text.xule",
            "rule-meta-data": "templates/t8/t8-rule-meta-data.json"
        },
        {
            "name": "Form 2 - 118 - Statement of Retained Earnings",
            "template": "templates/t9/t9-template.html",
            "xule-rule-set": "templates/t9/t9-xule-rule-set.zip",
            "xule-text": "templates/t9/t9-xule-text.xule",
            "rule-meta-data": "templates/t9/t9-rule-meta-data.json"
        },
        {
            "name": "Form 2 - 120 - Statement of Cash Flows",
            "template": "templates/t10/t10-template.html",
            "xule-rule-set": "templates/t10/t10-xule-rule-set.zip",
            "xule-text": "templates/t10/t10-xule-text.xule",
            "rule-meta-data": "templates/t10/t10-rule-meta-data.json"
        },
        {
            "name": "Form 2 - 122 - Notes to Financial Statements",
            "template": "templates/t11/t11-template.html",
            "xule-rule-set": "templates/t11/t11-xule-rule-set.zip",
            "xule-text": "templates/t11/t11-xule-text.xule",
            "rule-meta-data": "templates/t11/t11-rule-meta-data.json"
        },
        {
            "name": "Form 2 - 200 - Summary of Utility Plant and Accumulated Provisions for Depreciation, Amortization and Depletion",
            "template": "templates/t12/t12-template.html",
            "xule-rule-set": "templates/t12/t12-xule-rule-set.zip",
            "xule-text": "templates/t12/t12-xule-text.xule",
            "rule-meta-data": "templates/t12/t12-rule-meta-data.json"
        },
        {
            "name": "Form 2 - 210 - 2Q - Gas Plant in Service and Accumulated Provision for Depreciation by Function",
            "template": "templates/t13/t13-template.html",
            "xule-rule-set": "templates/t13/t13-xule-rule-set.zip",
            "xule-text": "templates/t13/t13-xule-text.xule",
            "rule-meta-data": "templates/t13/t13-rule-meta-data.json"
        },
        {
            "name": "Form 2 - 232 - Other Regulatory Assets",
            "template": "templates/t14/t14-template.html",
            "xule-rule-set": "templates/t14/t14-xule-rule-set.zip",
            "xule-text": "templates/t14/t14-xule-text.xule",
            "rule-meta-data": "templates/t14/t14-rule-meta-data.json"
        },
        {
            "name": "Form 2 - 278 - Other Regulatory Liabilities (Account 254)",
            "template": "templates/t15/t15-template.html",
            "xule-rule-set": "templates/t15/t15-xule-rule-set.zip",
            "xule-text": "templates/t15/t15-xule-text.xule",
            "rule-meta-data": "templates/t15/t15-rule-meta-data.json"
        },
        {
            "name": "Form 2 - 299 - Monthly Quantity _ Revenue Data by Rate Schedule",
            "template": "templates/t16/t16-template.html",
            "xule-rule-set": "templates/t16/t16-xule-rule-set.zip",
            "xule-text": "templates/t16/t16-xule-text.xule",
            "rule-meta-data": "templates/t16/t16-rule-meta-data.json"
        },
        {
            "name": "Form 2 - 309 - 2Q - Natural Gas Company- Gas Revenues and Dekatherms",
            "template": "templates/t17/t17-template.html",
            "xule-rule-set": "templates/t17/t17-xule-rule-set.zip",
            "xule-text": "templates/t17/t17-xule-text.xule",
            "rule-meta-data": "templates/t17/t17-rule-meta-data.json"
        },
        {
            "name": "Form 2 - 310 - 2Q - Gas Production and Other Gas Supply Expense",
            "template": "templates/t18/t18-template.html",
            "xule-rule-set": "templates/t18/t18-xule-rule-set.zip",
            "xule-text": "templates/t18/t18-xule-text.xule",
            "rule-meta-data": "templates/t18/t18-rule-meta-data.json"
        },
        {
            "name": "Form 2 - 311 - 2Q - Natural Gas Storage, Terminaling, Processing Services",
            "template": "templates/t19/t19-template.html",
            "xule-rule-set": "templates/t19/t19-xule-rule-set.zip",
            "xule-text": "templates/t19/t19-xule-text.xule",
            "rule-meta-data": "templates/t19/t19-rule-meta-data.json"
        },
        {
            "name": "Form 2 - 312 - 2Q - Gas Customer Accounts, Service, Sales, Administrative and General Expenses",
            "template": "templates/t20/t20-template.html",
            "xule-rule-set": "templates/t20/t20-xule-rule-set.zip",
            "xule-text": "templates/t20/t20-xule-text.xule",
            "rule-meta-data": "templates/t20/t20-rule-meta-data.json"
        },
        {
            "name": "Form 2 - 339 - 2Q - Depreciation, Depletion and Amortization of Gas Plant",
            "template": "templates/t21/t21-template.html",
            "xule-rule-set": "templates/t21/t21-xule-rule-set.zip",
            "xule-text": "templates/t21/t21-xule-text.xule",
            "rule-meta-data": "templates/t21/t21-rule-meta-data.json"
        },
        {
            "name": "Form 2 - 520 - Gas Account - Natural Gas",
            "template": "templates/t22/t22-template.html",
            "xule-rule-set": "templates/t22/t22-xule-rule-set.zip",
            "xule-text": "templates/t22/t22-xule-text.xule",
            "rule-meta-data": "templates/t22/t22-rule-meta-data.json"
        },
        {
            "name": "Form 2 - 521 - Shipper Supplied Gas for the Current Quarter-M1",
            "template": "templates/t23/t23-template.html",
            "xule-rule-set": "templates/t23/t23-xule-rule-set.zip",
            "xule-text": "templates/t23/t23-xule-text.xule",
            "rule-meta-data": "templates/t23/t23-rule-meta-data.json"
        },
        {
            "name": "Form 2 - 521 - Shipper Supplied Gas for the Current Quarter-M2",
            "template": "templates/t24/t24-template.html",
            "xule-rule-set": "templates/t24/t24-xule-rule-set.zip",
            "xule-text": "templates/t24/t24-xule-text.xule",
            "rule-meta-data": "templates/t24/t24-rule-meta-data.json"
        },
        {
            "name": "Form 2 - 521 - Shipper Supplied Gas for the Current Quarter-M3",
            "template": "templates/t25/t25-template.html",
            "xule-rule-set": "templates/t25/t25-xule-rule-set.zip",
            "xule-text": "templates/t25/t25-xule-text.xule",
            "rule-meta-data": "templates/t25/t25-rule-meta-data.json"
        }
    ],
    "css": [
        "form-template.css"
    ]
}