{
    "substitutions": {
        "rule-2": [
            {
                "part": null,
                "replacement-node": 1,
                "template-line-number": 27,
                "node-pos": 10
            }
        ],
        "rule-3": [
            {
                "part": null,
                "replacement-node": 4,
                "expression-node": 5,
                "template-line-number": 32,
                "node-pos": 14
            }
        ],
        "rule-4": [
            {
                "part": null,
                "replacement-node": 7,
                "template-line-number": 38,
                "node-pos": 18
            }
        ],
        "rule-5": [
            {
                "part": null,
                "replacement-node": 10,
                "template-line-number": 44,
                "node-pos": 22,
                "html": true
            }
        ],
        "rule-6": [
            {
                "part": null,
                "replacement-node": 13,
                "template-line-number": 56,
                "node-pos": 27,
                "html": true
            }
        ],
        "rule-7": [
            {
                "part": null,
                "replacement-node": 16,
                "template-line-number": 67,
                "node-pos": 32
            }
        ],
        "rule-8": [
            {
                "part": null,
                "replacement-node": 19,
                "expression-node": 20,
                "template-line-number": 72,
                "node-pos": 36
            }
        ],
        "rule-9": [
            {
                "part": null,
                "replacement-node": 22,
                "template-line-number": 77,
                "node-pos": 40
            }
        ],
        "rule-10": [
            {
                "part": null,
                "replacement-node": 25,
                "expression-node": 26,
                "template-line-number": 82,
                "node-pos": 45
            }
        ],
        "rule-11": [
            {
                "part": null,
                "replacement-node": 28,
                "expression-node": 29,
                "template-line-number": 87,
                "node-pos": 49
            }
        ],
        "rule-12": [
            {
                "part": null,
                "replacement-node": 31,
                "template-line-number": 97,
                "node-pos": 55
            }
        ],
        "rule-13": [
            {
                "part": null,
                "replacement-node": 34,
                "template-line-number": 108,
                "node-pos": 60,
                "html": true
            }
        ],
        "rule-14": [
            {
                "part": null,
                "replacement-node": 58,
                "expression-node": 59,
                "template-line-number": 324,
                "node-pos": 103
            }
        ],
        "rule-15": [
            {
                "part": null,
                "replacement-node": 61,
                "template-line-number": 329,
                "node-pos": 107
            }
        ],
        "rule-16": [
            {
                "part": null,
                "replacement-node": 64,
                "template-line-number": 338,
                "node-pos": 111
            }
        ],
        "rule-17": {
            "name": "OPCHeadings",
            "subs": [
                {
                    "name": "OPCHeadings",
                    "part": "1",
                    "replacement-node": 38,
                    "template-line-number": 137,
                    "extras": {},
                    "node-pos": 73
                },
                {
                    "name": "OPCHeadings",
                    "part": "2",
                    "replacement-node": 41,
                    "template-line-number": 144,
                    "extras": {},
                    "node-pos": 77
                }
            ]
        },
        "rule-18": {
            "name": "OPCLineItems",
            "subs": [
                {
                    "name": "OPCLineItems",
                    "part": "1",
                    "replacement-node": 45,
                    "template-line-number": 290,
                    "extras": {},
                    "node-pos": 83
                },
                {
                    "name": "OPCLineItems",
                    "part": "2",
                    "replacement-node": 49,
                    "expression-node": 50,
                    "template-line-number": 301,
                    "node-pos": 90
                },
                {
                    "name": "OPCLineItems",
                    "part": "5",
                    "replacement-node": 54,
                    "expression-node": 55,
                    "template-line-number": 311,
                    "node-pos": 96
                },
                {
                    "name": "OPCLineItems",
                    "part": "6",
                    "replacement-node": 47,
                    "template-line-number": 297,
                    "extras": {},
                    "node-pos": 88
                }
            ]
        }
    },
    "line-numbers": {},
    "showifs": {
        "rule-1": {
            "type": "showif",
            "template-line-number": 17
        }
    },
    "footnotes": {},
    "standard-rules": [
        "rule-2",
        "rule-3",
        "rule-4",
        "rule-5",
        "rule-6",
        "rule-7",
        "rule-8",
        "rule-9",
        "rule-10",
        "rule-11",
        "rule-12",
        "rule-13",
        "rule-14",
        "rule-15",
        "rule-16",
        "rule-17",
        "rule-18"
    ],
    "footnote-rules": []
}