{
    "substitutions": {
        "rule-2": [
            {
                "part": null,
                "replacement-node": 1,
                "template-line-number": 27,
                "node-pos": 10
            }
        ],
        "rule-3": [
            {
                "part": null,
                "replacement-node": 4,
                "expression-node": 5,
                "template-line-number": 31,
                "node-pos": 14
            }
        ],
        "rule-4": [
            {
                "part": null,
                "replacement-node": 7,
                "template-line-number": 37,
                "node-pos": 18
            }
        ],
        "rule-5": [
            {
                "part": null,
                "replacement-node": 10,
                "template-line-number": 43,
                "node-pos": 22,
                "html": true
            }
        ],
        "rule-6": [
            {
                "part": null,
                "replacement-node": 13,
                "template-line-number": 55,
                "node-pos": 27,
                "html": true
            }
        ],
        "rule-7": [
            {
                "part": null,
                "replacement-node": 16,
                "template-line-number": 66,
                "node-pos": 32
            }
        ],
        "rule-8": [
            {
                "part": null,
                "replacement-node": 19,
                "expression-node": 20,
                "template-line-number": 70,
                "node-pos": 36
            }
        ],
        "rule-9": [
            {
                "part": null,
                "replacement-node": 22,
                "template-line-number": 75,
                "node-pos": 40
            }
        ],
        "rule-10": [
            {
                "part": null,
                "replacement-node": 25,
                "expression-node": 26,
                "template-line-number": 79,
                "node-pos": 44
            }
        ],
        "rule-11": [
            {
                "part": null,
                "replacement-node": 28,
                "expression-node": 29,
                "template-line-number": 84,
                "node-pos": 48
            }
        ],
        "rule-12": [
            {
                "part": null,
                "replacement-node": 31,
                "template-line-number": 94,
                "node-pos": 54
            }
        ],
        "rule-13": [
            {
                "part": null,
                "replacement-node": 34,
                "template-line-number": 105,
                "node-pos": 59,
                "html": true
            }
        ],
        "rule-14": [
            {
                "part": null,
                "replacement-node": 116,
                "expression-node": 117,
                "template-line-number": 450,
                "node-pos": 185
            }
        ],
        "rule-15": [
            {
                "part": null,
                "replacement-node": 119,
                "expression-node": 120,
                "template-line-number": 460,
                "node-pos": 189
            }
        ],
        "rule-16": [
            {
                "part": null,
                "replacement-node": 122,
                "expression-node": 123,
                "template-line-number": 470,
                "node-pos": 193
            }
        ],
        "rule-17": [
            {
                "part": null,
                "replacement-node": 125,
                "expression-node": 126,
                "template-line-number": 480,
                "node-pos": 197
            }
        ],
        "rule-18": [
            {
                "part": null,
                "replacement-node": 128,
                "expression-node": 129,
                "template-line-number": 490,
                "node-pos": 201
            }
        ],
        "rule-19": [
            {
                "part": null,
                "replacement-node": 131,
                "expression-node": 132,
                "template-line-number": 500,
                "node-pos": 205
            }
        ],
        "rule-20": [
            {
                "part": null,
                "replacement-node": 134,
                "expression-node": 135,
                "template-line-number": 510,
                "node-pos": 209
            }
        ],
        "rule-21": [
            {
                "part": null,
                "replacement-node": 137,
                "expression-node": 138,
                "template-line-number": 520,
                "node-pos": 213
            }
        ],
        "rule-22": [
            {
                "part": null,
                "replacement-node": 140,
                "expression-node": 141,
                "template-line-number": 530,
                "node-pos": 217
            }
        ],
        "rule-23": [
            {
                "part": null,
                "replacement-node": 143,
                "expression-node": 144,
                "template-line-number": 540,
                "node-pos": 221
            }
        ],
        "rule-24": [
            {
                "part": null,
                "replacement-node": 146,
                "expression-node": 147,
                "template-line-number": 555,
                "node-pos": 227
            }
        ],
        "rule-25": [
            {
                "part": null,
                "replacement-node": 149,
                "template-line-number": 560,
                "node-pos": 231
            }
        ],
        "rule-26": [
            {
                "part": null,
                "replacement-node": 152,
                "template-line-number": 569,
                "node-pos": 235
            }
        ],
        "rule-27": {
            "name": "RevenueHeadings",
            "subs": [
                {
                    "name": "RevenueHeadings",
                    "part": "1",
                    "replacement-node": 40,
                    "template-line-number": 143,
                    "extras": {},
                    "node-pos": 78
                },
                {
                    "name": "RevenueHeadings",
                    "part": "2",
                    "replacement-node": 43,
                    "template-line-number": 152,
                    "extras": {},
                    "node-pos": 82
                },
                {
                    "name": "RevenueHeadings",
                    "part": "3",
                    "replacement-node": 38,
                    "template-line-number": 139,
                    "extras": {},
                    "node-pos": 76
                }
            ]
        },
        "rule-28": {
            "name": "ZoneDeliveryLineItems",
            "subs": [
                {
                    "name": "ZoneDeliveryLineItems",
                    "part": "2",
                    "replacement-node": 49,
                    "expression-node": 50,
                    "template-line-number": 237,
                    "node-pos": 91
                },
                {
                    "name": "ZoneDeliveryLineItems",
                    "part": "3",
                    "replacement-node": 52,
                    "expression-node": 53,
                    "template-line-number": 242,
                    "node-pos": 95
                },
                {
                    "name": "ZoneDeliveryLineItems",
                    "part": "4",
                    "replacement-node": 55,
                    "expression-node": 56,
                    "template-line-number": 247,
                    "node-pos": 99
                },
                {
                    "name": "ZoneDeliveryLineItems",
                    "part": "5",
                    "replacement-node": 58,
                    "expression-node": 59,
                    "template-line-number": 252,
                    "node-pos": 103
                },
                {
                    "name": "ZoneDeliveryLineItems",
                    "part": "5",
                    "replacement-node": 61,
                    "expression-node": 62,
                    "template-line-number": 257,
                    "node-pos": 107
                },
                {
                    "name": "ZoneDeliveryLineItems",
                    "part": "5",
                    "replacement-node": 64,
                    "expression-node": 65,
                    "template-line-number": 262,
                    "node-pos": 111
                },
                {
                    "name": "ZoneDeliveryLineItems",
                    "part": "5",
                    "replacement-node": 67,
                    "expression-node": 68,
                    "template-line-number": 267,
                    "node-pos": 115
                },
                {
                    "name": "ZoneDeliveryLineItems",
                    "part": "5",
                    "replacement-node": 70,
                    "expression-node": 71,
                    "template-line-number": 272,
                    "node-pos": 119
                },
                {
                    "name": "ZoneDeliveryLineItems",
                    "part": "5",
                    "replacement-node": 73,
                    "expression-node": 74,
                    "template-line-number": 277,
                    "node-pos": 123
                },
                {
                    "name": "ZoneDeliveryLineItems",
                    "part": "5",
                    "replacement-node": 76,
                    "expression-node": 77,
                    "template-line-number": 283,
                    "node-pos": 127
                },
                {
                    "name": "ZoneDeliveryLineItems",
                    "part": "5",
                    "replacement-node": 79,
                    "expression-node": 80,
                    "template-line-number": 289,
                    "node-pos": 131
                }
            ]
        },
        "rule-29": {
            "name": "ZoneDeliverySubtotalItems",
            "subs": [
                {
                    "name": "ZoneDeliverySubtotalItems",
                    "part": "2",
                    "replacement-node": 83,
                    "template-line-number": 381,
                    "extras": {},
                    "node-pos": 138
                },
                {
                    "name": "ZoneDeliverySubtotalItems",
                    "part": "3",
                    "replacement-node": 86,
                    "expression-node": 87,
                    "template-line-number": 386,
                    "node-pos": 142
                },
                {
                    "name": "ZoneDeliverySubtotalItems",
                    "part": "4",
                    "replacement-node": 89,
                    "expression-node": 90,
                    "template-line-number": 391,
                    "node-pos": 146
                },
                {
                    "name": "ZoneDeliverySubtotalItems",
                    "part": "5",
                    "replacement-node": 92,
                    "expression-node": 93,
                    "template-line-number": 396,
                    "node-pos": 150
                },
                {
                    "name": "ZoneDeliverySubtotalItems",
                    "part": "5",
                    "replacement-node": 95,
                    "expression-node": 96,
                    "template-line-number": 401,
                    "node-pos": 154
                },
                {
                    "name": "ZoneDeliverySubtotalItems",
                    "part": "5",
                    "replacement-node": 98,
                    "expression-node": 99,
                    "template-line-number": 406,
                    "node-pos": 158
                },
                {
                    "name": "ZoneDeliverySubtotalItems",
                    "part": "5",
                    "replacement-node": 101,
                    "expression-node": 102,
                    "template-line-number": 411,
                    "node-pos": 162
                },
                {
                    "name": "ZoneDeliverySubtotalItems",
                    "part": "5",
                    "replacement-node": 104,
                    "expression-node": 105,
                    "template-line-number": 416,
                    "node-pos": 166
                },
                {
                    "name": "ZoneDeliverySubtotalItems",
                    "part": "5",
                    "replacement-node": 107,
                    "expression-node": 108,
                    "template-line-number": 421,
                    "node-pos": 170
                },
                {
                    "name": "ZoneDeliverySubtotalItems",
                    "part": "5",
                    "replacement-node": 110,
                    "expression-node": 111,
                    "template-line-number": 427,
                    "node-pos": 174
                },
                {
                    "name": "ZoneDeliverySubtotalItems",
                    "part": "5",
                    "replacement-node": 113,
                    "expression-node": 114,
                    "template-line-number": 433,
                    "node-pos": 178
                }
            ]
        }
    },
    "line-numbers": {
        "ZoneDeliveryLineItems": [
            {
                "line-number-node": 47,
                "start-number": 1,
                "template-line-number": 234
            }
        ]
    },
    "showifs": {
        "rule-1": {
            "type": "showif",
            "template-line-number": 17
        }
    },
    "footnotes": {},
    "standard-rules": [
        "rule-2",
        "rule-3",
        "rule-4",
        "rule-5",
        "rule-6",
        "rule-7",
        "rule-8",
        "rule-9",
        "rule-10",
        "rule-11",
        "rule-12",
        "rule-13",
        "rule-14",
        "rule-15",
        "rule-16",
        "rule-17",
        "rule-18",
        "rule-19",
        "rule-20",
        "rule-21",
        "rule-22",
        "rule-23",
        "rule-24",
        "rule-25",
        "rule-26",
        "rule-27",
        "rule-28",
        "rule-29"
    ],
    "footnote-rules": []
}