{
    "substitutions": {
        "rule-2": [
            {
                "part": null,
                "replacement-node": 1,
                "template-line-number": 28,
                "node-pos": 11
            }
        ],
        "rule-3": [
            {
                "part": null,
                "replacement-node": 4,
                "expression-node": 5,
                "template-line-number": 32,
                "node-pos": 15
            }
        ],
        "rule-4": [
            {
                "part": null,
                "replacement-node": 7,
                "template-line-number": 38,
                "node-pos": 19
            }
        ],
        "rule-5": [
            {
                "part": null,
                "replacement-node": 10,
                "template-line-number": 44,
                "node-pos": 23,
                "html": true
            }
        ],
        "rule-6": [
            {
                "part": null,
                "replacement-node": 13,
                "template-line-number": 56,
                "node-pos": 28,
                "html": true
            }
        ],
        "rule-7": [
            {
                "part": null,
                "replacement-node": 16,
                "template-line-number": 67,
                "node-pos": 33
            }
        ],
        "rule-8": [
            {
                "part": null,
                "replacement-node": 19,
                "expression-node": 20,
                "template-line-number": 71,
                "node-pos": 37
            }
        ],
        "rule-9": [
            {
                "part": null,
                "replacement-node": 22,
                "template-line-number": 76,
                "node-pos": 41
            }
        ],
        "rule-10": [
            {
                "part": null,
                "replacement-node": 25,
                "expression-node": 26,
                "template-line-number": 80,
                "node-pos": 45
            }
        ],
        "rule-11": [
            {
                "part": null,
                "replacement-node": 28,
                "expression-node": 29,
                "template-line-number": 85,
                "node-pos": 49
            }
        ],
        "rule-12": [
            {
                "part": null,
                "replacement-node": 31,
                "template-line-number": 95,
                "node-pos": 55
            }
        ],
        "rule-13": [
            {
                "part": null,
                "replacement-node": 34,
                "template-line-number": 106,
                "node-pos": 60,
                "html": true
            }
        ],
        "rule-14": [
            {
                "part": null,
                "replacement-node": 44,
                "template-line-number": 173,
                "node-pos": 96
            }
        ],
        "rule-15": [
            {
                "part": null,
                "replacement-node": 89,
                "template-line-number": 354,
                "node-pos": 172
            }
        ],
        "rule-16": [
            {
                "part": null,
                "replacement-node": 92,
                "expression-node": 93,
                "template-line-number": 371,
                "node-pos": 182
            }
        ],
        "rule-17": [
            {
                "part": null,
                "replacement-node": 95,
                "expression-node": 96,
                "template-line-number": 380,
                "node-pos": 186
            }
        ],
        "rule-18": [
            {
                "part": null,
                "replacement-node": 98,
                "expression-node": 99,
                "template-line-number": 391,
                "node-pos": 192
            }
        ],
        "rule-19": [
            {
                "part": null,
                "replacement-node": 101,
                "expression-node": 102,
                "template-line-number": 400,
                "node-pos": 196
            }
        ],
        "rule-20": [
            {
                "part": null,
                "replacement-node": 104,
                "expression-node": 105,
                "template-line-number": 409,
                "node-pos": 200
            }
        ],
        "rule-21": [
            {
                "part": null,
                "replacement-node": 107,
                "template-line-number": 421,
                "node-pos": 206
            }
        ],
        "rule-22": [
            {
                "part": null,
                "replacement-node": 152,
                "template-line-number": 604,
                "node-pos": 282
            }
        ],
        "rule-23": [
            {
                "part": null,
                "replacement-node": 155,
                "expression-node": 156,
                "template-line-number": 621,
                "node-pos": 292
            }
        ],
        "rule-24": [
            {
                "part": null,
                "replacement-node": 158,
                "expression-node": 159,
                "template-line-number": 630,
                "node-pos": 296
            }
        ],
        "rule-25": [
            {
                "part": null,
                "replacement-node": 161,
                "expression-node": 162,
                "template-line-number": 641,
                "node-pos": 302
            }
        ],
        "rule-26": [
            {
                "part": null,
                "replacement-node": 164,
                "expression-node": 165,
                "template-line-number": 650,
                "node-pos": 306
            }
        ],
        "rule-27": [
            {
                "part": null,
                "replacement-node": 167,
                "expression-node": 168,
                "template-line-number": 659,
                "node-pos": 310
            }
        ],
        "rule-28": [
            {
                "part": null,
                "replacement-node": 170,
                "template-line-number": 671,
                "node-pos": 316
            }
        ],
        "rule-29": [
            {
                "part": null,
                "replacement-node": 215,
                "template-line-number": 853,
                "node-pos": 392
            }
        ],
        "rule-30": [
            {
                "part": null,
                "replacement-node": 218,
                "expression-node": 219,
                "template-line-number": 870,
                "node-pos": 402
            }
        ],
        "rule-31": [
            {
                "part": null,
                "replacement-node": 221,
                "expression-node": 222,
                "template-line-number": 879,
                "node-pos": 406
            }
        ],
        "rule-32": [
            {
                "part": null,
                "replacement-node": 224,
                "expression-node": 225,
                "template-line-number": 890,
                "node-pos": 412
            }
        ],
        "rule-33": [
            {
                "part": null,
                "replacement-node": 227,
                "expression-node": 228,
                "template-line-number": 899,
                "node-pos": 416
            }
        ],
        "rule-34": [
            {
                "part": null,
                "replacement-node": 230,
                "expression-node": 231,
                "template-line-number": 908,
                "node-pos": 420
            }
        ],
        "rule-35": [
            {
                "part": null,
                "replacement-node": 233,
                "template-line-number": 920,
                "node-pos": 426
            }
        ],
        "rule-36": [
            {
                "part": null,
                "replacement-node": 278,
                "template-line-number": 1102,
                "node-pos": 502
            }
        ],
        "rule-37": [
            {
                "part": null,
                "replacement-node": 281,
                "expression-node": 282,
                "template-line-number": 1119,
                "node-pos": 512
            }
        ],
        "rule-38": [
            {
                "part": null,
                "replacement-node": 284,
                "expression-node": 285,
                "template-line-number": 1128,
                "node-pos": 516
            }
        ],
        "rule-39": [
            {
                "part": null,
                "replacement-node": 287,
                "expression-node": 288,
                "template-line-number": 1139,
                "node-pos": 522
            }
        ],
        "rule-40": [
            {
                "part": null,
                "replacement-node": 290,
                "expression-node": 291,
                "template-line-number": 1148,
                "node-pos": 526
            }
        ],
        "rule-41": [
            {
                "part": null,
                "replacement-node": 293,
                "expression-node": 294,
                "template-line-number": 1157,
                "node-pos": 530
            }
        ],
        "rule-42": [
            {
                "part": null,
                "replacement-node": 296,
                "template-line-number": 1169,
                "node-pos": 536
            }
        ],
        "rule-43": [
            {
                "part": null,
                "replacement-node": 341,
                "template-line-number": 1352,
                "node-pos": 612
            }
        ],
        "rule-44": [
            {
                "part": null,
                "replacement-node": 344,
                "expression-node": 345,
                "template-line-number": 1369,
                "node-pos": 622
            }
        ],
        "rule-45": [
            {
                "part": null,
                "replacement-node": 347,
                "expression-node": 348,
                "template-line-number": 1378,
                "node-pos": 626
            }
        ],
        "rule-46": [
            {
                "part": null,
                "replacement-node": 350,
                "expression-node": 351,
                "template-line-number": 1389,
                "node-pos": 632
            }
        ],
        "rule-47": [
            {
                "part": null,
                "replacement-node": 353,
                "expression-node": 354,
                "template-line-number": 1398,
                "node-pos": 636
            }
        ],
        "rule-48": [
            {
                "part": null,
                "replacement-node": 356,
                "expression-node": 357,
                "template-line-number": 1407,
                "node-pos": 640
            }
        ],
        "rule-49": [
            {
                "part": null,
                "replacement-node": 359,
                "template-line-number": 1421,
                "node-pos": 646
            }
        ],
        "rule-50": [
            {
                "part": null,
                "replacement-node": 362,
                "expression-node": 363,
                "template-line-number": 1438,
                "node-pos": 656
            }
        ],
        "rule-51": [
            {
                "part": null,
                "replacement-node": 365,
                "expression-node": 366,
                "template-line-number": 1447,
                "node-pos": 660
            }
        ],
        "rule-52": [
            {
                "part": null,
                "replacement-node": 368,
                "expression-node": 369,
                "template-line-number": 1458,
                "node-pos": 666
            }
        ],
        "rule-53": [
            {
                "part": null,
                "replacement-node": 371,
                "expression-node": 372,
                "template-line-number": 1467,
                "node-pos": 670
            }
        ],
        "rule-54": [
            {
                "part": null,
                "replacement-node": 374,
                "expression-node": 375,
                "template-line-number": 1476,
                "node-pos": 674
            }
        ],
        "rule-55": [
            {
                "part": null,
                "replacement-node": 377,
                "expression-node": 378,
                "template-line-number": 1491,
                "node-pos": 680
            }
        ],
        "rule-56": [
            {
                "part": null,
                "replacement-node": 380,
                "template-line-number": 1496,
                "node-pos": 684
            }
        ],
        "rule-57": [
            {
                "part": null,
                "replacement-node": 383,
                "template-line-number": 1505,
                "node-pos": 688
            }
        ],
        "rule-58": {
            "name": "MOLineItems",
            "subs": [
                {
                    "name": "MOLineItems",
                    "part": "10",
                    "replacement-node": 263,
                    "expression-node": 264,
                    "template-line-number": 1070,
                    "node-pos": 480
                },
                {
                    "name": "MOLineItems",
                    "part": "11",
                    "replacement-node": 266,
                    "expression-node": 267,
                    "template-line-number": 1075,
                    "node-pos": 484
                },
                {
                    "name": "MOLineItems",
                    "part": "12",
                    "replacement-node": 269,
                    "expression-node": 270,
                    "template-line-number": 1080,
                    "node-pos": 488
                },
                {
                    "name": "MOLineItems",
                    "part": "13",
                    "replacement-node": 272,
                    "expression-node": 273,
                    "template-line-number": 1085,
                    "node-pos": 492
                },
                {
                    "name": "MOLineItems",
                    "part": "14",
                    "replacement-node": 275,
                    "expression-node": 276,
                    "template-line-number": 1090,
                    "node-pos": 496
                },
                {
                    "name": "MOLineItems",
                    "part": "2",
                    "replacement-node": 239,
                    "expression-node": 240,
                    "template-line-number": 1030,
                    "node-pos": 448
                },
                {
                    "name": "MOLineItems",
                    "part": "3",
                    "replacement-node": 242,
                    "expression-node": 243,
                    "template-line-number": 1035,
                    "node-pos": 452
                },
                {
                    "name": "MOLineItems",
                    "part": "4",
                    "replacement-node": 245,
                    "expression-node": 246,
                    "template-line-number": 1040,
                    "node-pos": 456
                },
                {
                    "name": "MOLineItems",
                    "part": "5",
                    "replacement-node": 248,
                    "expression-node": 249,
                    "template-line-number": 1045,
                    "node-pos": 460
                },
                {
                    "name": "MOLineItems",
                    "part": "6",
                    "replacement-node": 251,
                    "expression-node": 252,
                    "template-line-number": 1050,
                    "node-pos": 464
                },
                {
                    "name": "MOLineItems",
                    "part": "7",
                    "replacement-node": 254,
                    "expression-node": 255,
                    "template-line-number": 1055,
                    "node-pos": 468
                },
                {
                    "name": "MOLineItems",
                    "part": "8",
                    "replacement-node": 257,
                    "expression-node": 258,
                    "template-line-number": 1060,
                    "node-pos": 472
                },
                {
                    "name": "MOLineItems",
                    "part": "9",
                    "replacement-node": 260,
                    "expression-node": 261,
                    "template-line-number": 1065,
                    "node-pos": 476
                }
            ]
        },
        "rule-59": {
            "name": "ColumnHeadings",
            "subs": [
                {
                    "name": "ColumnHeadings",
                    "part": "1",
                    "replacement-node": 38,
                    "template-line-number": 155,
                    "extras": {},
                    "node-pos": 86
                },
                {
                    "name": "ColumnHeadings",
                    "part": "2",
                    "replacement-node": 41,
                    "template-line-number": 162,
                    "extras": {},
                    "node-pos": 90
                }
            ]
        },
        "rule-60": {
            "name": "MortgageBondsLineItems",
            "subs": [
                {
                    "name": "MortgageBondsLineItems",
                    "part": "10",
                    "replacement-node": 74,
                    "expression-node": 75,
                    "template-line-number": 322,
                    "node-pos": 150
                },
                {
                    "name": "MortgageBondsLineItems",
                    "part": "11",
                    "replacement-node": 77,
                    "expression-node": 78,
                    "template-line-number": 327,
                    "node-pos": 154
                },
                {
                    "name": "MortgageBondsLineItems",
                    "part": "12",
                    "replacement-node": 80,
                    "expression-node": 81,
                    "template-line-number": 332,
                    "node-pos": 158
                },
                {
                    "name": "MortgageBondsLineItems",
                    "part": "13",
                    "replacement-node": 83,
                    "expression-node": 84,
                    "template-line-number": 337,
                    "node-pos": 162
                },
                {
                    "name": "MortgageBondsLineItems",
                    "part": "14",
                    "replacement-node": 86,
                    "expression-node": 87,
                    "template-line-number": 342,
                    "node-pos": 166
                },
                {
                    "name": "MortgageBondsLineItems",
                    "part": "2",
                    "replacement-node": 50,
                    "expression-node": 51,
                    "template-line-number": 282,
                    "node-pos": 118
                },
                {
                    "name": "MortgageBondsLineItems",
                    "part": "3",
                    "replacement-node": 53,
                    "expression-node": 54,
                    "template-line-number": 287,
                    "node-pos": 122
                },
                {
                    "name": "MortgageBondsLineItems",
                    "part": "4",
                    "replacement-node": 56,
                    "expression-node": 57,
                    "template-line-number": 292,
                    "node-pos": 126
                },
                {
                    "name": "MortgageBondsLineItems",
                    "part": "5",
                    "replacement-node": 59,
                    "expression-node": 60,
                    "template-line-number": 297,
                    "node-pos": 130
                },
                {
                    "name": "MortgageBondsLineItems",
                    "part": "6",
                    "replacement-node": 62,
                    "expression-node": 63,
                    "template-line-number": 302,
                    "node-pos": 134
                },
                {
                    "name": "MortgageBondsLineItems",
                    "part": "7",
                    "replacement-node": 65,
                    "expression-node": 66,
                    "template-line-number": 307,
                    "node-pos": 138
                },
                {
                    "name": "MortgageBondsLineItems",
                    "part": "8",
                    "replacement-node": 68,
                    "expression-node": 69,
                    "template-line-number": 312,
                    "node-pos": 142
                },
                {
                    "name": "MortgageBondsLineItems",
                    "part": "9",
                    "replacement-node": 71,
                    "expression-node": 72,
                    "template-line-number": 317,
                    "node-pos": 146
                }
            ]
        },
        "rule-61": {
            "name": "CTBondsLineItems",
            "subs": [
                {
                    "name": "CTBondsLineItems",
                    "part": "10",
                    "replacement-node": 137,
                    "expression-node": 138,
                    "template-line-number": 572,
                    "node-pos": 260
                },
                {
                    "name": "CTBondsLineItems",
                    "part": "11",
                    "replacement-node": 140,
                    "expression-node": 141,
                    "template-line-number": 577,
                    "node-pos": 264
                },
                {
                    "name": "CTBondsLineItems",
                    "part": "12",
                    "replacement-node": 143,
                    "expression-node": 144,
                    "template-line-number": 582,
                    "node-pos": 268
                },
                {
                    "name": "CTBondsLineItems",
                    "part": "13",
                    "replacement-node": 146,
                    "expression-node": 147,
                    "template-line-number": 587,
                    "node-pos": 272
                },
                {
                    "name": "CTBondsLineItems",
                    "part": "14",
                    "replacement-node": 149,
                    "expression-node": 150,
                    "template-line-number": 592,
                    "node-pos": 276
                },
                {
                    "name": "CTBondsLineItems",
                    "part": "2",
                    "replacement-node": 113,
                    "expression-node": 114,
                    "template-line-number": 532,
                    "node-pos": 228
                },
                {
                    "name": "CTBondsLineItems",
                    "part": "3",
                    "replacement-node": 116,
                    "expression-node": 117,
                    "template-line-number": 537,
                    "node-pos": 232
                },
                {
                    "name": "CTBondsLineItems",
                    "part": "4",
                    "replacement-node": 119,
                    "expression-node": 120,
                    "template-line-number": 542,
                    "node-pos": 236
                },
                {
                    "name": "CTBondsLineItems",
                    "part": "5",
                    "replacement-node": 122,
                    "expression-node": 123,
                    "template-line-number": 547,
                    "node-pos": 240
                },
                {
                    "name": "CTBondsLineItems",
                    "part": "6",
                    "replacement-node": 125,
                    "expression-node": 126,
                    "template-line-number": 552,
                    "node-pos": 244
                },
                {
                    "name": "CTBondsLineItems",
                    "part": "7",
                    "replacement-node": 128,
                    "expression-node": 129,
                    "template-line-number": 557,
                    "node-pos": 248
                },
                {
                    "name": "CTBondsLineItems",
                    "part": "8",
                    "replacement-node": 131,
                    "expression-node": 132,
                    "template-line-number": 562,
                    "node-pos": 252
                },
                {
                    "name": "CTBondsLineItems",
                    "part": "9",
                    "replacement-node": 134,
                    "expression-node": 135,
                    "template-line-number": 567,
                    "node-pos": 256
                }
            ]
        },
        "rule-62": {
            "name": "NDLineItems",
            "subs": [
                {
                    "name": "NDLineItems",
                    "part": "10",
                    "replacement-node": 326,
                    "expression-node": 327,
                    "template-line-number": 1320,
                    "node-pos": 590
                },
                {
                    "name": "NDLineItems",
                    "part": "11",
                    "replacement-node": 329,
                    "expression-node": 330,
                    "template-line-number": 1325,
                    "node-pos": 594
                },
                {
                    "name": "NDLineItems",
                    "part": "12",
                    "replacement-node": 332,
                    "expression-node": 333,
                    "template-line-number": 1330,
                    "node-pos": 598
                },
                {
                    "name": "NDLineItems",
                    "part": "13",
                    "replacement-node": 335,
                    "expression-node": 336,
                    "template-line-number": 1335,
                    "node-pos": 602
                },
                {
                    "name": "NDLineItems",
                    "part": "14",
                    "replacement-node": 338,
                    "expression-node": 339,
                    "template-line-number": 1340,
                    "node-pos": 606
                },
                {
                    "name": "NDLineItems",
                    "part": "2",
                    "replacement-node": 302,
                    "expression-node": 303,
                    "template-line-number": 1280,
                    "node-pos": 558
                },
                {
                    "name": "NDLineItems",
                    "part": "3",
                    "replacement-node": 305,
                    "expression-node": 306,
                    "template-line-number": 1285,
                    "node-pos": 562
                },
                {
                    "name": "NDLineItems",
                    "part": "4",
                    "replacement-node": 308,
                    "expression-node": 309,
                    "template-line-number": 1290,
                    "node-pos": 566
                },
                {
                    "name": "NDLineItems",
                    "part": "5",
                    "replacement-node": 311,
                    "expression-node": 312,
                    "template-line-number": 1295,
                    "node-pos": 570
                },
                {
                    "name": "NDLineItems",
                    "part": "6",
                    "replacement-node": 314,
                    "expression-node": 315,
                    "template-line-number": 1300,
                    "node-pos": 574
                },
                {
                    "name": "NDLineItems",
                    "part": "7",
                    "replacement-node": 317,
                    "expression-node": 318,
                    "template-line-number": 1305,
                    "node-pos": 578
                },
                {
                    "name": "NDLineItems",
                    "part": "8",
                    "replacement-node": 320,
                    "expression-node": 321,
                    "template-line-number": 1310,
                    "node-pos": 582
                },
                {
                    "name": "NDLineItems",
                    "part": "9",
                    "replacement-node": 323,
                    "expression-node": 324,
                    "template-line-number": 1315,
                    "node-pos": 586
                }
            ]
        },
        "rule-63": {
            "name": "IncomeBondsLineItems",
            "subs": [
                {
                    "name": "IncomeBondsLineItems",
                    "part": "10",
                    "replacement-node": 200,
                    "expression-node": 201,
                    "template-line-number": 821,
                    "node-pos": 370
                },
                {
                    "name": "IncomeBondsLineItems",
                    "part": "11",
                    "replacement-node": 203,
                    "expression-node": 204,
                    "template-line-number": 826,
                    "node-pos": 374
                },
                {
                    "name": "IncomeBondsLineItems",
                    "part": "12",
                    "replacement-node": 206,
                    "expression-node": 207,
                    "template-line-number": 831,
                    "node-pos": 378
                },
                {
                    "name": "IncomeBondsLineItems",
                    "part": "13",
                    "replacement-node": 209,
                    "expression-node": 210,
                    "template-line-number": 836,
                    "node-pos": 382
                },
                {
                    "name": "IncomeBondsLineItems",
                    "part": "14",
                    "replacement-node": 212,
                    "expression-node": 213,
                    "template-line-number": 841,
                    "node-pos": 386
                },
                {
                    "name": "IncomeBondsLineItems",
                    "part": "2",
                    "replacement-node": 176,
                    "expression-node": 177,
                    "template-line-number": 781,
                    "node-pos": 338
                },
                {
                    "name": "IncomeBondsLineItems",
                    "part": "3",
                    "replacement-node": 179,
                    "expression-node": 180,
                    "template-line-number": 786,
                    "node-pos": 342
                },
                {
                    "name": "IncomeBondsLineItems",
                    "part": "4",
                    "replacement-node": 182,
                    "expression-node": 183,
                    "template-line-number": 791,
                    "node-pos": 346
                },
                {
                    "name": "IncomeBondsLineItems",
                    "part": "5",
                    "replacement-node": 185,
                    "expression-node": 186,
                    "template-line-number": 796,
                    "node-pos": 350
                },
                {
                    "name": "IncomeBondsLineItems",
                    "part": "6",
                    "replacement-node": 188,
                    "expression-node": 189,
                    "template-line-number": 801,
                    "node-pos": 354
                },
                {
                    "name": "IncomeBondsLineItems",
                    "part": "7",
                    "replacement-node": 191,
                    "expression-node": 192,
                    "template-line-number": 806,
                    "node-pos": 358
                },
                {
                    "name": "IncomeBondsLineItems",
                    "part": "8",
                    "replacement-node": 194,
                    "expression-node": 195,
                    "template-line-number": 811,
                    "node-pos": 362
                },
                {
                    "name": "IncomeBondsLineItems",
                    "part": "9",
                    "replacement-node": 197,
                    "expression-node": 198,
                    "template-line-number": 816,
                    "node-pos": 366
                }
            ]
        }
    },
    "line-numbers": {
        "MortgageBondsLineItems": [
            {
                "line-number-node": 48,
                "start-number": 1,
                "template-line-number": 279
            }
        ],
        "CTBondsLineItems": [
            {
                "line-number-node": 111,
                "start-number": 12,
                "template-line-number": 528
            }
        ],
        "IncomeBondsLineItems": [
            {
                "line-number-node": 174,
                "start-number": 18,
                "template-line-number": 777
            }
        ],
        "MOLineItems": [
            {
                "line-number-node": 237,
                "start-number": 22,
                "template-line-number": 1026
            }
        ],
        "NDLineItems": [
            {
                "line-number-node": 300,
                "start-number": 31,
                "template-line-number": 1276
            }
        ]
    },
    "showifs": {
        "rule-1": {
            "type": "showif",
            "template-line-number": 18
        }
    },
    "footnotes": {},
    "standard-rules": [
        "rule-2",
        "rule-3",
        "rule-4",
        "rule-5",
        "rule-6",
        "rule-7",
        "rule-8",
        "rule-9",
        "rule-10",
        "rule-11",
        "rule-12",
        "rule-13",
        "rule-14",
        "rule-15",
        "rule-16",
        "rule-17",
        "rule-18",
        "rule-19",
        "rule-20",
        "rule-21",
        "rule-22",
        "rule-23",
        "rule-24",
        "rule-25",
        "rule-26",
        "rule-27",
        "rule-28",
        "rule-29",
        "rule-30",
        "rule-31",
        "rule-32",
        "rule-33",
        "rule-34",
        "rule-35",
        "rule-36",
        "rule-37",
        "rule-38",
        "rule-39",
        "rule-40",
        "rule-41",
        "rule-42",
        "rule-43",
        "rule-44",
        "rule-45",
        "rule-46",
        "rule-47",
        "rule-48",
        "rule-49",
        "rule-50",
        "rule-51",
        "rule-52",
        "rule-53",
        "rule-54",
        "rule-55",
        "rule-56",
        "rule-57",
        "rule-58",
        "rule-59",
        "rule-60",
        "rule-61",
        "rule-62",
        "rule-63"
    ],
    "footnote-rules": []
}