{
    "substitutions": {
        "rule-2": [
            {
                "part": null,
                "replacement-node": 1,
                "template-line-number": 27,
                "node-pos": 10
            }
        ],
        "rule-3": [
            {
                "part": null,
                "replacement-node": 4,
                "expression-node": 5,
                "template-line-number": 31,
                "node-pos": 14
            }
        ],
        "rule-4": [
            {
                "part": null,
                "replacement-node": 7,
                "template-line-number": 37,
                "node-pos": 18
            }
        ],
        "rule-5": [
            {
                "part": null,
                "replacement-node": 10,
                "template-line-number": 43,
                "node-pos": 22,
                "html": true
            }
        ],
        "rule-6": [
            {
                "part": null,
                "replacement-node": 13,
                "template-line-number": 55,
                "node-pos": 27,
                "html": true
            }
        ],
        "rule-7": [
            {
                "part": null,
                "replacement-node": 16,
                "template-line-number": 66,
                "node-pos": 32
            }
        ],
        "rule-8": [
            {
                "part": null,
                "replacement-node": 19,
                "expression-node": 20,
                "template-line-number": 70,
                "node-pos": 36
            }
        ],
        "rule-9": [
            {
                "part": null,
                "replacement-node": 22,
                "template-line-number": 75,
                "node-pos": 40
            }
        ],
        "rule-10": [
            {
                "part": null,
                "replacement-node": 25,
                "expression-node": 26,
                "template-line-number": 79,
                "node-pos": 44
            }
        ],
        "rule-11": [
            {
                "part": null,
                "replacement-node": 28,
                "expression-node": 29,
                "template-line-number": 84,
                "node-pos": 48
            }
        ],
        "rule-12": [
            {
                "part": null,
                "replacement-node": 31,
                "template-line-number": 94,
                "node-pos": 54
            }
        ],
        "rule-13": [
            {
                "part": null,
                "replacement-node": 34,
                "template-line-number": 105,
                "node-pos": 59,
                "html": true
            }
        ],
        "rule-14": [
            {
                "part": null,
                "replacement-node": 64,
                "template-line-number": 237,
                "node-pos": 108
            }
        ],
        "rule-15": [
            {
                "part": null,
                "replacement-node": 67,
                "expression-node": 68,
                "template-line-number": 250,
                "node-pos": 113
            }
        ],
        "rule-16": [
            {
                "part": null,
                "replacement-node": 70,
                "expression-node": 71,
                "template-line-number": 260,
                "node-pos": 117
            }
        ],
        "rule-17": [
            {
                "part": null,
                "replacement-node": 73,
                "expression-node": 74,
                "template-line-number": 270,
                "node-pos": 121
            }
        ],
        "rule-18": [
            {
                "part": null,
                "replacement-node": 76,
                "expression-node": 77,
                "template-line-number": 280,
                "node-pos": 125
            }
        ],
        "rule-19": [
            {
                "part": null,
                "replacement-node": 79,
                "expression-node": 80,
                "template-line-number": 293,
                "node-pos": 131
            }
        ],
        "rule-20": [
            {
                "part": null,
                "replacement-node": 82,
                "template-line-number": 298,
                "node-pos": 135
            }
        ],
        "rule-21": [
            {
                "part": null,
                "replacement-node": 85,
                "template-line-number": 307,
                "node-pos": 139
            }
        ],
        "rule-22": {
            "name": "InvHeadings",
            "subs": [
                {
                    "name": "InvHeadings",
                    "part": "1",
                    "replacement-node": 40,
                    "template-line-number": 137,
                    "extras": {},
                    "node-pos": 73
                },
                {
                    "name": "InvHeadings",
                    "part": "2",
                    "replacement-node": 43,
                    "template-line-number": 146,
                    "extras": {},
                    "node-pos": 77
                },
                {
                    "name": "InvHeadings",
                    "part": "3",
                    "replacement-node": 38,
                    "template-line-number": 133,
                    "extras": {},
                    "node-pos": 71
                }
            ]
        },
        "rule-23": {
            "name": "ExchangeAndImbalanceTransactions",
            "subs": [
                {
                    "name": "ExchangeAndImbalanceTransactions",
                    "part": "2",
                    "replacement-node": 49,
                    "expression-node": 50,
                    "template-line-number": 203,
                    "node-pos": 86
                },
                {
                    "name": "ExchangeAndImbalanceTransactions",
                    "part": "3",
                    "replacement-node": 52,
                    "expression-node": 53,
                    "template-line-number": 209,
                    "node-pos": 90
                },
                {
                    "name": "ExchangeAndImbalanceTransactions",
                    "part": "4",
                    "replacement-node": 55,
                    "expression-node": 56,
                    "template-line-number": 215,
                    "node-pos": 94
                },
                {
                    "name": "ExchangeAndImbalanceTransactions",
                    "part": "5",
                    "replacement-node": 58,
                    "expression-node": 59,
                    "template-line-number": 221,
                    "node-pos": 98
                },
                {
                    "name": "ExchangeAndImbalanceTransactions",
                    "part": "6",
                    "replacement-node": 61,
                    "expression-node": 62,
                    "template-line-number": 227,
                    "node-pos": 102
                }
            ]
        }
    },
    "line-numbers": {
        "ExchangeAndImbalanceTransactions": [
            {
                "line-number-node": 47,
                "start-number": 1,
                "template-line-number": 199
            }
        ]
    },
    "showifs": {
        "rule-1": {
            "type": "showif",
            "template-line-number": 17
        }
    },
    "footnotes": {},
    "standard-rules": [
        "rule-2",
        "rule-3",
        "rule-4",
        "rule-5",
        "rule-6",
        "rule-7",
        "rule-8",
        "rule-9",
        "rule-10",
        "rule-11",
        "rule-12",
        "rule-13",
        "rule-14",
        "rule-15",
        "rule-16",
        "rule-17",
        "rule-18",
        "rule-19",
        "rule-20",
        "rule-21",
        "rule-22",
        "rule-23"
    ],
    "footnote-rules": []
}