{
    "substitutions": {
        "rule-2": [
            {
                "part": null,
                "replacement-node": 1,
                "template-line-number": 27,
                "node-pos": 10
            }
        ],
        "rule-3": [
            {
                "part": null,
                "replacement-node": 4,
                "expression-node": 5,
                "template-line-number": 32,
                "node-pos": 15
            }
        ],
        "rule-4": [
            {
                "part": null,
                "replacement-node": 7,
                "template-line-number": 38,
                "node-pos": 19
            }
        ],
        "rule-5": [
            {
                "part": null,
                "replacement-node": 10,
                "template-line-number": 44,
                "node-pos": 23,
                "html": true
            }
        ],
        "rule-6": [
            {
                "part": null,
                "replacement-node": 13,
                "template-line-number": 56,
                "node-pos": 28,
                "html": true
            }
        ],
        "rule-7": [
            {
                "part": null,
                "replacement-node": 16,
                "template-line-number": 67,
                "node-pos": 33
            }
        ],
        "rule-8": [
            {
                "part": null,
                "replacement-node": 19,
                "expression-node": 20,
                "template-line-number": 72,
                "node-pos": 38
            }
        ],
        "rule-9": [
            {
                "part": null,
                "replacement-node": 22,
                "template-line-number": 77,
                "node-pos": 42
            }
        ],
        "rule-10": [
            {
                "part": null,
                "replacement-node": 25,
                "expression-node": 26,
                "template-line-number": 82,
                "node-pos": 47
            }
        ],
        "rule-11": [
            {
                "part": null,
                "replacement-node": 28,
                "expression-node": 29,
                "template-line-number": 87,
                "node-pos": 51
            }
        ],
        "rule-12": [
            {
                "part": null,
                "replacement-node": 31,
                "template-line-number": 97,
                "node-pos": 57
            }
        ],
        "rule-13": [
            {
                "part": null,
                "replacement-node": 34,
                "template-line-number": 108,
                "node-pos": 62,
                "html": true
            }
        ],
        "rule-14": [
            {
                "part": null,
                "replacement-node": 37,
                "template-line-number": 124,
                "node-pos": 72
            }
        ],
        "rule-15": [
            {
                "part": null,
                "replacement-node": 74,
                "expression-node": 75,
                "template-line-number": 302,
                "node-pos": 129
            }
        ],
        "rule-16": [
            {
                "part": null,
                "replacement-node": 77,
                "template-line-number": 307,
                "node-pos": 133
            }
        ],
        "rule-17": [
            {
                "part": null,
                "replacement-node": 80,
                "template-line-number": 316,
                "node-pos": 137
            }
        ],
        "rule-18": {
            "name": "InvHeadings",
            "subs": [
                {
                    "name": "InvHeadings",
                    "part": "1",
                    "replacement-node": 43,
                    "template-line-number": 154,
                    "extras": {},
                    "node-pos": 84
                },
                {
                    "name": "InvHeadings",
                    "part": "2",
                    "replacement-node": 46,
                    "template-line-number": 163,
                    "extras": {},
                    "node-pos": 88
                },
                {
                    "name": "InvHeadings",
                    "part": "3",
                    "replacement-node": 41,
                    "template-line-number": 150,
                    "extras": {},
                    "node-pos": 82
                }
            ]
        },
        "rule-19": {
            "name": "GasChargesLineItems",
            "subs": [
                {
                    "name": "GasChargesLineItems",
                    "part": "2",
                    "replacement-node": 53,
                    "template-line-number": 212,
                    "extras": {},
                    "node-pos": 98
                },
                {
                    "name": "GasChargesLineItems",
                    "part": "3",
                    "replacement-node": 50,
                    "template-line-number": 205,
                    "extras": {},
                    "node-pos": 94
                },
                {
                    "name": "GasChargesLineItems",
                    "part": "4",
                    "replacement-node": 56,
                    "expression-node": 57,
                    "template-line-number": 219,
                    "node-pos": 102
                },
                {
                    "name": "GasChargesLineItems",
                    "part": "5",
                    "replacement-node": 59,
                    "expression-node": 60,
                    "template-line-number": 225,
                    "node-pos": 106
                }
            ]
        },
        "rule-20": {
            "name": "FactorsDepChargesLineItems",
            "subs": [
                {
                    "name": "FactorsDepChargesLineItems",
                    "part": "2",
                    "replacement-node": 66,
                    "expression-node": 67,
                    "template-line-number": 281,
                    "node-pos": 116
                },
                {
                    "name": "FactorsDepChargesLineItems",
                    "part": "3",
                    "replacement-node": 68,
                    "expression-node": 69,
                    "template-line-number": 285,
                    "node-pos": 119
                },
                {
                    "name": "FactorsDepChargesLineItems",
                    "part": "4",
                    "replacement-node": 71,
                    "expression-node": 72,
                    "template-line-number": 291,
                    "node-pos": 123
                }
            ]
        }
    },
    "line-numbers": {
        "FactorsDepChargesLineItems": [
            {
                "line-number-node": 63,
                "start-rule": "rule-21",
                "template-line-number": 275
            }
        ]
    },
    "showifs": {
        "rule-1": {
            "type": "showif",
            "template-line-number": 17
        }
    },
    "footnotes": {},
    "standard-rules": [
        "rule-2",
        "rule-3",
        "rule-4",
        "rule-5",
        "rule-6",
        "rule-7",
        "rule-8",
        "rule-9",
        "rule-10",
        "rule-11",
        "rule-12",
        "rule-13",
        "rule-14",
        "rule-15",
        "rule-16",
        "rule-17",
        "rule-18",
        "rule-19",
        "rule-20"
    ],
    "footnote-rules": []
}