{
    "substitutions": {
        "rule-1": [
            {
                "part": null,
                "replacement-node": 0,
                "template-line-number": 21,
                "node-pos": 9
            }
        ],
        "rule-2": [
            {
                "part": null,
                "replacement-node": 3,
                "expression-node": 4,
                "template-line-number": 25,
                "node-pos": 13
            }
        ],
        "rule-3": [
            {
                "part": null,
                "replacement-node": 6,
                "template-line-number": 31,
                "node-pos": 17
            }
        ],
        "rule-4": [
            {
                "part": null,
                "replacement-node": 9,
                "template-line-number": 37,
                "node-pos": 21,
                "html": true
            }
        ],
        "rule-5": [
            {
                "part": null,
                "replacement-node": 12,
                "template-line-number": 49,
                "node-pos": 26,
                "html": true
            }
        ],
        "rule-6": [
            {
                "part": null,
                "replacement-node": 15,
                "template-line-number": 60,
                "node-pos": 31
            }
        ],
        "rule-7": [
            {
                "part": null,
                "replacement-node": 18,
                "expression-node": 19,
                "template-line-number": 64,
                "node-pos": 35
            }
        ],
        "rule-8": [
            {
                "part": null,
                "replacement-node": 21,
                "template-line-number": 69,
                "node-pos": 39
            }
        ],
        "rule-9": [
            {
                "part": null,
                "replacement-node": 24,
                "expression-node": 25,
                "template-line-number": 73,
                "node-pos": 43
            }
        ],
        "rule-10": [
            {
                "part": null,
                "replacement-node": 27,
                "expression-node": 28,
                "template-line-number": 78,
                "node-pos": 47
            }
        ],
        "rule-11": [
            {
                "part": null,
                "replacement-node": 30,
                "template-line-number": 89,
                "node-pos": 53
            }
        ],
        "rule-12": [
            {
                "part": null,
                "replacement-node": 33,
                "template-line-number": 100,
                "node-pos": 58,
                "html": true
            }
        ],
        "rule-13": [
            {
                "part": null,
                "replacement-node": 43,
                "template-line-number": 153,
                "node-pos": 83
            }
        ],
        "rule-14": [
            {
                "part": null,
                "replacement-node": 79,
                "template-line-number": 332,
                "node-pos": 143
            }
        ],
        "rule-15": [
            {
                "part": null,
                "replacement-node": 82,
                "template-line-number": 349,
                "node-pos": 147
            }
        ],
        "rule-16": [
            {
                "part": null,
                "replacement-node": 85,
                "expression-node": 86,
                "template-line-number": 362,
                "node-pos": 152
            }
        ],
        "rule-17": [
            {
                "part": null,
                "replacement-node": 88,
                "expression-node": 89,
                "template-line-number": 373,
                "node-pos": 158
            }
        ],
        "rule-18": [
            {
                "part": null,
                "replacement-node": 91,
                "expression-node": 92,
                "template-line-number": 382,
                "node-pos": 162
            }
        ],
        "rule-19": [
            {
                "part": null,
                "replacement-node": 94,
                "template-line-number": 397,
                "node-pos": 171
            }
        ],
        "rule-20": [
            {
                "part": null,
                "replacement-node": 97,
                "template-line-number": 411,
                "node-pos": 175
            }
        ],
        "rule-21": [
            {
                "part": null,
                "replacement-node": 134,
                "template-line-number": 597,
                "node-pos": 236
            }
        ],
        "rule-22": [
            {
                "part": null,
                "replacement-node": 137,
                "template-line-number": 619,
                "node-pos": 240
            }
        ],
        "rule-23": [
            {
                "part": null,
                "replacement-node": 140,
                "expression-node": 141,
                "template-line-number": 632,
                "node-pos": 245
            }
        ],
        "rule-24": [
            {
                "part": null,
                "replacement-node": 143,
                "expression-node": 144,
                "template-line-number": 643,
                "node-pos": 251
            }
        ],
        "rule-25": [
            {
                "part": null,
                "replacement-node": 146,
                "expression-node": 147,
                "template-line-number": 652,
                "node-pos": 255
            }
        ],
        "rule-26": [
            {
                "part": null,
                "replacement-node": 149,
                "expression-node": 150,
                "template-line-number": 926,
                "node-pos": 265
            }
        ],
        "rule-27": [
            {
                "part": null,
                "replacement-node": 152,
                "template-line-number": 933,
                "node-pos": 269
            }
        ],
        "rule-28": [
            {
                "part": null,
                "replacement-node": 155,
                "template-line-number": 943,
                "node-pos": 273
            }
        ],
        "rule-29": {
            "name": "CommonStockLineItems",
            "subs": [
                {
                    "name": "CommonStockLineItems",
                    "part": "10",
                    "replacement-node": 73,
                    "expression-node": 74,
                    "template-line-number": 316,
                    "node-pos": 134
                },
                {
                    "name": "CommonStockLineItems",
                    "part": "11",
                    "replacement-node": 76,
                    "expression-node": 77,
                    "template-line-number": 323,
                    "node-pos": 138
                },
                {
                    "name": "CommonStockLineItems",
                    "part": "2",
                    "replacement-node": 49,
                    "expression-node": 50,
                    "template-line-number": 258,
                    "node-pos": 102
                },
                {
                    "name": "CommonStockLineItems",
                    "part": "3",
                    "replacement-node": 52,
                    "expression-node": 53,
                    "template-line-number": 266,
                    "node-pos": 106
                },
                {
                    "name": "CommonStockLineItems",
                    "part": "4",
                    "replacement-node": 55,
                    "expression-node": 56,
                    "template-line-number": 274,
                    "node-pos": 110
                },
                {
                    "name": "CommonStockLineItems",
                    "part": "5",
                    "replacement-node": 58,
                    "expression-node": 59,
                    "template-line-number": 281,
                    "node-pos": 114
                },
                {
                    "name": "CommonStockLineItems",
                    "part": "6",
                    "replacement-node": 61,
                    "expression-node": 62,
                    "template-line-number": 288,
                    "node-pos": 118
                },
                {
                    "name": "CommonStockLineItems",
                    "part": "7",
                    "replacement-node": 64,
                    "expression-node": 65,
                    "template-line-number": 295,
                    "node-pos": 122
                },
                {
                    "name": "CommonStockLineItems",
                    "part": "8",
                    "replacement-node": 67,
                    "expression-node": 68,
                    "template-line-number": 302,
                    "node-pos": 126
                },
                {
                    "name": "CommonStockLineItems",
                    "part": "9",
                    "replacement-node": 70,
                    "expression-node": 71,
                    "template-line-number": 309,
                    "node-pos": 130
                }
            ]
        },
        "rule-30": {
            "name": "ISHeadings",
            "subs": [
                {
                    "name": "ISHeadings",
                    "part": "1",
                    "replacement-node": 37,
                    "template-line-number": 134,
                    "extras": {},
                    "node-pos": 73
                },
                {
                    "name": "ISHeadings",
                    "part": "2",
                    "replacement-node": 40,
                    "template-line-number": 141,
                    "extras": {},
                    "node-pos": 77
                }
            ]
        },
        "rule-31": {
            "name": "PreferredStockLineItems",
            "subs": [
                {
                    "name": "PreferredStockLineItems",
                    "part": "10",
                    "replacement-node": 128,
                    "expression-node": 129,
                    "template-line-number": 581,
                    "node-pos": 227
                },
                {
                    "name": "PreferredStockLineItems",
                    "part": "11",
                    "replacement-node": 131,
                    "expression-node": 132,
                    "template-line-number": 588,
                    "node-pos": 231
                },
                {
                    "name": "PreferredStockLineItems",
                    "part": "2",
                    "replacement-node": 104,
                    "expression-node": 105,
                    "template-line-number": 525,
                    "node-pos": 195
                },
                {
                    "name": "PreferredStockLineItems",
                    "part": "3",
                    "replacement-node": 107,
                    "expression-node": 108,
                    "template-line-number": 531,
                    "node-pos": 199
                },
                {
                    "name": "PreferredStockLineItems",
                    "part": "4",
                    "replacement-node": 110,
                    "expression-node": 111,
                    "template-line-number": 539,
                    "node-pos": 203
                },
                {
                    "name": "PreferredStockLineItems",
                    "part": "5",
                    "replacement-node": 113,
                    "expression-node": 114,
                    "template-line-number": 546,
                    "node-pos": 207
                },
                {
                    "name": "PreferredStockLineItems",
                    "part": "6",
                    "replacement-node": 116,
                    "expression-node": 117,
                    "template-line-number": 553,
                    "node-pos": 211
                },
                {
                    "name": "PreferredStockLineItems",
                    "part": "7",
                    "replacement-node": 119,
                    "expression-node": 120,
                    "template-line-number": 560,
                    "node-pos": 215
                },
                {
                    "name": "PreferredStockLineItems",
                    "part": "8",
                    "replacement-node": 122,
                    "expression-node": 123,
                    "template-line-number": 567,
                    "node-pos": 219
                },
                {
                    "name": "PreferredStockLineItems",
                    "part": "9",
                    "replacement-node": 125,
                    "expression-node": 126,
                    "template-line-number": 574,
                    "node-pos": 223
                }
            ]
        }
    },
    "line-numbers": {
        "CommonStockLineItems": [
            {
                "line-number-node": 47,
                "start-number": 2,
                "template-line-number": 251
            }
        ],
        "PreferredStockLineItems": [
            {
                "line-number-node": 101,
                "start-rule": "rule-32",
                "template-line-number": 509
            }
        ]
    },
    "showifs": {},
    "footnotes": {},
    "standard-rules": [
        "rule-1",
        "rule-2",
        "rule-3",
        "rule-4",
        "rule-5",
        "rule-6",
        "rule-7",
        "rule-8",
        "rule-9",
        "rule-10",
        "rule-11",
        "rule-12",
        "rule-13",
        "rule-14",
        "rule-15",
        "rule-16",
        "rule-17",
        "rule-18",
        "rule-19",
        "rule-20",
        "rule-21",
        "rule-22",
        "rule-23",
        "rule-24",
        "rule-25",
        "rule-26",
        "rule-27",
        "rule-28",
        "rule-29",
        "rule-30",
        "rule-31"
    ],
    "footnote-rules": []
}