{
    "substitutions": {
        "rule-1": [
            {
                "part": null,
                "replacement-node": 0,
                "template-line-number": 22,
                "node-pos": 10
            }
        ],
        "rule-2": [
            {
                "part": null,
                "replacement-node": 3,
                "expression-node": 4,
                "template-line-number": 27,
                "node-pos": 14
            }
        ],
        "rule-3": [
            {
                "part": null,
                "replacement-node": 6,
                "template-line-number": 33,
                "node-pos": 18
            }
        ],
        "rule-4": [
            {
                "part": null,
                "replacement-node": 9,
                "template-line-number": 39,
                "node-pos": 22,
                "html": true
            }
        ],
        "rule-5": [
            {
                "part": null,
                "replacement-node": 12,
                "template-line-number": 51,
                "node-pos": 27,
                "html": true
            }
        ],
        "rule-6": [
            {
                "part": null,
                "replacement-node": 15,
                "template-line-number": 62,
                "node-pos": 32
            }
        ],
        "rule-7": [
            {
                "part": null,
                "replacement-node": 18,
                "expression-node": 19,
                "template-line-number": 67,
                "node-pos": 36
            }
        ],
        "rule-8": [
            {
                "part": null,
                "replacement-node": 21,
                "template-line-number": 72,
                "node-pos": 40
            }
        ],
        "rule-9": [
            {
                "part": null,
                "replacement-node": 24,
                "expression-node": 25,
                "template-line-number": 77,
                "node-pos": 44
            }
        ],
        "rule-10": [
            {
                "part": null,
                "replacement-node": 27,
                "expression-node": 28,
                "template-line-number": 82,
                "node-pos": 48
            }
        ],
        "rule-11": [
            {
                "part": null,
                "replacement-node": 30,
                "template-line-number": 92,
                "node-pos": 54
            }
        ],
        "rule-12": [
            {
                "part": null,
                "replacement-node": 33,
                "template-line-number": 103,
                "node-pos": 59,
                "html": true
            }
        ],
        "rule-13": [
            {
                "part": null,
                "replacement-node": 61,
                "expression-node": 62,
                "template-line-number": 228,
                "node-pos": 111
            }
        ],
        "rule-14": [
            {
                "part": null,
                "replacement-node": 64,
                "template-line-number": 233,
                "node-pos": 115
            }
        ],
        "rule-15": [
            {
                "part": null,
                "replacement-node": 67,
                "template-line-number": 242,
                "node-pos": 119
            }
        ],
        "rule-16": {
            "name": "ListLineItems",
            "subs": [
                {
                    "name": "ListLineItems",
                    "part": "2",
                    "replacement-node": 46,
                    "template-line-number": 186,
                    "extras": {},
                    "node-pos": 80
                },
                {
                    "name": "ListLineItems",
                    "part": "3",
                    "replacement-node": 50,
                    "template-line-number": 197,
                    "extras": {},
                    "node-pos": 86
                },
                {
                    "name": "ListLineItems",
                    "part": "4",
                    "replacement-node": 53,
                    "template-line-number": 204,
                    "extras": {},
                    "node-pos": 90
                },
                {
                    "name": "ListLineItems",
                    "part": "5",
                    "replacement-node": 55,
                    "expression-node": 56,
                    "template-line-number": 208,
                    "node-pos": 93
                },
                {
                    "name": "ListLineItems",
                    "part": "6",
                    "replacement-node": 44,
                    "template-line-number": 182,
                    "extras": {},
                    "node-pos": 78
                },
                {
                    "name": "ListLineItems",
                    "part": "6",
                    "replacement-node": 57,
                    "expression-node": 58,
                    "template-line-number": 209,
                    "node-pos": 95
                },
                {
                    "name": "ListLineItems",
                    "part": "7",
                    "replacement-node": 59,
                    "expression-node": 60,
                    "template-line-number": 210,
                    "node-pos": 97
                }
            ]
        },
        "rule-17": {
            "name": "ListHeadings",
            "subs": [
                {
                    "name": "ListHeadings",
                    "part": "1",
                    "replacement-node": 37,
                    "template-line-number": 125,
                    "extras": {},
                    "node-pos": 66
                },
                {
                    "name": "ListHeadings",
                    "part": "2",
                    "replacement-node": 40,
                    "template-line-number": 132,
                    "extras": {},
                    "node-pos": 70
                }
            ]
        }
    },
    "line-numbers": {},
    "showifs": {},
    "footnotes": {},
    "standard-rules": [
        "rule-1",
        "rule-2",
        "rule-3",
        "rule-4",
        "rule-5",
        "rule-6",
        "rule-7",
        "rule-8",
        "rule-9",
        "rule-10",
        "rule-11",
        "rule-12",
        "rule-13",
        "rule-14",
        "rule-15",
        "rule-16",
        "rule-17"
    ],
    "footnote-rules": []
}