{
    "substitutions": {
        "rule-2": [
            {
                "part": null,
                "replacement-node": 1,
                "template-line-number": 28,
                "node-pos": 10
            }
        ],
        "rule-3": [
            {
                "part": null,
                "replacement-node": 4,
                "expression-node": 5,
                "template-line-number": 35,
                "node-pos": 14
            }
        ],
        "rule-4": [
            {
                "part": null,
                "replacement-node": 7,
                "template-line-number": 42,
                "node-pos": 18
            }
        ],
        "rule-5": [
            {
                "part": null,
                "replacement-node": 10,
                "template-line-number": 50,
                "node-pos": 22,
                "html": true
            }
        ],
        "rule-6": [
            {
                "part": null,
                "replacement-node": 13,
                "template-line-number": 66,
                "node-pos": 27,
                "html": true
            }
        ],
        "rule-7": [
            {
                "part": null,
                "replacement-node": 16,
                "template-line-number": 84,
                "node-pos": 32
            }
        ],
        "rule-8": [
            {
                "part": null,
                "replacement-node": 19,
                "expression-node": 20,
                "template-line-number": 91,
                "node-pos": 36
            }
        ],
        "rule-9": [
            {
                "part": null,
                "replacement-node": 22,
                "template-line-number": 98,
                "node-pos": 40
            }
        ],
        "rule-10": [
            {
                "part": null,
                "replacement-node": 25,
                "expression-node": 26,
                "template-line-number": 105,
                "node-pos": 44
            }
        ],
        "rule-11": [
            {
                "part": null,
                "replacement-node": 28,
                "expression-node": 29,
                "template-line-number": 111,
                "node-pos": 48
            }
        ],
        "rule-12": [
            {
                "part": null,
                "replacement-node": 31,
                "template-line-number": 122,
                "node-pos": 54
            }
        ],
        "rule-13": [
            {
                "part": null,
                "replacement-node": 34,
                "template-line-number": 133,
                "node-pos": 59,
                "html": true
            }
        ],
        "rule-14": [
            {
                "part": null,
                "replacement-node": 66,
                "expression-node": 67,
                "template-line-number": 303,
                "node-pos": 115
            }
        ],
        "rule-15": [
            {
                "part": null,
                "replacement-node": 69,
                "expression-node": 70,
                "template-line-number": 313,
                "node-pos": 119
            }
        ],
        "rule-16": [
            {
                "part": null,
                "replacement-node": 72,
                "expression-node": 73,
                "template-line-number": 323,
                "node-pos": 123
            }
        ],
        "rule-17": [
            {
                "part": null,
                "replacement-node": 75,
                "expression-node": 76,
                "template-line-number": 333,
                "node-pos": 127
            }
        ],
        "rule-18": [
            {
                "part": null,
                "replacement-node": 78,
                "expression-node": 79,
                "template-line-number": 343,
                "node-pos": 131
            }
        ],
        "rule-19": [
            {
                "part": null,
                "replacement-node": 81,
                "expression-node": 82,
                "template-line-number": 359,
                "node-pos": 138
            }
        ],
        "rule-20": [
            {
                "part": null,
                "replacement-node": 84,
                "expression-node": 85,
                "template-line-number": 369,
                "node-pos": 142
            }
        ],
        "rule-21": [
            {
                "part": null,
                "replacement-node": 87,
                "expression-node": 88,
                "template-line-number": 385,
                "node-pos": 148
            }
        ],
        "rule-22": [
            {
                "part": null,
                "replacement-node": 90,
                "expression-node": 91,
                "template-line-number": 401,
                "node-pos": 155
            }
        ],
        "rule-23": [
            {
                "part": null,
                "replacement-node": 93,
                "expression-node": 94,
                "template-line-number": 411,
                "node-pos": 159
            }
        ],
        "rule-24": [
            {
                "part": null,
                "replacement-node": 96,
                "expression-node": 97,
                "template-line-number": 421,
                "node-pos": 163
            }
        ],
        "rule-25": [
            {
                "part": null,
                "replacement-node": 99,
                "expression-node": 100,
                "template-line-number": 431,
                "node-pos": 167
            }
        ],
        "rule-26": [
            {
                "part": null,
                "replacement-node": 102,
                "expression-node": 103,
                "template-line-number": 441,
                "node-pos": 171
            }
        ],
        "rule-27": [
            {
                "part": null,
                "replacement-node": 105,
                "expression-node": 106,
                "template-line-number": 456,
                "node-pos": 177
            }
        ],
        "rule-28": [
            {
                "part": null,
                "replacement-node": 108,
                "template-line-number": 463,
                "node-pos": 181
            }
        ],
        "rule-29": [
            {
                "part": null,
                "replacement-node": 111,
                "template-line-number": 473,
                "node-pos": 185
            }
        ],
        "rule-30": {
            "name": "SalesOfElectricityByRateSchedule",
            "subs": [
                {
                    "name": "SalesOfElectricityByRateSchedule",
                    "part": "2",
                    "replacement-node": 48,
                    "expression-node": 49,
                    "template-line-number": 241,
                    "node-pos": 88
                },
                {
                    "name": "SalesOfElectricityByRateSchedule",
                    "part": "3",
                    "replacement-node": 51,
                    "expression-node": 52,
                    "template-line-number": 251,
                    "node-pos": 92
                },
                {
                    "name": "SalesOfElectricityByRateSchedule",
                    "part": "4",
                    "replacement-node": 54,
                    "expression-node": 55,
                    "template-line-number": 260,
                    "node-pos": 96
                },
                {
                    "name": "SalesOfElectricityByRateSchedule",
                    "part": "5",
                    "replacement-node": 57,
                    "expression-node": 58,
                    "template-line-number": 268,
                    "node-pos": 100
                },
                {
                    "name": "SalesOfElectricityByRateSchedule",
                    "part": "6",
                    "replacement-node": 60,
                    "expression-node": 61,
                    "template-line-number": 279,
                    "node-pos": 104
                },
                {
                    "name": "SalesOfElectricityByRateSchedule",
                    "part": "7",
                    "replacement-node": 63,
                    "expression-node": 64,
                    "template-line-number": 288,
                    "node-pos": 108
                }
            ]
        },
        "rule-31": {
            "name": "ColumnHeadings",
            "subs": [
                {
                    "name": "ColumnHeadings",
                    "part": "1",
                    "replacement-node": 38,
                    "template-line-number": 164,
                    "extras": {},
                    "node-pos": 74
                },
                {
                    "name": "ColumnHeadings",
                    "part": "2",
                    "replacement-node": 41,
                    "template-line-number": 171,
                    "extras": {},
                    "node-pos": 78
                }
            ]
        }
    },
    "line-numbers": {
        "SalesOfElectricityByRateSchedule": [
            {
                "line-number-node": 45,
                "start-number": 1,
                "template-line-number": 233
            }
        ]
    },
    "showifs": {
        "rule-1": {
            "type": "showif",
            "template-line-number": 14
        }
    },
    "footnotes": {},
    "standard-rules": [
        "rule-2",
        "rule-3",
        "rule-4",
        "rule-5",
        "rule-6",
        "rule-7",
        "rule-8",
        "rule-9",
        "rule-10",
        "rule-11",
        "rule-12",
        "rule-13",
        "rule-14",
        "rule-15",
        "rule-16",
        "rule-17",
        "rule-18",
        "rule-19",
        "rule-20",
        "rule-21",
        "rule-22",
        "rule-23",
        "rule-24",
        "rule-25",
        "rule-26",
        "rule-27",
        "rule-28",
        "rule-29",
        "rule-30",
        "rule-31"
    ],
    "footnote-rules": []
}