{
    "substitutions": {
        "rule-2": [
            {
                "part": null,
                "replacement-node": 1,
                "template-line-number": 28,
                "node-pos": 11
            }
        ],
        "rule-3": [
            {
                "part": null,
                "replacement-node": 4,
                "expression-node": 5,
                "template-line-number": 34,
                "node-pos": 15
            }
        ],
        "rule-4": [
            {
                "part": null,
                "replacement-node": 7,
                "template-line-number": 40,
                "node-pos": 19
            }
        ],
        "rule-5": [
            {
                "part": null,
                "replacement-node": 10,
                "template-line-number": 46,
                "node-pos": 23,
                "html": true
            }
        ],
        "rule-6": [
            {
                "part": null,
                "replacement-node": 13,
                "template-line-number": 58,
                "node-pos": 28,
                "html": true
            }
        ],
        "rule-7": [
            {
                "part": null,
                "replacement-node": 16,
                "template-line-number": 69,
                "node-pos": 33
            }
        ],
        "rule-8": [
            {
                "part": null,
                "replacement-node": 19,
                "expression-node": 20,
                "template-line-number": 74,
                "node-pos": 37
            }
        ],
        "rule-9": [
            {
                "part": null,
                "replacement-node": 22,
                "template-line-number": 79,
                "node-pos": 41
            }
        ],
        "rule-10": [
            {
                "part": null,
                "replacement-node": 25,
                "expression-node": 26,
                "template-line-number": 84,
                "node-pos": 45
            }
        ],
        "rule-11": [
            {
                "part": null,
                "replacement-node": 28,
                "expression-node": 29,
                "template-line-number": 89,
                "node-pos": 49
            }
        ],
        "rule-12": [
            {
                "part": null,
                "replacement-node": 31,
                "template-line-number": 99,
                "node-pos": 55
            }
        ],
        "rule-13": [
            {
                "part": null,
                "replacement-node": 34,
                "template-line-number": 110,
                "node-pos": 60,
                "html": true
            }
        ],
        "rule-14": [
            {
                "part": null,
                "replacement-node": 79,
                "expression-node": 80,
                "template-line-number": 350,
                "node-pos": 184
            }
        ],
        "rule-15": [
            {
                "part": null,
                "replacement-node": 82,
                "expression-node": 83,
                "template-line-number": 360,
                "node-pos": 188
            }
        ],
        "rule-16": [
            {
                "part": null,
                "replacement-node": 85,
                "expression-node": 86,
                "template-line-number": 370,
                "node-pos": 192
            }
        ],
        "rule-17": [
            {
                "part": null,
                "replacement-node": 88,
                "expression-node": 89,
                "template-line-number": 380,
                "node-pos": 196
            }
        ],
        "rule-18": [
            {
                "part": null,
                "replacement-node": 91,
                "expression-node": 92,
                "template-line-number": 390,
                "node-pos": 200
            }
        ],
        "rule-19": [
            {
                "part": null,
                "replacement-node": 94,
                "expression-node": 95,
                "template-line-number": 400,
                "node-pos": 204
            }
        ],
        "rule-20": [
            {
                "part": null,
                "replacement-node": 97,
                "expression-node": 98,
                "template-line-number": 410,
                "node-pos": 208
            }
        ],
        "rule-21": [
            {
                "part": null,
                "replacement-node": 100,
                "expression-node": 101,
                "template-line-number": 420,
                "node-pos": 212
            }
        ],
        "rule-22": [
            {
                "part": null,
                "replacement-node": 136,
                "expression-node": 137,
                "template-line-number": 574,
                "node-pos": 277
            }
        ],
        "rule-23": [
            {
                "part": null,
                "replacement-node": 139,
                "expression-node": 140,
                "template-line-number": 584,
                "node-pos": 281
            }
        ],
        "rule-24": [
            {
                "part": null,
                "replacement-node": 142,
                "expression-node": 143,
                "template-line-number": 594,
                "node-pos": 285
            }
        ],
        "rule-25": [
            {
                "part": null,
                "replacement-node": 145,
                "expression-node": 146,
                "template-line-number": 604,
                "node-pos": 289
            }
        ],
        "rule-26": [
            {
                "part": null,
                "replacement-node": 148,
                "expression-node": 149,
                "template-line-number": 614,
                "node-pos": 293
            }
        ],
        "rule-27": [
            {
                "part": null,
                "replacement-node": 151,
                "expression-node": 152,
                "template-line-number": 624,
                "node-pos": 297
            }
        ],
        "rule-28": [
            {
                "part": null,
                "replacement-node": 154,
                "expression-node": 155,
                "template-line-number": 634,
                "node-pos": 301
            }
        ],
        "rule-29": [
            {
                "part": null,
                "replacement-node": 157,
                "expression-node": 158,
                "template-line-number": 644,
                "node-pos": 305
            }
        ],
        "rule-30": [
            {
                "part": null,
                "replacement-node": 160,
                "expression-node": 161,
                "template-line-number": 660,
                "node-pos": 313
            }
        ],
        "rule-31": [
            {
                "part": null,
                "replacement-node": 163,
                "expression-node": 164,
                "template-line-number": 670,
                "node-pos": 317
            }
        ],
        "rule-32": [
            {
                "part": null,
                "replacement-node": 166,
                "expression-node": 167,
                "template-line-number": 680,
                "node-pos": 321
            }
        ],
        "rule-33": [
            {
                "part": null,
                "replacement-node": 169,
                "expression-node": 170,
                "template-line-number": 690,
                "node-pos": 325
            }
        ],
        "rule-34": [
            {
                "part": null,
                "replacement-node": 172,
                "expression-node": 173,
                "template-line-number": 700,
                "node-pos": 329
            }
        ],
        "rule-35": [
            {
                "part": null,
                "replacement-node": 175,
                "expression-node": 176,
                "template-line-number": 710,
                "node-pos": 333
            }
        ],
        "rule-36": [
            {
                "part": null,
                "replacement-node": 178,
                "expression-node": 179,
                "template-line-number": 720,
                "node-pos": 337
            }
        ],
        "rule-37": [
            {
                "part": null,
                "replacement-node": 181,
                "expression-node": 182,
                "template-line-number": 730,
                "node-pos": 341
            }
        ],
        "rule-38": [
            {
                "part": null,
                "replacement-node": 184,
                "expression-node": 185,
                "template-line-number": 752,
                "node-pos": 353
            }
        ],
        "rule-39": [
            {
                "part": null,
                "replacement-node": 187,
                "expression-node": 188,
                "template-line-number": 766,
                "node-pos": 360
            }
        ],
        "rule-40": [
            {
                "part": null,
                "replacement-node": 190,
                "expression-node": 191,
                "template-line-number": 786,
                "node-pos": 371
            }
        ],
        "rule-41": [
            {
                "part": null,
                "replacement-node": 193,
                "expression-node": 194,
                "template-line-number": 800,
                "node-pos": 378
            }
        ],
        "rule-42": [
            {
                "part": null,
                "replacement-node": 196,
                "expression-node": 197,
                "template-line-number": 814,
                "node-pos": 384
            }
        ],
        "rule-43": [
            {
                "part": null,
                "replacement-node": 199,
                "template-line-number": 819,
                "node-pos": 388
            }
        ],
        "rule-44": [
            {
                "part": null,
                "replacement-node": 202,
                "template-line-number": 828,
                "node-pos": 392
            }
        ],
        "rule-45": {
            "name": "StatisticsOperations",
            "subs": [
                {
                    "name": "StatisticsOperations",
                    "part": "10",
                    "replacement-node": 73,
                    "expression-node": 74,
                    "template-line-number": 330,
                    "node-pos": 172
                },
                {
                    "name": "StatisticsOperations",
                    "part": "11",
                    "replacement-node": 76,
                    "expression-node": 77,
                    "template-line-number": 335,
                    "node-pos": 176
                },
                {
                    "name": "StatisticsOperations",
                    "part": "2",
                    "replacement-node": 49,
                    "expression-node": 50,
                    "template-line-number": 290,
                    "node-pos": 140
                },
                {
                    "name": "StatisticsOperations",
                    "part": "3",
                    "replacement-node": 52,
                    "expression-node": 53,
                    "template-line-number": 295,
                    "node-pos": 144
                },
                {
                    "name": "StatisticsOperations",
                    "part": "4",
                    "replacement-node": 55,
                    "expression-node": 56,
                    "template-line-number": 300,
                    "node-pos": 148
                },
                {
                    "name": "StatisticsOperations",
                    "part": "5",
                    "replacement-node": 58,
                    "expression-node": 59,
                    "template-line-number": 305,
                    "node-pos": 152
                },
                {
                    "name": "StatisticsOperations",
                    "part": "6",
                    "replacement-node": 61,
                    "expression-node": 62,
                    "template-line-number": 310,
                    "node-pos": 156
                },
                {
                    "name": "StatisticsOperations",
                    "part": "7",
                    "replacement-node": 64,
                    "expression-node": 65,
                    "template-line-number": 315,
                    "node-pos": 160
                },
                {
                    "name": "StatisticsOperations",
                    "part": "8",
                    "replacement-node": 67,
                    "expression-node": 68,
                    "template-line-number": 320,
                    "node-pos": 164
                },
                {
                    "name": "StatisticsOperations",
                    "part": "9",
                    "replacement-node": 70,
                    "expression-node": 71,
                    "template-line-number": 325,
                    "node-pos": 168
                }
            ]
        },
        "rule-46": {
            "name": "ColumnHeadings",
            "subs": [
                {
                    "name": "ColumnHeadings",
                    "part": "1",
                    "replacement-node": 40,
                    "template-line-number": 191,
                    "extras": {},
                    "node-pos": 115
                },
                {
                    "name": "ColumnHeadings",
                    "part": "2",
                    "replacement-node": 43,
                    "template-line-number": 199,
                    "extras": {},
                    "node-pos": 119
                },
                {
                    "name": "ColumnHeadings",
                    "part": "3",
                    "replacement-node": 38,
                    "template-line-number": 187,
                    "extras": {},
                    "node-pos": 113
                }
            ]
        },
        "rule-47": {
            "name": "StatisticsOperations2",
            "subs": [
                {
                    "name": "StatisticsOperations2",
                    "part": "10",
                    "replacement-node": 130,
                    "expression-node": 131,
                    "template-line-number": 555,
                    "node-pos": 265
                },
                {
                    "name": "StatisticsOperations2",
                    "part": "11",
                    "replacement-node": 133,
                    "expression-node": 134,
                    "template-line-number": 560,
                    "node-pos": 269
                },
                {
                    "name": "StatisticsOperations2",
                    "part": "2",
                    "replacement-node": 106,
                    "expression-node": 107,
                    "template-line-number": 515,
                    "node-pos": 233
                },
                {
                    "name": "StatisticsOperations2",
                    "part": "3",
                    "replacement-node": 109,
                    "expression-node": 110,
                    "template-line-number": 520,
                    "node-pos": 237
                },
                {
                    "name": "StatisticsOperations2",
                    "part": "4",
                    "replacement-node": 112,
                    "expression-node": 113,
                    "template-line-number": 525,
                    "node-pos": 241
                },
                {
                    "name": "StatisticsOperations2",
                    "part": "5",
                    "replacement-node": 115,
                    "expression-node": 116,
                    "template-line-number": 530,
                    "node-pos": 245
                },
                {
                    "name": "StatisticsOperations2",
                    "part": "6",
                    "replacement-node": 118,
                    "expression-node": 119,
                    "template-line-number": 535,
                    "node-pos": 249
                },
                {
                    "name": "StatisticsOperations2",
                    "part": "7",
                    "replacement-node": 121,
                    "expression-node": 122,
                    "template-line-number": 540,
                    "node-pos": 253
                },
                {
                    "name": "StatisticsOperations2",
                    "part": "8",
                    "replacement-node": 124,
                    "expression-node": 125,
                    "template-line-number": 545,
                    "node-pos": 257
                },
                {
                    "name": "StatisticsOperations2",
                    "part": "9",
                    "replacement-node": 127,
                    "expression-node": 128,
                    "template-line-number": 550,
                    "node-pos": 261
                }
            ]
        }
    },
    "line-numbers": {
        "StatisticsOperations": [
            {
                "line-number-node": 47,
                "start-number": 1,
                "template-line-number": 287
            }
        ],
        "StatisticsOperations2": [
            {
                "line-number-node": 104,
                "start-number": 16,
                "template-line-number": 511
            }
        ]
    },
    "showifs": {
        "rule-1": {
            "type": "showif",
            "template-line-number": 18
        }
    },
    "footnotes": {},
    "standard-rules": [
        "rule-2",
        "rule-3",
        "rule-4",
        "rule-5",
        "rule-6",
        "rule-7",
        "rule-8",
        "rule-9",
        "rule-10",
        "rule-11",
        "rule-12",
        "rule-13",
        "rule-14",
        "rule-15",
        "rule-16",
        "rule-17",
        "rule-18",
        "rule-19",
        "rule-20",
        "rule-21",
        "rule-22",
        "rule-23",
        "rule-24",
        "rule-25",
        "rule-26",
        "rule-27",
        "rule-28",
        "rule-29",
        "rule-30",
        "rule-31",
        "rule-32",
        "rule-33",
        "rule-34",
        "rule-35",
        "rule-36",
        "rule-37",
        "rule-38",
        "rule-39",
        "rule-40",
        "rule-41",
        "rule-42",
        "rule-43",
        "rule-44",
        "rule-45",
        "rule-46",
        "rule-47"
    ],
    "footnote-rules": []
}