{
    "substitutions": {
        "rule-1": [
            {
                "part": null,
                "replacement-node": 0,
                "template-line-number": 22,
                "node-pos": 9
            }
        ],
        "rule-2": [
            {
                "part": null,
                "replacement-node": 3,
                "expression-node": 4,
                "template-line-number": 27,
                "node-pos": 13
            }
        ],
        "rule-3": [
            {
                "part": null,
                "replacement-node": 6,
                "template-line-number": 33,
                "node-pos": 17
            }
        ],
        "rule-4": [
            {
                "part": null,
                "replacement-node": 9,
                "template-line-number": 39,
                "node-pos": 21,
                "html": true
            }
        ],
        "rule-5": [
            {
                "part": null,
                "replacement-node": 12,
                "template-line-number": 51,
                "node-pos": 26,
                "html": true
            }
        ],
        "rule-6": [
            {
                "part": null,
                "replacement-node": 15,
                "template-line-number": 62,
                "node-pos": 31
            }
        ],
        "rule-7": [
            {
                "part": null,
                "replacement-node": 18,
                "expression-node": 19,
                "template-line-number": 67,
                "node-pos": 35
            }
        ],
        "rule-8": [
            {
                "part": null,
                "replacement-node": 21,
                "template-line-number": 72,
                "node-pos": 39
            }
        ],
        "rule-9": [
            {
                "part": null,
                "replacement-node": 24,
                "expression-node": 25,
                "template-line-number": 77,
                "node-pos": 43
            }
        ],
        "rule-10": [
            {
                "part": null,
                "replacement-node": 27,
                "expression-node": 28,
                "template-line-number": 82,
                "node-pos": 47
            }
        ],
        "rule-11": [
            {
                "part": null,
                "replacement-node": 30,
                "template-line-number": 92,
                "node-pos": 53,
                "html": true
            }
        ],
        "rule-12": [
            {
                "part": null,
                "replacement-node": 33,
                "template-line-number": 104,
                "node-pos": 58,
                "html": true
            }
        ],
        "rule-13": [
            {
                "part": null,
                "replacement-node": 97,
                "expression-node": 98,
                "template-line-number": 410,
                "node-pos": 179
            }
        ],
        "rule-14": [
            {
                "part": null,
                "replacement-node": 100,
                "expression-node": 101,
                "template-line-number": 419,
                "node-pos": 183
            }
        ],
        "rule-15": [
            {
                "part": null,
                "replacement-node": 103,
                "expression-node": 104,
                "template-line-number": 428,
                "node-pos": 187
            }
        ],
        "rule-16": [
            {
                "part": null,
                "replacement-node": 106,
                "expression-node": 107,
                "template-line-number": 438,
                "node-pos": 192
            }
        ],
        "rule-17": [
            {
                "part": null,
                "replacement-node": 109,
                "expression-node": 110,
                "template-line-number": 447,
                "node-pos": 196
            }
        ],
        "rule-18": [
            {
                "part": null,
                "replacement-node": 112,
                "expression-node": 113,
                "template-line-number": 456,
                "node-pos": 200
            }
        ],
        "rule-19": [
            {
                "part": null,
                "replacement-node": 115,
                "expression-node": 116,
                "template-line-number": 466,
                "node-pos": 204
            }
        ],
        "rule-20": [
            {
                "part": null,
                "replacement-node": 118,
                "expression-node": 119,
                "template-line-number": 475,
                "node-pos": 208
            }
        ],
        "rule-21": [
            {
                "part": null,
                "replacement-node": 121,
                "expression-node": 122,
                "template-line-number": 484,
                "node-pos": 212
            }
        ],
        "rule-22": [
            {
                "part": null,
                "replacement-node": 124,
                "expression-node": 125,
                "template-line-number": 493,
                "node-pos": 216
            }
        ],
        "rule-23": [
            {
                "part": null,
                "replacement-node": 127,
                "expression-node": 128,
                "template-line-number": 507,
                "node-pos": 222
            }
        ],
        "rule-24": [
            {
                "part": null,
                "replacement-node": 130,
                "template-line-number": 514,
                "node-pos": 226
            }
        ],
        "rule-25": [
            {
                "part": null,
                "replacement-node": 133,
                "template-line-number": 524,
                "node-pos": 230
            }
        ],
        "rule-26": {
            "name": "TransmissionLineStatistics",
            "subs": [
                {
                    "name": "TransmissionLineStatistics",
                    "part": "10",
                    "replacement-node": 73,
                    "expression-node": 74,
                    "template-line-number": 360,
                    "node-pos": 140
                },
                {
                    "name": "TransmissionLineStatistics",
                    "part": "11",
                    "replacement-node": 76,
                    "expression-node": 77,
                    "template-line-number": 365,
                    "node-pos": 144
                },
                {
                    "name": "TransmissionLineStatistics",
                    "part": "12",
                    "replacement-node": 79,
                    "expression-node": 80,
                    "template-line-number": 370,
                    "node-pos": 148
                },
                {
                    "name": "TransmissionLineStatistics",
                    "part": "13",
                    "replacement-node": 82,
                    "expression-node": 83,
                    "template-line-number": 375,
                    "node-pos": 152
                },
                {
                    "name": "TransmissionLineStatistics",
                    "part": "14",
                    "replacement-node": 85,
                    "expression-node": 86,
                    "template-line-number": 380,
                    "node-pos": 156
                },
                {
                    "name": "TransmissionLineStatistics",
                    "part": "15",
                    "replacement-node": 88,
                    "expression-node": 89,
                    "template-line-number": 385,
                    "node-pos": 160
                },
                {
                    "name": "TransmissionLineStatistics",
                    "part": "16",
                    "replacement-node": 91,
                    "expression-node": 92,
                    "template-line-number": 390,
                    "node-pos": 164
                },
                {
                    "name": "TransmissionLineStatistics",
                    "part": "17",
                    "replacement-node": 94,
                    "expression-node": 95,
                    "template-line-number": 395,
                    "node-pos": 168
                },
                {
                    "name": "TransmissionLineStatistics",
                    "part": "2",
                    "replacement-node": 49,
                    "expression-node": 50,
                    "template-line-number": 320,
                    "node-pos": 108
                },
                {
                    "name": "TransmissionLineStatistics",
                    "part": "3",
                    "replacement-node": 52,
                    "expression-node": 53,
                    "template-line-number": 325,
                    "node-pos": 112
                },
                {
                    "name": "TransmissionLineStatistics",
                    "part": "4",
                    "replacement-node": 55,
                    "expression-node": 56,
                    "template-line-number": 330,
                    "node-pos": 116
                },
                {
                    "name": "TransmissionLineStatistics",
                    "part": "5",
                    "replacement-node": 58,
                    "expression-node": 59,
                    "template-line-number": 335,
                    "node-pos": 120
                },
                {
                    "name": "TransmissionLineStatistics",
                    "part": "6",
                    "replacement-node": 61,
                    "expression-node": 62,
                    "template-line-number": 340,
                    "node-pos": 124
                },
                {
                    "name": "TransmissionLineStatistics",
                    "part": "7",
                    "replacement-node": 64,
                    "expression-node": 65,
                    "template-line-number": 345,
                    "node-pos": 128
                },
                {
                    "name": "TransmissionLineStatistics",
                    "part": "8",
                    "replacement-node": 67,
                    "expression-node": 68,
                    "template-line-number": 350,
                    "node-pos": 132
                },
                {
                    "name": "TransmissionLineStatistics",
                    "part": "9",
                    "replacement-node": 70,
                    "expression-node": 71,
                    "template-line-number": 355,
                    "node-pos": 136
                }
            ]
        },
        "rule-27": {
            "name": "TransStatsHeadings",
            "subs": [
                {
                    "name": "TransStatsHeadings",
                    "part": "1",
                    "replacement-node": 39,
                    "template-line-number": 176,
                    "extras": {},
                    "node-pos": 91
                },
                {
                    "name": "TransStatsHeadings",
                    "part": "3",
                    "replacement-node": 37,
                    "template-line-number": 172,
                    "extras": {},
                    "node-pos": 89
                }
            ]
        },
        "rule-28": {
            "name": "TransStatsHeadings2",
            "subs": [
                {
                    "name": "TransStatsHeadings2",
                    "part": "2",
                    "replacement-node": 43,
                    "template-line-number": 202,
                    "extras": {},
                    "node-pos": 99
                }
            ]
        }
    },
    "line-numbers": {
        "TransmissionLineStatistics": [
            {
                "line-number-node": 47,
                "start-number": 1,
                "template-line-number": 317
            }
        ]
    },
    "showifs": {},
    "footnotes": {},
    "standard-rules": [
        "rule-1",
        "rule-2",
        "rule-3",
        "rule-4",
        "rule-5",
        "rule-6",
        "rule-7",
        "rule-8",
        "rule-9",
        "rule-10",
        "rule-11",
        "rule-12",
        "rule-13",
        "rule-14",
        "rule-15",
        "rule-16",
        "rule-17",
        "rule-18",
        "rule-19",
        "rule-20",
        "rule-21",
        "rule-22",
        "rule-23",
        "rule-24",
        "rule-25",
        "rule-26",
        "rule-27",
        "rule-28"
    ],
    "footnote-rules": []
}