{
    "substitutions": {
        "rule-1": [
            {
                "part": null,
                "replacement-node": 0,
                "template-line-number": 23,
                "node-pos": 10
            }
        ],
        "rule-2": [
            {
                "part": null,
                "replacement-node": 3,
                "expression-node": 4,
                "template-line-number": 28,
                "node-pos": 14
            }
        ],
        "rule-3": [
            {
                "part": null,
                "replacement-node": 6,
                "template-line-number": 34,
                "node-pos": 18
            }
        ],
        "rule-4": [
            {
                "part": null,
                "replacement-node": 9,
                "template-line-number": 40,
                "node-pos": 22,
                "html": true
            }
        ],
        "rule-5": [
            {
                "part": null,
                "replacement-node": 12,
                "template-line-number": 52,
                "node-pos": 27,
                "html": true
            }
        ],
        "rule-6": [
            {
                "part": null,
                "replacement-node": 15,
                "template-line-number": 63,
                "node-pos": 32
            }
        ],
        "rule-7": [
            {
                "part": null,
                "replacement-node": 18,
                "expression-node": 19,
                "template-line-number": 68,
                "node-pos": 36
            }
        ],
        "rule-8": [
            {
                "part": null,
                "replacement-node": 21,
                "template-line-number": 73,
                "node-pos": 40
            }
        ],
        "rule-9": [
            {
                "part": null,
                "replacement-node": 24,
                "expression-node": 25,
                "template-line-number": 78,
                "node-pos": 44
            }
        ],
        "rule-10": [
            {
                "part": null,
                "replacement-node": 27,
                "expression-node": 28,
                "template-line-number": 83,
                "node-pos": 48
            }
        ],
        "rule-11": [
            {
                "part": null,
                "replacement-node": 30,
                "template-line-number": 93,
                "node-pos": 54
            }
        ],
        "rule-12": [
            {
                "part": null,
                "replacement-node": 33,
                "template-line-number": 104,
                "node-pos": 59,
                "html": true
            }
        ],
        "rule-13": [
            {
                "part": null,
                "replacement-node": 45,
                "template-line-number": 162,
                "node-pos": 84
            }
        ],
        "rule-14": [
            {
                "part": null,
                "replacement-node": 48,
                "template-line-number": 175,
                "node-pos": 89
            }
        ],
        "rule-15": [
            {
                "part": null,
                "replacement-node": 51,
                "template-line-number": 188,
                "node-pos": 94
            }
        ],
        "rule-16": [
            {
                "part": null,
                "replacement-node": 54,
                "expression-node": 55,
                "template-line-number": 202,
                "node-pos": 99
            }
        ],
        "rule-17": [
            {
                "part": null,
                "replacement-node": 57,
                "template-line-number": 219,
                "node-pos": 107
            }
        ],
        "rule-18": [
            {
                "part": null,
                "replacement-node": 60,
                "expression-node": 61,
                "template-line-number": 233,
                "node-pos": 112
            }
        ],
        "rule-19": [
            {
                "part": null,
                "replacement-node": 63,
                "template-line-number": 249,
                "node-pos": 120
            }
        ],
        "rule-20": [
            {
                "part": null,
                "replacement-node": 66,
                "expression-node": 67,
                "template-line-number": 263,
                "node-pos": 125
            }
        ],
        "rule-21": [
            {
                "part": null,
                "replacement-node": 69,
                "template-line-number": 279,
                "node-pos": 133
            }
        ],
        "rule-22": [
            {
                "part": null,
                "replacement-node": 72,
                "expression-node": 73,
                "template-line-number": 293,
                "node-pos": 138
            }
        ],
        "rule-23": [
            {
                "part": null,
                "replacement-node": 75,
                "template-line-number": 307,
                "node-pos": 144
            }
        ],
        "rule-24": [
            {
                "part": null,
                "replacement-node": 78,
                "template-line-number": 319,
                "node-pos": 149
            }
        ],
        "rule-25": [
            {
                "part": null,
                "replacement-node": 81,
                "template-line-number": 332,
                "node-pos": 154
            }
        ],
        "rule-26": [
            {
                "part": null,
                "replacement-node": 84,
                "expression-node": 85,
                "template-line-number": 346,
                "node-pos": 159
            }
        ],
        "rule-27": [
            {
                "part": null,
                "replacement-node": 87,
                "template-line-number": 363,
                "node-pos": 167
            }
        ],
        "rule-28": [
            {
                "part": null,
                "replacement-node": 90,
                "expression-node": 91,
                "template-line-number": 377,
                "node-pos": 172
            }
        ],
        "rule-29": [
            {
                "part": null,
                "replacement-node": 93,
                "template-line-number": 394,
                "node-pos": 180
            }
        ],
        "rule-30": [
            {
                "part": null,
                "replacement-node": 96,
                "expression-node": 97,
                "template-line-number": 408,
                "node-pos": 185
            }
        ],
        "rule-31": [
            {
                "part": null,
                "replacement-node": 99,
                "template-line-number": 425,
                "node-pos": 193
            }
        ],
        "rule-32": [
            {
                "part": null,
                "replacement-node": 102,
                "expression-node": 103,
                "template-line-number": 439,
                "node-pos": 198
            }
        ],
        "rule-33": [
            {
                "part": null,
                "replacement-node": 105,
                "template-line-number": 453,
                "node-pos": 204
            }
        ],
        "rule-34": [
            {
                "part": null,
                "replacement-node": 108,
                "template-line-number": 465,
                "node-pos": 209
            }
        ],
        "rule-35": [
            {
                "part": null,
                "replacement-node": 111,
                "expression-node": 112,
                "template-line-number": 479,
                "node-pos": 215
            }
        ],
        "rule-36": [
            {
                "part": null,
                "replacement-node": 114,
                "template-line-number": 493,
                "node-pos": 221
            }
        ],
        "rule-37": [
            {
                "part": null,
                "replacement-node": 117,
                "template-line-number": 505,
                "node-pos": 226
            }
        ],
        "rule-38": [
            {
                "part": null,
                "replacement-node": 120,
                "expression-node": 121,
                "template-line-number": 519,
                "node-pos": 232
            }
        ],
        "rule-39": [
            {
                "part": null,
                "replacement-node": 123,
                "template-line-number": 533,
                "node-pos": 238
            }
        ],
        "rule-40": [
            {
                "part": null,
                "replacement-node": 126,
                "template-line-number": 545,
                "node-pos": 243
            }
        ],
        "rule-41": [
            {
                "part": null,
                "replacement-node": 129,
                "expression-node": 130,
                "template-line-number": 559,
                "node-pos": 249
            }
        ],
        "rule-42": [
            {
                "part": null,
                "replacement-node": 132,
                "template-line-number": 573,
                "node-pos": 255
            }
        ],
        "rule-43": [
            {
                "part": null,
                "replacement-node": 135,
                "template-line-number": 585,
                "node-pos": 260
            }
        ],
        "rule-44": [
            {
                "part": null,
                "replacement-node": 138,
                "template-line-number": 597,
                "node-pos": 265
            }
        ],
        "rule-45": [
            {
                "part": null,
                "replacement-node": 141,
                "expression-node": 142,
                "template-line-number": 610,
                "node-pos": 270
            }
        ],
        "rule-46": [
            {
                "part": null,
                "replacement-node": 144,
                "template-line-number": 626,
                "node-pos": 278
            }
        ],
        "rule-47": [
            {
                "part": null,
                "replacement-node": 147,
                "expression-node": 148,
                "template-line-number": 639,
                "node-pos": 283
            }
        ],
        "rule-48": [
            {
                "part": null,
                "replacement-node": 150,
                "template-line-number": 655,
                "node-pos": 291
            }
        ],
        "rule-49": [
            {
                "part": null,
                "replacement-node": 153,
                "expression-node": 154,
                "template-line-number": 668,
                "node-pos": 296
            }
        ],
        "rule-50": [
            {
                "part": null,
                "replacement-node": 156,
                "template-line-number": 684,
                "node-pos": 304
            }
        ],
        "rule-51": [
            {
                "part": null,
                "replacement-node": 159,
                "expression-node": 160,
                "template-line-number": 697,
                "node-pos": 309
            }
        ],
        "rule-52": [
            {
                "part": null,
                "replacement-node": 189,
                "expression-node": 190,
                "template-line-number": 866,
                "node-pos": 360
            }
        ],
        "rule-53": [
            {
                "part": null,
                "replacement-node": 192,
                "template-line-number": 872,
                "node-pos": 364
            }
        ],
        "rule-54": [
            {
                "part": null,
                "replacement-node": 195,
                "template-line-number": 881,
                "node-pos": 368
            }
        ],
        "rule-55": {
            "name": "DividendsPaid1",
            "subs": [
                {
                    "name": "DividendsPaid1",
                    "part": "2",
                    "replacement-node": 174,
                    "expression-node": 175,
                    "template-line-number": 814,
                    "node-pos": 338
                },
                {
                    "name": "DividendsPaid1",
                    "part": "3",
                    "replacement-node": 177,
                    "expression-node": 178,
                    "template-line-number": 823,
                    "node-pos": 342
                },
                {
                    "name": "DividendsPaid1",
                    "part": "4",
                    "replacement-node": 180,
                    "expression-node": 181,
                    "template-line-number": 832,
                    "node-pos": 346
                },
                {
                    "name": "DividendsPaid1",
                    "part": "5",
                    "replacement-node": 183,
                    "expression-node": 184,
                    "template-line-number": 841,
                    "node-pos": 350
                },
                {
                    "name": "DividendsPaid1",
                    "part": "6",
                    "replacement-node": 186,
                    "expression-node": 187,
                    "template-line-number": 850,
                    "node-pos": 354
                }
            ]
        },
        "rule-56": {
            "name": "ColumnHeading",
            "subs": [
                {
                    "name": "ColumnHeading",
                    "part": "1",
                    "replacement-node": 39,
                    "template-line-number": 142,
                    "extras": {},
                    "node-pos": 74
                },
                {
                    "name": "ColumnHeading",
                    "part": "2",
                    "replacement-node": 42,
                    "template-line-number": 151,
                    "extras": {},
                    "node-pos": 78
                },
                {
                    "name": "ColumnHeading",
                    "part": "3",
                    "replacement-node": 37,
                    "template-line-number": 138,
                    "extras": {},
                    "node-pos": 72
                }
            ]
        },
        "rule-57": {
            "name": "ColumnHeadings2",
            "subs": [
                {
                    "name": "ColumnHeadings2",
                    "part": "1",
                    "replacement-node": 165,
                    "template-line-number": 739,
                    "extras": {},
                    "node-pos": 325
                },
                {
                    "name": "ColumnHeadings2",
                    "part": "2",
                    "replacement-node": 168,
                    "template-line-number": 747,
                    "extras": {},
                    "node-pos": 329
                },
                {
                    "name": "ColumnHeadings2",
                    "part": "3",
                    "replacement-node": 163,
                    "template-line-number": 735,
                    "extras": {},
                    "node-pos": 323
                }
            ]
        }
    },
    "line-numbers": {
        "DividendsPaid1": [
            {
                "line-number-node": 172,
                "start-number": 1,
                "template-line-number": 808
            }
        ]
    },
    "showifs": {},
    "footnotes": {},
    "standard-rules": [
        "rule-1",
        "rule-2",
        "rule-3",
        "rule-4",
        "rule-5",
        "rule-6",
        "rule-7",
        "rule-8",
        "rule-9",
        "rule-10",
        "rule-11",
        "rule-12",
        "rule-13",
        "rule-14",
        "rule-15",
        "rule-16",
        "rule-17",
        "rule-18",
        "rule-19",
        "rule-20",
        "rule-21",
        "rule-22",
        "rule-23",
        "rule-24",
        "rule-25",
        "rule-26",
        "rule-27",
        "rule-28",
        "rule-29",
        "rule-30",
        "rule-31",
        "rule-32",
        "rule-33",
        "rule-34",
        "rule-35",
        "rule-36",
        "rule-37",
        "rule-38",
        "rule-39",
        "rule-40",
        "rule-41",
        "rule-42",
        "rule-43",
        "rule-44",
        "rule-45",
        "rule-46",
        "rule-47",
        "rule-48",
        "rule-49",
        "rule-50",
        "rule-51",
        "rule-52",
        "rule-53",
        "rule-54",
        "rule-55",
        "rule-56",
        "rule-57"
    ],
    "footnote-rules": []
}