{
    "substitutions": {
        "rule-1": [
            {
                "part": null,
                "replacement-node": 0,
                "template-line-number": 19,
                "node-pos": 9
            }
        ],
        "rule-2": [
            {
                "part": null,
                "replacement-node": 3,
                "expression-node": 4,
                "template-line-number": 26,
                "node-pos": 13
            }
        ],
        "rule-3": [
            {
                "part": null,
                "replacement-node": 6,
                "template-line-number": 33,
                "node-pos": 17
            }
        ],
        "rule-4": [
            {
                "part": null,
                "replacement-node": 9,
                "template-line-number": 41,
                "node-pos": 21,
                "html": true
            }
        ],
        "rule-5": [
            {
                "part": null,
                "replacement-node": 12,
                "template-line-number": 57,
                "node-pos": 26,
                "html": true
            }
        ],
        "rule-6": [
            {
                "part": null,
                "replacement-node": 15,
                "template-line-number": 75,
                "node-pos": 31
            }
        ],
        "rule-7": [
            {
                "part": null,
                "replacement-node": 18,
                "expression-node": 19,
                "template-line-number": 82,
                "node-pos": 35
            }
        ],
        "rule-8": [
            {
                "part": null,
                "replacement-node": 21,
                "template-line-number": 89,
                "node-pos": 39
            }
        ],
        "rule-9": [
            {
                "part": null,
                "replacement-node": 24,
                "expression-node": 25,
                "template-line-number": 96,
                "node-pos": 43
            }
        ],
        "rule-10": [
            {
                "part": null,
                "replacement-node": 27,
                "expression-node": 28,
                "template-line-number": 102,
                "node-pos": 47
            }
        ],
        "rule-11": [
            {
                "part": null,
                "replacement-node": 30,
                "template-line-number": 113,
                "node-pos": 53
            }
        ],
        "rule-12": [
            {
                "part": null,
                "replacement-node": 33,
                "template-line-number": 124,
                "node-pos": 58,
                "html": true
            }
        ],
        "rule-13": [
            {
                "part": null,
                "replacement-node": 56,
                "expression-node": 57,
                "template-line-number": 266,
                "node-pos": 108
            }
        ],
        "rule-14": [
            {
                "part": null,
                "replacement-node": 59,
                "template-line-number": 273,
                "node-pos": 112
            }
        ],
        "rule-15": [
            {
                "part": null,
                "replacement-node": 62,
                "template-line-number": 283,
                "node-pos": 116
            }
        ],
        "rule-16": {
            "name": "HydroelectricPlant",
            "subs": [
                {
                    "name": "HydroelectricPlant",
                    "part": "1",
                    "replacement-node": 45,
                    "template-line-number": 235,
                    "extras": {},
                    "node-pos": 93
                },
                {
                    "name": "HydroelectricPlant",
                    "part": "2",
                    "replacement-node": 47,
                    "template-line-number": 239,
                    "extras": {},
                    "node-pos": 95
                },
                {
                    "name": "plant",
                    "subs": [
                        {
                            "name": "plant",
                            "part": "3",
                            "replacement-node": 52,
                            "expression-node": 53,
                            "template-line-number": 251,
                            "node-pos": 101
                        }
                    ]
                }
            ]
        },
        "rule-17": {
            "name": "HGPSHeadings",
            "subs": [
                {
                    "name": "HGPSHeadings",
                    "part": "1",
                    "replacement-node": 37,
                    "expression-node": 38,
                    "template-line-number": 177,
                    "node-pos": 78
                },
                {
                    "name": "HGPSHeadings",
                    "part": "2",
                    "replacement-node": 40,
                    "expression-node": 41,
                    "template-line-number": 186,
                    "node-pos": 83
                }
            ]
        }
    },
    "line-numbers": {
        "HydroelectricPlant": [
            {
                "line-number-node": 44,
                "start-number": 1,
                "template-line-number": 229
            }
        ]
    },
    "showifs": {},
    "footnotes": {},
    "standard-rules": [
        "rule-1",
        "rule-2",
        "rule-3",
        "rule-4",
        "rule-5",
        "rule-6",
        "rule-7",
        "rule-8",
        "rule-9",
        "rule-10",
        "rule-11",
        "rule-12",
        "rule-13",
        "rule-14",
        "rule-15",
        "rule-16",
        "rule-17"
    ],
    "footnote-rules": []
}