{
    "substitutions": {
        "rule-2": [
            {
                "part": null,
                "replacement-node": 1,
                "template-line-number": 27,
                "node-pos": 10
            }
        ],
        "rule-3": [
            {
                "part": null,
                "replacement-node": 4,
                "expression-node": 5,
                "template-line-number": 31,
                "node-pos": 14
            }
        ],
        "rule-4": [
            {
                "part": null,
                "replacement-node": 7,
                "template-line-number": 37,
                "node-pos": 18
            }
        ],
        "rule-5": [
            {
                "part": null,
                "replacement-node": 10,
                "template-line-number": 43,
                "node-pos": 22,
                "html": true
            }
        ],
        "rule-6": [
            {
                "part": null,
                "replacement-node": 13,
                "template-line-number": 55,
                "node-pos": 27,
                "html": true
            }
        ],
        "rule-7": [
            {
                "part": null,
                "replacement-node": 16,
                "template-line-number": 66,
                "node-pos": 32
            }
        ],
        "rule-8": [
            {
                "part": null,
                "replacement-node": 19,
                "expression-node": 20,
                "template-line-number": 70,
                "node-pos": 36
            }
        ],
        "rule-9": [
            {
                "part": null,
                "replacement-node": 22,
                "template-line-number": 75,
                "node-pos": 40
            }
        ],
        "rule-10": [
            {
                "part": null,
                "replacement-node": 25,
                "expression-node": 26,
                "template-line-number": 79,
                "node-pos": 44
            }
        ],
        "rule-11": [
            {
                "part": null,
                "replacement-node": 28,
                "expression-node": 29,
                "template-line-number": 84,
                "node-pos": 48
            }
        ],
        "rule-12": [
            {
                "part": null,
                "replacement-node": 31,
                "template-line-number": 94,
                "node-pos": 54
            }
        ],
        "rule-13": [
            {
                "part": null,
                "replacement-node": 34,
                "template-line-number": 105,
                "node-pos": 59,
                "html": true
            }
        ],
        "rule-14": [
            {
                "part": null,
                "replacement-node": 55,
                "template-line-number": 210,
                "node-pos": 98
            }
        ],
        "rule-15": [
            {
                "part": null,
                "replacement-node": 58,
                "template-line-number": 221,
                "node-pos": 102
            }
        ],
        "rule-16": [
            {
                "part": null,
                "replacement-node": 61,
                "expression-node": 62,
                "template-line-number": 233,
                "node-pos": 107
            }
        ],
        "rule-17": [
            {
                "part": null,
                "replacement-node": 64,
                "expression-node": 65,
                "template-line-number": 247,
                "node-pos": 113
            }
        ],
        "rule-18": [
            {
                "part": null,
                "replacement-node": 67,
                "template-line-number": 252,
                "node-pos": 117
            }
        ],
        "rule-19": [
            {
                "part": null,
                "replacement-node": 70,
                "template-line-number": 261,
                "node-pos": 121
            }
        ],
        "rule-20": {
            "name": "GasPlantInServiceHeadings",
            "subs": [
                {
                    "name": "GasPlantInServiceHeadings",
                    "part": "1",
                    "replacement-node": 40,
                    "template-line-number": 142,
                    "extras": {},
                    "node-pos": 76
                },
                {
                    "name": "GasPlantInServiceHeadings",
                    "part": "2",
                    "replacement-node": 43,
                    "template-line-number": 151,
                    "extras": {},
                    "node-pos": 80
                },
                {
                    "name": "GasPlantInServiceHeadings",
                    "part": "3",
                    "replacement-node": 38,
                    "template-line-number": 138,
                    "extras": {},
                    "node-pos": 74
                }
            ]
        },
        "rule-21": {
            "name": "ConsultativeServices",
            "subs": [
                {
                    "name": "ConsultativeServices",
                    "part": "2",
                    "replacement-node": 49,
                    "expression-node": 50,
                    "template-line-number": 197,
                    "node-pos": 89
                },
                {
                    "name": "ConsultativeServices",
                    "part": "3",
                    "replacement-node": 52,
                    "expression-node": 53,
                    "template-line-number": 202,
                    "node-pos": 93
                }
            ]
        }
    },
    "line-numbers": {
        "ConsultativeServices": [
            {
                "line-number-node": 47,
                "start-number": 1,
                "template-line-number": 194
            }
        ]
    },
    "showifs": {
        "rule-1": {
            "type": "showif",
            "template-line-number": 17
        }
    },
    "footnotes": {},
    "standard-rules": [
        "rule-2",
        "rule-3",
        "rule-4",
        "rule-5",
        "rule-6",
        "rule-7",
        "rule-8",
        "rule-9",
        "rule-10",
        "rule-11",
        "rule-12",
        "rule-13",
        "rule-14",
        "rule-15",
        "rule-16",
        "rule-17",
        "rule-18",
        "rule-19",
        "rule-20",
        "rule-21"
    ],
    "footnote-rules": []
}