{
    "substitutions": {
        "rule-1": [
            {
                "part": null,
                "replacement-node": 0,
                "template-line-number": 20,
                "node-pos": 10
            }
        ],
        "rule-2": [
            {
                "part": null,
                "replacement-node": 3,
                "expression-node": 4,
                "template-line-number": 27,
                "node-pos": 14
            }
        ],
        "rule-3": [
            {
                "part": null,
                "replacement-node": 6,
                "template-line-number": 34,
                "node-pos": 18
            }
        ],
        "rule-4": [
            {
                "part": null,
                "replacement-node": 9,
                "template-line-number": 42,
                "node-pos": 22,
                "html": true
            }
        ],
        "rule-5": [
            {
                "part": null,
                "replacement-node": 12,
                "template-line-number": 59,
                "node-pos": 27,
                "html": true
            }
        ],
        "rule-6": [
            {
                "part": null,
                "replacement-node": 15,
                "template-line-number": 77,
                "node-pos": 32
            }
        ],
        "rule-7": [
            {
                "part": null,
                "replacement-node": 18,
                "expression-node": 19,
                "template-line-number": 84,
                "node-pos": 37
            }
        ],
        "rule-8": [
            {
                "part": null,
                "replacement-node": 21,
                "template-line-number": 91,
                "node-pos": 41
            }
        ],
        "rule-9": [
            {
                "part": null,
                "replacement-node": 24,
                "expression-node": 25,
                "template-line-number": 98,
                "node-pos": 45
            }
        ],
        "rule-10": [
            {
                "part": null,
                "replacement-node": 27,
                "expression-node": 28,
                "template-line-number": 104,
                "node-pos": 49
            }
        ],
        "rule-11": [
            {
                "part": null,
                "replacement-node": 30,
                "template-line-number": 115,
                "node-pos": 55
            }
        ],
        "rule-12": [
            {
                "part": null,
                "replacement-node": 33,
                "template-line-number": 126,
                "node-pos": 60,
                "html": true
            }
        ],
        "rule-13": [
            {
                "part": null,
                "replacement-node": 64,
                "expression-node": 65,
                "template-line-number": 298,
                "node-pos": 119
            }
        ],
        "rule-14": [
            {
                "part": null,
                "replacement-node": 67,
                "expression-node": 68,
                "template-line-number": 311,
                "node-pos": 124
            }
        ],
        "rule-15": [
            {
                "part": null,
                "replacement-node": 70,
                "expression-node": 71,
                "template-line-number": 321,
                "node-pos": 128
            }
        ],
        "rule-16": [
            {
                "part": null,
                "replacement-node": 73,
                "expression-node": 74,
                "template-line-number": 331,
                "node-pos": 132
            }
        ],
        "rule-17": [
            {
                "part": null,
                "replacement-node": 76,
                "expression-node": 77,
                "template-line-number": 344,
                "node-pos": 137
            }
        ],
        "rule-18": [
            {
                "part": null,
                "replacement-node": 79,
                "template-line-number": 349,
                "node-pos": 141
            }
        ],
        "rule-19": [
            {
                "part": null,
                "replacement-node": 82,
                "template-line-number": 358,
                "node-pos": 145
            }
        ],
        "rule-20": {
            "name": "ColumnHeadings",
            "subs": [
                {
                    "name": "ColumnHeadings",
                    "part": "1",
                    "replacement-node": 37,
                    "template-line-number": 162,
                    "extras": {},
                    "node-pos": 79
                },
                {
                    "name": "ColumnHeadings",
                    "part": "2",
                    "replacement-node": 40,
                    "template-line-number": 169,
                    "extras": {},
                    "node-pos": 83
                }
            ]
        },
        "rule-21": {
            "name": "OtherRegulatoryLiabilities",
            "subs": [
                {
                    "name": "OtherRegulatoryLiabilities",
                    "part": "2",
                    "replacement-node": 46,
                    "expression-node": 47,
                    "template-line-number": 237,
                    "node-pos": 92
                },
                {
                    "name": "OtherRegulatoryLiabilities",
                    "part": "3",
                    "replacement-node": 49,
                    "expression-node": 50,
                    "template-line-number": 247,
                    "node-pos": 96
                },
                {
                    "name": "OtherRegulatoryLiabilities",
                    "part": "4",
                    "replacement-node": 52,
                    "expression-node": 53,
                    "template-line-number": 255,
                    "node-pos": 100
                },
                {
                    "name": "OtherRegulatoryLiabilities",
                    "part": "5",
                    "replacement-node": 55,
                    "expression-node": 56,
                    "template-line-number": 265,
                    "node-pos": 104
                },
                {
                    "name": "OtherRegulatoryLiabilities",
                    "part": "6",
                    "replacement-node": 58,
                    "expression-node": 59,
                    "template-line-number": 274,
                    "node-pos": 108
                },
                {
                    "name": "OtherRegulatoryLiabilities",
                    "part": "7",
                    "replacement-node": 61,
                    "expression-node": 62,
                    "template-line-number": 283,
                    "node-pos": 112
                }
            ]
        }
    },
    "line-numbers": {
        "OtherRegulatoryLiabilities": [
            {
                "line-number-node": 44,
                "start-number": 1,
                "template-line-number": 232
            }
        ]
    },
    "showifs": {},
    "footnotes": {},
    "standard-rules": [
        "rule-1",
        "rule-2",
        "rule-3",
        "rule-4",
        "rule-5",
        "rule-6",
        "rule-7",
        "rule-8",
        "rule-9",
        "rule-10",
        "rule-11",
        "rule-12",
        "rule-13",
        "rule-14",
        "rule-15",
        "rule-16",
        "rule-17",
        "rule-18",
        "rule-19",
        "rule-20",
        "rule-21"
    ],
    "footnote-rules": []
}