{
    "substitutions": {
        "rule-1": [
            {
                "part": null,
                "replacement-node": 0,
                "template-line-number": 22,
                "node-pos": 10
            }
        ],
        "rule-2": [
            {
                "part": null,
                "replacement-node": 3,
                "expression-node": 4,
                "template-line-number": 27,
                "node-pos": 14
            }
        ],
        "rule-3": [
            {
                "part": null,
                "replacement-node": 6,
                "template-line-number": 33,
                "node-pos": 18
            }
        ],
        "rule-4": [
            {
                "part": null,
                "replacement-node": 9,
                "template-line-number": 39,
                "node-pos": 22,
                "html": true
            }
        ],
        "rule-5": [
            {
                "part": null,
                "replacement-node": 12,
                "template-line-number": 51,
                "node-pos": 27,
                "html": true
            }
        ],
        "rule-6": [
            {
                "part": null,
                "replacement-node": 15,
                "template-line-number": 62,
                "node-pos": 32
            }
        ],
        "rule-7": [
            {
                "part": null,
                "replacement-node": 18,
                "expression-node": 19,
                "template-line-number": 67,
                "node-pos": 36
            }
        ],
        "rule-8": [
            {
                "part": null,
                "replacement-node": 21,
                "template-line-number": 72,
                "node-pos": 40
            }
        ],
        "rule-9": [
            {
                "part": null,
                "replacement-node": 24,
                "expression-node": 25,
                "template-line-number": 77,
                "node-pos": 44
            }
        ],
        "rule-10": [
            {
                "part": null,
                "replacement-node": 27,
                "expression-node": 28,
                "template-line-number": 82,
                "node-pos": 48
            }
        ],
        "rule-11": [
            {
                "part": null,
                "replacement-node": 30,
                "template-line-number": 93,
                "node-pos": 54
            }
        ],
        "rule-12": [
            {
                "part": null,
                "replacement-node": 33,
                "template-line-number": 104,
                "node-pos": 59,
                "html": true
            }
        ],
        "rule-13": [
            {
                "part": null,
                "replacement-node": 43,
                "template-line-number": 150,
                "node-pos": 81
            }
        ],
        "rule-14": [
            {
                "part": null,
                "replacement-node": 46,
                "template-line-number": 162,
                "node-pos": 86
            }
        ],
        "rule-15": [
            {
                "part": null,
                "replacement-node": 49,
                "template-line-number": 187,
                "node-pos": 102
            }
        ],
        "rule-16": [
            {
                "part": null,
                "replacement-node": 82,
                "template-line-number": 330,
                "node-pos": 160
            }
        ],
        "rule-17": [
            {
                "part": null,
                "replacement-node": 85,
                "expression-node": 86,
                "template-line-number": 349,
                "node-pos": 170
            }
        ],
        "rule-18": [
            {
                "part": null,
                "replacement-node": 88,
                "expression-node": 89,
                "template-line-number": 358,
                "node-pos": 174
            }
        ],
        "rule-19": [
            {
                "part": null,
                "replacement-node": 91,
                "expression-node": 92,
                "template-line-number": 367,
                "node-pos": 178
            }
        ],
        "rule-20": [
            {
                "part": null,
                "replacement-node": 94,
                "template-line-number": 380,
                "node-pos": 184
            }
        ],
        "rule-21": [
            {
                "part": null,
                "replacement-node": 97,
                "template-line-number": 392,
                "node-pos": 189
            }
        ],
        "rule-22": [
            {
                "part": null,
                "replacement-node": 100,
                "template-line-number": 419,
                "node-pos": 205
            }
        ],
        "rule-23": [
            {
                "part": null,
                "replacement-node": 133,
                "template-line-number": 563,
                "node-pos": 263
            }
        ],
        "rule-24": [
            {
                "part": null,
                "replacement-node": 136,
                "expression-node": 137,
                "template-line-number": 580,
                "node-pos": 273
            }
        ],
        "rule-25": [
            {
                "part": null,
                "replacement-node": 139,
                "expression-node": 140,
                "template-line-number": 589,
                "node-pos": 277
            }
        ],
        "rule-26": [
            {
                "part": null,
                "replacement-node": 142,
                "expression-node": 143,
                "template-line-number": 598,
                "node-pos": 281
            }
        ],
        "rule-27": [
            {
                "part": null,
                "replacement-node": 145,
                "expression-node": 146,
                "template-line-number": 613,
                "node-pos": 287
            }
        ],
        "rule-28": [
            {
                "part": null,
                "replacement-node": 148,
                "template-line-number": 619,
                "node-pos": 291
            }
        ],
        "rule-29": [
            {
                "part": null,
                "replacement-node": 151,
                "template-line-number": 628,
                "node-pos": 295
            }
        ],
        "rule-30": {
            "name": "ColumnHeadings",
            "subs": [
                {
                    "name": "ColumnHeadings",
                    "part": "1",
                    "replacement-node": 37,
                    "template-line-number": 131,
                    "extras": {},
                    "node-pos": 71
                },
                {
                    "name": "ColumnHeadings",
                    "part": "2",
                    "replacement-node": 40,
                    "template-line-number": 138,
                    "extras": {},
                    "node-pos": 75
                }
            ]
        },
        "rule-31": {
            "name": "Transactions2",
            "subs": [
                {
                    "name": "Transactions2",
                    "part": "10",
                    "replacement-node": 130,
                    "expression-node": 131,
                    "template-line-number": 551,
                    "node-pos": 256
                },
                {
                    "name": "Transactions2",
                    "part": "2",
                    "replacement-node": 106,
                    "expression-node": 107,
                    "template-line-number": 511,
                    "node-pos": 224
                },
                {
                    "name": "Transactions2",
                    "part": "3",
                    "replacement-node": 109,
                    "expression-node": 110,
                    "template-line-number": 516,
                    "node-pos": 228
                },
                {
                    "name": "Transactions2",
                    "part": "4",
                    "replacement-node": 112,
                    "expression-node": 113,
                    "template-line-number": 521,
                    "node-pos": 232
                },
                {
                    "name": "Transactions2",
                    "part": "5",
                    "replacement-node": 115,
                    "expression-node": 116,
                    "template-line-number": 526,
                    "node-pos": 236
                },
                {
                    "name": "Transactions2",
                    "part": "6",
                    "replacement-node": 118,
                    "expression-node": 119,
                    "template-line-number": 531,
                    "node-pos": 240
                },
                {
                    "name": "Transactions2",
                    "part": "7",
                    "replacement-node": 121,
                    "expression-node": 122,
                    "template-line-number": 536,
                    "node-pos": 244
                },
                {
                    "name": "Transactions2",
                    "part": "8",
                    "replacement-node": 124,
                    "expression-node": 125,
                    "template-line-number": 541,
                    "node-pos": 248
                },
                {
                    "name": "Transactions2",
                    "part": "9",
                    "replacement-node": 127,
                    "expression-node": 128,
                    "template-line-number": 546,
                    "node-pos": 252
                }
            ]
        },
        "rule-32": {
            "name": "Transactions",
            "subs": [
                {
                    "name": "Transactions",
                    "part": "10",
                    "replacement-node": 76,
                    "expression-node": 77,
                    "template-line-number": 313,
                    "node-pos": 149
                },
                {
                    "name": "Transactions",
                    "part": "11",
                    "replacement-node": 79,
                    "expression-node": 80,
                    "template-line-number": 318,
                    "node-pos": 153
                },
                {
                    "name": "Transactions",
                    "part": "3",
                    "replacement-node": 55,
                    "expression-node": 56,
                    "template-line-number": 278,
                    "node-pos": 121
                },
                {
                    "name": "Transactions",
                    "part": "4",
                    "replacement-node": 58,
                    "expression-node": 59,
                    "template-line-number": 283,
                    "node-pos": 125
                },
                {
                    "name": "Transactions",
                    "part": "5",
                    "replacement-node": 61,
                    "expression-node": 62,
                    "template-line-number": 288,
                    "node-pos": 129
                },
                {
                    "name": "Transactions",
                    "part": "6",
                    "replacement-node": 64,
                    "expression-node": 65,
                    "template-line-number": 293,
                    "node-pos": 133
                },
                {
                    "name": "Transactions",
                    "part": "7",
                    "replacement-node": 67,
                    "expression-node": 68,
                    "template-line-number": 298,
                    "node-pos": 137
                },
                {
                    "name": "Transactions",
                    "part": "8",
                    "replacement-node": 70,
                    "expression-node": 71,
                    "template-line-number": 303,
                    "node-pos": 141
                },
                {
                    "name": "Transactions",
                    "part": "9",
                    "replacement-node": 73,
                    "expression-node": 74,
                    "template-line-number": 308,
                    "node-pos": 145
                }
            ]
        }
    },
    "line-numbers": {
        "Transactions": [
            {
                "line-number-node": 53,
                "start-number": 3,
                "template-line-number": 273
            }
        ],
        "Transactions2": [
            {
                "line-number-node": 104,
                "start-number": 16,
                "template-line-number": 506
            }
        ]
    },
    "showifs": {},
    "footnotes": {},
    "standard-rules": [
        "rule-1",
        "rule-2",
        "rule-3",
        "rule-4",
        "rule-5",
        "rule-6",
        "rule-7",
        "rule-8",
        "rule-9",
        "rule-10",
        "rule-11",
        "rule-12",
        "rule-13",
        "rule-14",
        "rule-15",
        "rule-16",
        "rule-17",
        "rule-18",
        "rule-19",
        "rule-20",
        "rule-21",
        "rule-22",
        "rule-23",
        "rule-24",
        "rule-25",
        "rule-26",
        "rule-27",
        "rule-28",
        "rule-29",
        "rule-30",
        "rule-31",
        "rule-32"
    ],
    "footnote-rules": []
}