{
    "substitutions": {
        "rule-2": [
            {
                "part": null,
                "replacement-node": 1,
                "template-line-number": 30,
                "node-pos": 10
            }
        ],
        "rule-3": [
            {
                "part": null,
                "replacement-node": 4,
                "expression-node": 5,
                "template-line-number": 35,
                "node-pos": 14
            }
        ],
        "rule-4": [
            {
                "part": null,
                "replacement-node": 7,
                "template-line-number": 41,
                "node-pos": 18
            }
        ],
        "rule-5": [
            {
                "part": null,
                "replacement-node": 10,
                "template-line-number": 47,
                "node-pos": 22,
                "html": true
            }
        ],
        "rule-6": [
            {
                "part": null,
                "replacement-node": 13,
                "template-line-number": 59,
                "node-pos": 27,
                "html": true
            }
        ],
        "rule-7": [
            {
                "part": null,
                "replacement-node": 16,
                "template-line-number": 70,
                "node-pos": 32
            }
        ],
        "rule-8": [
            {
                "part": null,
                "replacement-node": 19,
                "expression-node": 20,
                "template-line-number": 75,
                "node-pos": 36
            }
        ],
        "rule-9": [
            {
                "part": null,
                "replacement-node": 22,
                "template-line-number": 80,
                "node-pos": 40
            }
        ],
        "rule-10": [
            {
                "part": null,
                "replacement-node": 25,
                "expression-node": 26,
                "template-line-number": 85,
                "node-pos": 45
            }
        ],
        "rule-11": [
            {
                "part": null,
                "replacement-node": 28,
                "expression-node": 29,
                "template-line-number": 90,
                "node-pos": 49
            }
        ],
        "rule-12": [
            {
                "part": null,
                "replacement-node": 31,
                "template-line-number": 100,
                "node-pos": 55
            }
        ],
        "rule-13": [
            {
                "part": null,
                "replacement-node": 34,
                "template-line-number": 111,
                "node-pos": 60,
                "html": true
            }
        ],
        "rule-14": [
            {
                "part": null,
                "replacement-node": 69,
                "expression-node": 70,
                "template-line-number": 449,
                "node-pos": 121
            }
        ],
        "rule-15": [
            {
                "part": null,
                "replacement-node": 72,
                "template-line-number": 456,
                "node-pos": 125
            }
        ],
        "rule-16": [
            {
                "part": null,
                "replacement-node": 75,
                "template-line-number": 466,
                "node-pos": 129
            }
        ],
        "rule-17": {
            "name": "CFLineItems",
            "subs": [
                {
                    "name": "CFLineItems",
                    "part": "1",
                    "replacement-node": 45,
                    "template-line-number": 368,
                    "extras": {},
                    "node-pos": 88
                },
                {
                    "name": "CFLineItems",
                    "part": "2",
                    "replacement-node": 50,
                    "expression-node": 51,
                    "template-line-number": 379,
                    "node-pos": 96
                },
                {
                    "name": "CFLineItems",
                    "part": "4",
                    "replacement-node": 55,
                    "expression-node": 56,
                    "template-line-number": 390,
                    "node-pos": 102
                },
                {
                    "name": "CFLineItems",
                    "part": "4",
                    "replacement-node": 59,
                    "expression-node": 60,
                    "template-line-number": 401,
                    "node-pos": 107
                },
                {
                    "name": "CFLineItems",
                    "part": "5",
                    "replacement-node": 64,
                    "expression-node": 65,
                    "template-line-number": 421,
                    "node-pos": 113
                },
                {
                    "name": "CFLineItems",
                    "part": "6",
                    "replacement-node": 48,
                    "template-line-number": 375,
                    "extras": {},
                    "node-pos": 94
                }
            ]
        },
        "rule-18": {
            "name": "REHeadings",
            "subs": [
                {
                    "name": "REHeadings",
                    "part": "1",
                    "replacement-node": 38,
                    "template-line-number": 145,
                    "extras": {},
                    "node-pos": 78
                },
                {
                    "name": "REHeadings",
                    "part": "2",
                    "replacement-node": 41,
                    "template-line-number": 153,
                    "extras": {},
                    "node-pos": 82
                }
            ]
        }
    },
    "line-numbers": {},
    "showifs": {
        "rule-1": {
            "type": "showif",
            "template-line-number": 17
        }
    },
    "footnotes": {},
    "standard-rules": [
        "rule-2",
        "rule-3",
        "rule-4",
        "rule-5",
        "rule-6",
        "rule-7",
        "rule-8",
        "rule-9",
        "rule-10",
        "rule-11",
        "rule-12",
        "rule-13",
        "rule-14",
        "rule-15",
        "rule-16",
        "rule-17",
        "rule-18"
    ],
    "footnote-rules": []
}