{
    "substitutions": {
        "rule-2": [
            {
                "part": null,
                "replacement-node": 1,
                "template-line-number": 26,
                "node-pos": 10
            }
        ],
        "rule-3": [
            {
                "part": null,
                "replacement-node": 4,
                "expression-node": 5,
                "template-line-number": 31,
                "node-pos": 14
            }
        ],
        "rule-4": [
            {
                "part": null,
                "replacement-node": 7,
                "template-line-number": 37,
                "node-pos": 18
            }
        ],
        "rule-5": [
            {
                "part": null,
                "replacement-node": 10,
                "template-line-number": 43,
                "node-pos": 22,
                "html": true
            }
        ],
        "rule-6": [
            {
                "part": null,
                "replacement-node": 13,
                "template-line-number": 55,
                "node-pos": 27,
                "html": true
            }
        ],
        "rule-7": [
            {
                "part": null,
                "replacement-node": 16,
                "template-line-number": 66,
                "node-pos": 32
            }
        ],
        "rule-8": [
            {
                "part": null,
                "replacement-node": 19,
                "expression-node": 20,
                "template-line-number": 71,
                "node-pos": 37
            }
        ],
        "rule-9": [
            {
                "part": null,
                "replacement-node": 22,
                "template-line-number": 76,
                "node-pos": 41
            }
        ],
        "rule-10": [
            {
                "part": null,
                "replacement-node": 25,
                "expression-node": 26,
                "template-line-number": 81,
                "node-pos": 46
            }
        ],
        "rule-11": [
            {
                "part": null,
                "replacement-node": 28,
                "expression-node": 29,
                "template-line-number": 86,
                "node-pos": 50
            }
        ],
        "rule-12": [
            {
                "part": null,
                "replacement-node": 31,
                "template-line-number": 96,
                "node-pos": 56
            }
        ],
        "rule-13": [
            {
                "part": null,
                "replacement-node": 34,
                "template-line-number": 107,
                "node-pos": 61,
                "html": true
            }
        ],
        "rule-14": [
            {
                "part": null,
                "replacement-node": 37,
                "template-line-number": 137,
                "node-pos": 71
            }
        ],
        "rule-15": [
            {
                "part": null,
                "replacement-node": 40,
                "expression-node": 41,
                "template-line-number": 148,
                "node-pos": 76
            }
        ],
        "rule-16": [
            {
                "part": null,
                "replacement-node": 43,
                "template-line-number": 157,
                "node-pos": 80
            }
        ],
        "rule-17": [
            {
                "part": null,
                "replacement-node": 46,
                "expression-node": 47,
                "template-line-number": 169,
                "node-pos": 86
            }
        ],
        "rule-18": [
            {
                "part": null,
                "replacement-node": 49,
                "expression-node": 50,
                "template-line-number": 177,
                "node-pos": 90
            }
        ],
        "rule-19": [
            {
                "part": null,
                "replacement-node": 52,
                "template-line-number": 186,
                "node-pos": 94
            }
        ],
        "rule-20": [
            {
                "part": null,
                "replacement-node": 55,
                "expression-node": 56,
                "template-line-number": 197,
                "node-pos": 99
            }
        ],
        "rule-21": [
            {
                "part": null,
                "replacement-node": 58,
                "template-line-number": 209,
                "node-pos": 105
            }
        ],
        "rule-22": [
            {
                "part": null,
                "replacement-node": 61,
                "template-line-number": 226,
                "node-pos": 115
            }
        ],
        "rule-23": [
            {
                "part": null,
                "replacement-node": 64,
                "expression-node": 65,
                "template-line-number": 237,
                "node-pos": 120
            }
        ],
        "rule-24": [
            {
                "part": null,
                "replacement-node": 67,
                "template-line-number": 251,
                "node-pos": 125
            }
        ],
        "rule-25": [
            {
                "part": null,
                "replacement-node": 70,
                "template-line-number": 265,
                "node-pos": 131
            }
        ],
        "rule-26": [
            {
                "part": null,
                "replacement-node": 73,
                "template-line-number": 278,
                "node-pos": 137
            }
        ],
        "rule-27": [
            {
                "part": null,
                "replacement-node": 76,
                "template-line-number": 291,
                "node-pos": 143
            }
        ],
        "rule-28": [
            {
                "part": null,
                "replacement-node": 79,
                "template-line-number": 308,
                "node-pos": 151
            }
        ],
        "rule-29": [
            {
                "part": null,
                "replacement-node": 82,
                "expression-node": 83,
                "template-line-number": 317,
                "node-pos": 155
            }
        ],
        "rule-30": [
            {
                "part": null,
                "replacement-node": 85,
                "expression-node": 86,
                "template-line-number": 326,
                "node-pos": 159
            }
        ],
        "rule-31": [
            {
                "part": null,
                "replacement-node": 88,
                "expression-node": 89,
                "template-line-number": 335,
                "node-pos": 163
            }
        ],
        "rule-32": [
            {
                "part": null,
                "replacement-node": 91,
                "expression-node": 92,
                "template-line-number": 344,
                "node-pos": 167
            }
        ],
        "rule-33": [
            {
                "part": null,
                "replacement-node": 94,
                "template-line-number": 358,
                "node-pos": 173
            }
        ],
        "rule-34": [
            {
                "part": null,
                "replacement-node": 97,
                "expression-node": 98,
                "template-line-number": 368,
                "node-pos": 177
            }
        ],
        "rule-35": [
            {
                "part": null,
                "replacement-node": 100,
                "expression-node": 101,
                "template-line-number": 377,
                "node-pos": 181
            }
        ],
        "rule-36": [
            {
                "part": null,
                "replacement-node": 103,
                "expression-node": 104,
                "template-line-number": 386,
                "node-pos": 185
            }
        ],
        "rule-37": [
            {
                "part": null,
                "replacement-node": 106,
                "expression-node": 107,
                "template-line-number": 395,
                "node-pos": 189
            }
        ],
        "rule-38": [
            {
                "part": null,
                "replacement-node": 109,
                "template-line-number": 409,
                "node-pos": 195
            }
        ],
        "rule-39": [
            {
                "part": null,
                "replacement-node": 112,
                "expression-node": 113,
                "template-line-number": 419,
                "node-pos": 199
            }
        ],
        "rule-40": [
            {
                "part": null,
                "replacement-node": 115,
                "expression-node": 116,
                "template-line-number": 428,
                "node-pos": 203
            }
        ],
        "rule-41": [
            {
                "part": null,
                "replacement-node": 118,
                "expression-node": 119,
                "template-line-number": 437,
                "node-pos": 207
            }
        ],
        "rule-42": [
            {
                "part": null,
                "replacement-node": 121,
                "expression-node": 122,
                "template-line-number": 446,
                "node-pos": 211
            }
        ],
        "rule-43": [
            {
                "part": null,
                "replacement-node": 143,
                "expression-node": 144,
                "template-line-number": 537,
                "node-pos": 243
            }
        ],
        "rule-44": [
            {
                "part": null,
                "replacement-node": 146,
                "template-line-number": 542,
                "node-pos": 247
            }
        ],
        "rule-45": [
            {
                "part": null,
                "replacement-node": 149,
                "template-line-number": 551,
                "node-pos": 251
            }
        ],
        "rule-46": {
            "name": "VotingPowers",
            "subs": [
                {
                    "name": "VotingPowers",
                    "part": "2",
                    "replacement-node": 128,
                    "expression-node": 129,
                    "template-line-number": 506,
                    "node-pos": 221
                },
                {
                    "name": "VotingPowers",
                    "part": "3",
                    "replacement-node": 131,
                    "expression-node": 132,
                    "template-line-number": 511,
                    "node-pos": 225
                },
                {
                    "name": "VotingPowers",
                    "part": "4",
                    "replacement-node": 134,
                    "expression-node": 135,
                    "template-line-number": 516,
                    "node-pos": 229
                },
                {
                    "name": "VotingPowers",
                    "part": "5",
                    "replacement-node": 137,
                    "expression-node": 138,
                    "template-line-number": 521,
                    "node-pos": 233
                },
                {
                    "name": "VotingPowers",
                    "part": "6",
                    "replacement-node": 140,
                    "expression-node": 141,
                    "template-line-number": 526,
                    "node-pos": 237
                }
            ]
        }
    },
    "line-numbers": {
        "VotingPowers": [
            {
                "line-number-node": 125,
                "start-number": 8,
                "template-line-number": 503
            }
        ]
    },
    "showifs": {
        "rule-1": {
            "type": "showif",
            "template-line-number": 16
        }
    },
    "footnotes": {},
    "standard-rules": [
        "rule-2",
        "rule-3",
        "rule-4",
        "rule-5",
        "rule-6",
        "rule-7",
        "rule-8",
        "rule-9",
        "rule-10",
        "rule-11",
        "rule-12",
        "rule-13",
        "rule-14",
        "rule-15",
        "rule-16",
        "rule-17",
        "rule-18",
        "rule-19",
        "rule-20",
        "rule-21",
        "rule-22",
        "rule-23",
        "rule-24",
        "rule-25",
        "rule-26",
        "rule-27",
        "rule-28",
        "rule-29",
        "rule-30",
        "rule-31",
        "rule-32",
        "rule-33",
        "rule-34",
        "rule-35",
        "rule-36",
        "rule-37",
        "rule-38",
        "rule-39",
        "rule-40",
        "rule-41",
        "rule-42",
        "rule-43",
        "rule-44",
        "rule-45",
        "rule-46"
    ],
    "footnote-rules": []
}