{
    "substitutions": {
        "rule-1": [
            {
                "part": null,
                "replacement-node": 0,
                "expression-node": 1,
                "template-line-number": 30,
                "node-pos": 15
            }
        ],
        "rule-2": [
            {
                "part": null,
                "replacement-node": 3,
                "template-line-number": 37,
                "node-pos": 19
            }
        ],
        "rule-3": [
            {
                "part": null,
                "replacement-node": 6,
                "expression-node": 7,
                "template-line-number": 42,
                "node-pos": 22
            }
        ],
        "rule-4": [
            {
                "part": null,
                "replacement-node": 9,
                "template-line-number": 47,
                "node-pos": 26
            }
        ],
        "rule-5": [
            {
                "part": null,
                "replacement-node": 12,
                "expression-node": 13,
                "template-line-number": 52,
                "node-pos": 29
            }
        ],
        "rule-6": [
            {
                "part": null,
                "replacement-node": 15,
                "template-line-number": 62,
                "node-pos": 35
            }
        ],
        "rule-7": [
            {
                "part": null,
                "replacement-node": 18,
                "template-line-number": 73,
                "node-pos": 40,
                "html": true
            }
        ],
        "rule-8": [
            {
                "part": null,
                "replacement-node": 45,
                "template-line-number": 196,
                "node-pos": 86
            }
        ],
        "rule-9": {
            "name": "GenPlants",
            "subs": [
                {
                    "name": "GenPlants",
                    "part": "2",
                    "replacement-node": 33,
                    "expression-node": 34,
                    "template-line-number": 167,
                    "node-pos": 68
                },
                {
                    "name": "GenPlants",
                    "part": "3",
                    "replacement-node": 36,
                    "expression-node": 37,
                    "template-line-number": 172,
                    "node-pos": 72
                },
                {
                    "name": "GenPlants",
                    "part": "4",
                    "replacement-node": 39,
                    "expression-node": 40,
                    "template-line-number": 177,
                    "node-pos": 76
                },
                {
                    "name": "GenPlants",
                    "part": "4",
                    "replacement-node": 42,
                    "expression-node": 43,
                    "template-line-number": 182,
                    "node-pos": 80
                }
            ]
        },
        "rule-10": {
            "name": "GenPlantsHead",
            "subs": [
                {
                    "name": "GenPlantsHead",
                    "part": "1",
                    "replacement-node": 24,
                    "template-line-number": 103,
                    "extras": {},
                    "node-pos": 55
                },
                {
                    "name": "GenPlantsHead",
                    "part": "2",
                    "replacement-node": 27,
                    "template-line-number": 112,
                    "extras": {},
                    "node-pos": 59
                },
                {
                    "name": "GenPlantsHead",
                    "part": "3",
                    "replacement-node": 22,
                    "template-line-number": 99,
                    "extras": {},
                    "node-pos": 53
                }
            ]
        }
    },
    "line-numbers": {
        "GenPlants": [
            {
                "line-number-node": 31,
                "start-number": 1,
                "template-line-number": 164
            }
        ]
    },
    "showifs": {},
    "footnotes": {},
    "standard-rules": [
        "rule-1",
        "rule-2",
        "rule-3",
        "rule-4",
        "rule-5",
        "rule-6",
        "rule-7",
        "rule-8",
        "rule-9",
        "rule-10"
    ],
    "footnote-rules": []
}