{
    "substitutions": {
        "rule-2": [
            {
                "part": null,
                "replacement-node": 1,
                "template-line-number": 27,
                "node-pos": 10
            }
        ],
        "rule-3": [
            {
                "part": null,
                "replacement-node": 4,
                "expression-node": 5,
                "template-line-number": 33,
                "node-pos": 14
            }
        ],
        "rule-4": [
            {
                "part": null,
                "replacement-node": 7,
                "template-line-number": 39,
                "node-pos": 18
            }
        ],
        "rule-5": [
            {
                "part": null,
                "replacement-node": 10,
                "template-line-number": 45,
                "node-pos": 22,
                "html": true
            }
        ],
        "rule-6": [
            {
                "part": null,
                "replacement-node": 13,
                "template-line-number": 57,
                "node-pos": 27,
                "html": true
            }
        ],
        "rule-7": [
            {
                "part": null,
                "replacement-node": 16,
                "template-line-number": 68,
                "node-pos": 32
            }
        ],
        "rule-8": [
            {
                "part": null,
                "replacement-node": 19,
                "expression-node": 20,
                "template-line-number": 73,
                "node-pos": 36
            }
        ],
        "rule-9": [
            {
                "part": null,
                "replacement-node": 22,
                "template-line-number": 78,
                "node-pos": 40
            }
        ],
        "rule-10": [
            {
                "part": null,
                "replacement-node": 25,
                "expression-node": 26,
                "template-line-number": 83,
                "node-pos": 44
            }
        ],
        "rule-11": [
            {
                "part": null,
                "replacement-node": 28,
                "expression-node": 29,
                "template-line-number": 88,
                "node-pos": 48
            }
        ],
        "rule-12": [
            {
                "part": null,
                "replacement-node": 31,
                "template-line-number": 98,
                "node-pos": 54
            }
        ],
        "rule-13": [
            {
                "part": null,
                "replacement-node": 34,
                "template-line-number": 109,
                "node-pos": 59,
                "html": true
            }
        ],
        "rule-14": [
            {
                "part": null,
                "replacement-node": 93,
                "expression-node": 94,
                "template-line-number": 698,
                "node-pos": 183
            }
        ],
        "rule-15": [
            {
                "part": null,
                "replacement-node": 96,
                "template-line-number": 703,
                "node-pos": 187
            }
        ],
        "rule-16": [
            {
                "part": null,
                "replacement-node": 99,
                "template-line-number": 712,
                "node-pos": 191
            }
        ],
        "rule-17": {
            "name": "ColumnHeadings",
            "subs": [
                {
                    "name": "ColumnHeadings",
                    "part": "1",
                    "replacement-node": 40,
                    "template-line-number": 191,
                    "extras": {},
                    "node-pos": 114
                },
                {
                    "name": "ColumnHeadings",
                    "part": "2",
                    "replacement-node": 43,
                    "template-line-number": 199,
                    "extras": {},
                    "node-pos": 118
                },
                {
                    "name": "ColumnHeadings",
                    "part": "3",
                    "replacement-node": 38,
                    "template-line-number": 187,
                    "extras": {},
                    "node-pos": 112
                }
            ]
        },
        "rule-18": {
            "name": "StatisticsOperations",
            "subs": [
                {
                    "name": "StatisticsOperations",
                    "part": "10",
                    "replacement-node": 85,
                    "expression-node": 86,
                    "template-line-number": 672,
                    "node-pos": 171
                },
                {
                    "name": "StatisticsOperations",
                    "part": "11",
                    "replacement-node": 89,
                    "expression-node": 90,
                    "template-line-number": 681,
                    "node-pos": 176
                },
                {
                    "name": "StatisticsOperations",
                    "part": "2",
                    "replacement-node": 49,
                    "expression-node": 50,
                    "template-line-number": 595,
                    "node-pos": 127
                },
                {
                    "name": "StatisticsOperations",
                    "part": "3",
                    "replacement-node": 56,
                    "expression-node": 57,
                    "template-line-number": 607,
                    "node-pos": 135
                },
                {
                    "name": "StatisticsOperations",
                    "part": "4",
                    "replacement-node": 61,
                    "expression-node": 62,
                    "template-line-number": 618,
                    "node-pos": 141
                },
                {
                    "name": "StatisticsOperations",
                    "part": "5",
                    "replacement-node": 65,
                    "expression-node": 66,
                    "template-line-number": 627,
                    "node-pos": 146
                },
                {
                    "name": "StatisticsOperations",
                    "part": "6",
                    "replacement-node": 69,
                    "expression-node": 70,
                    "template-line-number": 636,
                    "node-pos": 151
                },
                {
                    "name": "StatisticsOperations",
                    "part": "7",
                    "replacement-node": 73,
                    "expression-node": 74,
                    "template-line-number": 645,
                    "node-pos": 156
                },
                {
                    "name": "StatisticsOperations",
                    "part": "8",
                    "replacement-node": 77,
                    "expression-node": 78,
                    "template-line-number": 654,
                    "node-pos": 161
                },
                {
                    "name": "StatisticsOperations",
                    "part": "9",
                    "replacement-node": 81,
                    "expression-node": 82,
                    "template-line-number": 663,
                    "node-pos": 166
                }
            ]
        }
    },
    "line-numbers": {
        "StatisticsOperations": [
            {
                "line-number-node": 47,
                "start-number": 1,
                "template-line-number": 590
            }
        ]
    },
    "showifs": {
        "rule-1": {
            "type": "showif",
            "template-line-number": 17
        }
    },
    "footnotes": {},
    "standard-rules": [
        "rule-2",
        "rule-3",
        "rule-4",
        "rule-5",
        "rule-6",
        "rule-7",
        "rule-8",
        "rule-9",
        "rule-10",
        "rule-11",
        "rule-12",
        "rule-13",
        "rule-14",
        "rule-15",
        "rule-16",
        "rule-17",
        "rule-18"
    ],
    "footnote-rules": []
}