{
    "substitutions": {
        "rule-1": [
            {
                "part": null,
                "replacement-node": 0,
                "expression-node": 1,
                "template-line-number": 21,
                "node-pos": 9
            }
        ],
        "rule-2": [
            {
                "part": null,
                "replacement-node": 3,
                "template-line-number": 30,
                "node-pos": 15
            }
        ],
        "rule-3": [
            {
                "part": null,
                "replacement-node": 6,
                "template-line-number": 41,
                "node-pos": 20
            }
        ],
        "rule-4": [
            {
                "part": null,
                "replacement-node": 12,
                "template-line-number": 59,
                "node-pos": 28
            }
        ],
        "rule-5": [
            {
                "part": null,
                "replacement-node": 15,
                "expression-node": 16,
                "template-line-number": 69,
                "node-pos": 33
            }
        ],
        "rule-6": [
            {
                "part": null,
                "replacement-node": 18,
                "expression-node": 19,
                "template-line-number": 74,
                "node-pos": 37
            }
        ],
        "rule-7": [
            {
                "part": null,
                "replacement-node": 21,
                "template-line-number": 83,
                "node-pos": 42
            }
        ],
        "rule-8": [
            {
                "part": null,
                "replacement-node": 27,
                "expression-node": 28,
                "template-line-number": 99,
                "node-pos": 51
            }
        ],
        "rule-9": [
            {
                "part": null,
                "replacement-node": 30,
                "template-line-number": 108,
                "node-pos": 56
            }
        ],
        "rule-10": [
            {
                "part": null,
                "replacement-node": 33,
                "expression-node": 34,
                "template-line-number": 116,
                "node-pos": 61
            }
        ],
        "rule-11": [
            {
                "part": null,
                "replacement-node": 36,
                "template-line-number": 128,
                "node-pos": 66
            }
        ],
        "rule-12": [
            {
                "part": null,
                "replacement-node": 39,
                "expression-node": 40,
                "template-line-number": 136,
                "node-pos": 70
            }
        ],
        "rule-13": [
            {
                "part": null,
                "replacement-node": 42,
                "template-line-number": 146,
                "node-pos": 74
            }
        ],
        "rule-14": [
            {
                "part": null,
                "replacement-node": 45,
                "expression-node": 46,
                "template-line-number": 154,
                "node-pos": 78
            }
        ],
        "rule-15": [
            {
                "part": null,
                "replacement-node": 48,
                "template-line-number": 166,
                "node-pos": 83
            }
        ],
        "rule-16": [
            {
                "part": null,
                "replacement-node": 51,
                "expression-node": 52,
                "template-line-number": 174,
                "node-pos": 88
            }
        ],
        "rule-17": [
            {
                "part": null,
                "replacement-node": 54,
                "template-line-number": 186,
                "node-pos": 93
            }
        ],
        "rule-18": [
            {
                "part": null,
                "replacement-node": 57,
                "expression-node": 58,
                "template-line-number": 194,
                "node-pos": 98
            }
        ],
        "rule-19": [
            {
                "part": null,
                "replacement-node": 60,
                "template-line-number": 204,
                "node-pos": 102
            }
        ],
        "rule-20": [
            {
                "part": null,
                "replacement-node": 63,
                "template-line-number": 214,
                "node-pos": 106,
                "html": true
            }
        ],
        "rule-21": [
            {
                "part": null,
                "replacement-node": 66,
                "template-line-number": 226,
                "node-pos": 111,
                "html": true
            }
        ],
        "rule-22": [
            {
                "part": null,
                "replacement-node": 69,
                "template-line-number": 238,
                "node-pos": 116
            }
        ],
        "rule-23": [
            {
                "part": null,
                "replacement-node": 72,
                "expression-node": 73,
                "template-line-number": 246,
                "node-pos": 121
            }
        ],
        "rule-24": [
            {
                "part": null,
                "replacement-node": 75,
                "template-line-number": 264,
                "node-pos": 130
            }
        ],
        "rule-25": [
            {
                "part": null,
                "replacement-node": 78,
                "template-line-number": 293,
                "node-pos": 142
            }
        ],
        "rule-26": [
            {
                "part": null,
                "replacement-node": 81,
                "expression-node": 82,
                "template-line-number": 301,
                "node-pos": 146
            }
        ],
        "rule-27": [
            {
                "part": null,
                "replacement-node": 84,
                "template-line-number": 311,
                "node-pos": 150
            }
        ],
        "rule-28": [
            {
                "part": null,
                "replacement-node": 87,
                "expression-node": 88,
                "template-line-number": 319,
                "node-pos": 154
            }
        ],
        "rule-29": [
            {
                "part": null,
                "replacement-node": 90,
                "template-line-number": 331,
                "node-pos": 159
            }
        ],
        "rule-30": [
            {
                "part": null,
                "replacement-node": 93,
                "expression-node": 94,
                "template-line-number": 339,
                "node-pos": 163
            }
        ],
        "rule-31": [
            {
                "part": null,
                "replacement-node": 96,
                "template-line-number": 349,
                "node-pos": 168
            }
        ],
        "rule-32": [
            {
                "part": null,
                "replacement-node": 99,
                "expression-node": 100,
                "template-line-number": 357,
                "node-pos": 172
            }
        ],
        "rule-33": [
            {
                "part": null,
                "replacement-node": 102,
                "expression-node": 103,
                "template-line-number": 381,
                "node-pos": 182
            }
        ],
        "rule-34": [
            {
                "part": null,
                "replacement-node": 105,
                "template-line-number": 387,
                "node-pos": 186
            }
        ],
        "rule-35": [
            {
                "part": null,
                "replacement-node": 108,
                "template-line-number": 396,
                "node-pos": 190
            }
        ],
        "rule-36": {
            "name": "RespondentLegalName",
            "subs": [
                {
                    "name": "RespondentLegalName",
                    "part": "1",
                    "replacement-node": 9,
                    "expression-node": 10,
                    "template-line-number": 49,
                    "node-pos": 24
                }
            ]
        },
        "rule-37": {
            "name": "PreviousName",
            "subs": [
                {
                    "name": "PreviousName",
                    "part": "1",
                    "replacement-node": 24,
                    "expression-node": 25,
                    "template-line-number": 91,
                    "node-pos": 47
                }
            ]
        }
    },
    "line-numbers": {},
    "showifs": {},
    "footnotes": {},
    "standard-rules": [
        "rule-1",
        "rule-2",
        "rule-3",
        "rule-4",
        "rule-5",
        "rule-6",
        "rule-7",
        "rule-8",
        "rule-9",
        "rule-10",
        "rule-11",
        "rule-12",
        "rule-13",
        "rule-14",
        "rule-15",
        "rule-16",
        "rule-17",
        "rule-18",
        "rule-19",
        "rule-20",
        "rule-21",
        "rule-22",
        "rule-23",
        "rule-24",
        "rule-25",
        "rule-26",
        "rule-27",
        "rule-28",
        "rule-29",
        "rule-30",
        "rule-31",
        "rule-32",
        "rule-33",
        "rule-34",
        "rule-35",
        "rule-36",
        "rule-37"
    ],
    "footnote-rules": []
}