{
    "substitutions": {
        "rule-2": [
            {
                "part": null,
                "replacement-node": 1,
                "template-line-number": 27,
                "node-pos": 10
            }
        ],
        "rule-3": [
            {
                "part": null,
                "replacement-node": 4,
                "expression-node": 5,
                "template-line-number": 32,
                "node-pos": 15
            }
        ],
        "rule-4": [
            {
                "part": null,
                "replacement-node": 7,
                "template-line-number": 38,
                "node-pos": 19
            }
        ],
        "rule-5": [
            {
                "part": null,
                "replacement-node": 10,
                "template-line-number": 44,
                "node-pos": 23,
                "html": true
            }
        ],
        "rule-6": [
            {
                "part": null,
                "replacement-node": 13,
                "template-line-number": 56,
                "node-pos": 28,
                "html": true
            }
        ],
        "rule-7": [
            {
                "part": null,
                "replacement-node": 16,
                "template-line-number": 67,
                "node-pos": 33
            }
        ],
        "rule-8": [
            {
                "part": null,
                "replacement-node": 19,
                "expression-node": 20,
                "template-line-number": 71,
                "node-pos": 37
            }
        ],
        "rule-9": [
            {
                "part": null,
                "replacement-node": 22,
                "template-line-number": 76,
                "node-pos": 41
            }
        ],
        "rule-10": [
            {
                "part": null,
                "replacement-node": 25,
                "expression-node": 26,
                "template-line-number": 80,
                "node-pos": 45
            }
        ],
        "rule-11": [
            {
                "part": null,
                "replacement-node": 28,
                "expression-node": 29,
                "template-line-number": 85,
                "node-pos": 49
            }
        ],
        "rule-12": [
            {
                "part": null,
                "replacement-node": 31,
                "template-line-number": 95,
                "node-pos": 55
            }
        ],
        "rule-13": [
            {
                "part": null,
                "replacement-node": 34,
                "template-line-number": 106,
                "node-pos": 60,
                "html": true
            }
        ],
        "rule-14": [
            {
                "part": null,
                "replacement-node": 44,
                "template-line-number": 152,
                "node-pos": 81
            }
        ],
        "rule-15": [
            {
                "part": null,
                "replacement-node": 47,
                "expression-node": 48,
                "template-line-number": 164,
                "node-pos": 86
            }
        ],
        "rule-16": [
            {
                "part": null,
                "replacement-node": 50,
                "expression-node": 51,
                "template-line-number": 173,
                "node-pos": 90
            }
        ],
        "rule-17": [
            {
                "part": null,
                "replacement-node": 53,
                "expression-node": 54,
                "template-line-number": 182,
                "node-pos": 94
            }
        ],
        "rule-18": [
            {
                "part": null,
                "replacement-node": 56,
                "template-line-number": 195,
                "node-pos": 100
            }
        ],
        "rule-19": [
            {
                "part": null,
                "replacement-node": 59,
                "expression-node": 60,
                "template-line-number": 207,
                "node-pos": 105
            }
        ],
        "rule-20": [
            {
                "part": null,
                "replacement-node": 62,
                "expression-node": 63,
                "template-line-number": 216,
                "node-pos": 109
            }
        ],
        "rule-21": [
            {
                "part": null,
                "replacement-node": 65,
                "expression-node": 66,
                "template-line-number": 225,
                "node-pos": 113
            }
        ],
        "rule-22": [
            {
                "part": null,
                "replacement-node": 68,
                "template-line-number": 238,
                "node-pos": 119
            }
        ],
        "rule-23": [
            {
                "part": null,
                "replacement-node": 71,
                "expression-node": 72,
                "template-line-number": 250,
                "node-pos": 124
            }
        ],
        "rule-24": [
            {
                "part": null,
                "replacement-node": 74,
                "expression-node": 75,
                "template-line-number": 259,
                "node-pos": 128
            }
        ],
        "rule-25": [
            {
                "part": null,
                "replacement-node": 77,
                "expression-node": 78,
                "template-line-number": 268,
                "node-pos": 132
            }
        ],
        "rule-26": [
            {
                "part": null,
                "replacement-node": 80,
                "template-line-number": 281,
                "node-pos": 138
            }
        ],
        "rule-27": [
            {
                "part": null,
                "replacement-node": 83,
                "expression-node": 84,
                "template-line-number": 293,
                "node-pos": 143
            }
        ],
        "rule-28": [
            {
                "part": null,
                "replacement-node": 86,
                "expression-node": 87,
                "template-line-number": 302,
                "node-pos": 147
            }
        ],
        "rule-29": [
            {
                "part": null,
                "replacement-node": 89,
                "expression-node": 90,
                "template-line-number": 311,
                "node-pos": 151
            }
        ],
        "rule-30": [
            {
                "part": null,
                "replacement-node": 109,
                "template-line-number": 435,
                "node-pos": 180
            }
        ],
        "rule-31": [
            {
                "part": null,
                "replacement-node": 112,
                "expression-node": 113,
                "template-line-number": 448,
                "node-pos": 186
            }
        ],
        "rule-32": [
            {
                "part": null,
                "replacement-node": 115,
                "expression-node": 116,
                "template-line-number": 457,
                "node-pos": 190
            }
        ],
        "rule-33": [
            {
                "part": null,
                "replacement-node": 118,
                "expression-node": 119,
                "template-line-number": 470,
                "node-pos": 196
            }
        ],
        "rule-34": [
            {
                "part": null,
                "replacement-node": 121,
                "template-line-number": 475,
                "node-pos": 200
            }
        ],
        "rule-35": [
            {
                "part": null,
                "replacement-node": 124,
                "template-line-number": 484,
                "node-pos": 204
            }
        ],
        "rule-36": {
            "name": "GasUsedHeadings",
            "subs": [
                {
                    "name": "GasUsedHeadings",
                    "part": "1",
                    "replacement-node": 38,
                    "template-line-number": 132,
                    "extras": {},
                    "node-pos": 71
                },
                {
                    "name": "GasUsedHeadings",
                    "part": "2",
                    "replacement-node": 41,
                    "template-line-number": 140,
                    "extras": {},
                    "node-pos": 75
                }
            ]
        },
        "rule-37": {
            "name": "GasUtilityOperationsLineItems",
            "subs": [
                {
                    "name": "GasUtilityOperationsLineItems",
                    "part": "2",
                    "replacement-node": 96,
                    "expression-node": 97,
                    "template-line-number": 408,
                    "node-pos": 161
                },
                {
                    "name": "GasUtilityOperationsLineItems",
                    "part": "3",
                    "replacement-node": 100,
                    "expression-node": 101,
                    "template-line-number": 415,
                    "node-pos": 166
                },
                {
                    "name": "GasUtilityOperationsLineItems",
                    "part": "4",
                    "replacement-node": 103,
                    "expression-node": 104,
                    "template-line-number": 420,
                    "node-pos": 170
                },
                {
                    "name": "GasUtilityOperationsLineItems",
                    "part": "5",
                    "replacement-node": 106,
                    "expression-node": 107,
                    "template-line-number": 425,
                    "node-pos": 174
                }
            ]
        }
    },
    "line-numbers": {
        "GasUtilityOperationsLineItems": [
            {
                "line-number-node": 93,
                "start-number": 5,
                "template-line-number": 403
            }
        ]
    },
    "showifs": {
        "rule-1": {
            "type": "showif",
            "template-line-number": 17
        }
    },
    "footnotes": {},
    "standard-rules": [
        "rule-2",
        "rule-3",
        "rule-4",
        "rule-5",
        "rule-6",
        "rule-7",
        "rule-8",
        "rule-9",
        "rule-10",
        "rule-11",
        "rule-12",
        "rule-13",
        "rule-14",
        "rule-15",
        "rule-16",
        "rule-17",
        "rule-18",
        "rule-19",
        "rule-20",
        "rule-21",
        "rule-22",
        "rule-23",
        "rule-24",
        "rule-25",
        "rule-26",
        "rule-27",
        "rule-28",
        "rule-29",
        "rule-30",
        "rule-31",
        "rule-32",
        "rule-33",
        "rule-34",
        "rule-35",
        "rule-36",
        "rule-37"
    ],
    "footnote-rules": []
}