{
    "substitutions": {
        "rule-2": [
            {
                "part": null,
                "replacement-node": 1,
                "template-line-number": 28,
                "node-pos": 11
            }
        ],
        "rule-3": [
            {
                "part": null,
                "replacement-node": 4,
                "expression-node": 5,
                "template-line-number": 33,
                "node-pos": 15
            }
        ],
        "rule-4": [
            {
                "part": null,
                "replacement-node": 7,
                "template-line-number": 39,
                "node-pos": 19
            }
        ],
        "rule-5": [
            {
                "part": null,
                "replacement-node": 10,
                "template-line-number": 45,
                "node-pos": 23,
                "html": true
            }
        ],
        "rule-6": [
            {
                "part": null,
                "replacement-node": 13,
                "template-line-number": 57,
                "node-pos": 28,
                "html": true
            }
        ],
        "rule-7": [
            {
                "part": null,
                "replacement-node": 16,
                "template-line-number": 68,
                "node-pos": 33
            }
        ],
        "rule-8": [
            {
                "part": null,
                "replacement-node": 19,
                "expression-node": 20,
                "template-line-number": 73,
                "node-pos": 37
            }
        ],
        "rule-9": [
            {
                "part": null,
                "replacement-node": 22,
                "template-line-number": 78,
                "node-pos": 41
            }
        ],
        "rule-10": [
            {
                "part": null,
                "replacement-node": 25,
                "expression-node": 26,
                "template-line-number": 83,
                "node-pos": 45
            }
        ],
        "rule-11": [
            {
                "part": null,
                "replacement-node": 28,
                "expression-node": 29,
                "template-line-number": 88,
                "node-pos": 49
            }
        ],
        "rule-12": [
            {
                "part": null,
                "replacement-node": 31,
                "template-line-number": 98,
                "node-pos": 55
            }
        ],
        "rule-13": [
            {
                "part": null,
                "replacement-node": 34,
                "template-line-number": 109,
                "node-pos": 60,
                "html": true
            }
        ],
        "rule-14": [
            {
                "part": null,
                "replacement-node": 60,
                "expression-node": 61,
                "template-line-number": 258,
                "node-pos": 108
            }
        ],
        "rule-15": [
            {
                "part": null,
                "replacement-node": 63,
                "template-line-number": 263,
                "node-pos": 112
            }
        ],
        "rule-16": [
            {
                "part": null,
                "replacement-node": 66,
                "template-line-number": 272,
                "node-pos": 116
            }
        ],
        "rule-17": {
            "name": "UnappropriatedLineItems",
            "subs": [
                {
                    "name": "UnappropriatedLineItems",
                    "part": "1",
                    "replacement-node": 45,
                    "template-line-number": 217,
                    "extras": {},
                    "node-pos": 84
                },
                {
                    "name": "UnappropriatedLineItems",
                    "part": "2",
                    "replacement-node": 50,
                    "template-line-number": 228,
                    "extras": {},
                    "node-pos": 92
                },
                {
                    "name": "UnappropriatedLineItems",
                    "part": "3",
                    "replacement-node": 54,
                    "template-line-number": 235,
                    "extras": {},
                    "node-pos": 97
                },
                {
                    "name": "UnappropriatedLineItems",
                    "part": "4",
                    "replacement-node": 56,
                    "expression-node": 57,
                    "template-line-number": 241,
                    "node-pos": 100
                },
                {
                    "name": "UnappropriatedLineItems",
                    "part": "5",
                    "replacement-node": 58,
                    "expression-node": 59,
                    "template-line-number": 247,
                    "node-pos": 103
                },
                {
                    "name": "UnappropriatedLineItems",
                    "part": "6",
                    "replacement-node": 48,
                    "template-line-number": 224,
                    "extras": {},
                    "node-pos": 90
                }
            ]
        },
        "rule-18": {
            "name": "UnappropriatedHeadings",
            "subs": [
                {
                    "name": "UnappropriatedHeadings",
                    "part": "1",
                    "replacement-node": 38,
                    "template-line-number": 138,
                    "extras": {},
                    "node-pos": 74
                },
                {
                    "name": "UnappropriatedHeadings",
                    "part": "2",
                    "replacement-node": 41,
                    "template-line-number": 145,
                    "extras": {},
                    "node-pos": 78
                }
            ]
        }
    },
    "line-numbers": {},
    "showifs": {
        "rule-1": {
            "type": "showif",
            "template-line-number": 18
        }
    },
    "footnotes": {},
    "standard-rules": [
        "rule-2",
        "rule-3",
        "rule-4",
        "rule-5",
        "rule-6",
        "rule-7",
        "rule-8",
        "rule-9",
        "rule-10",
        "rule-11",
        "rule-12",
        "rule-13",
        "rule-14",
        "rule-15",
        "rule-16",
        "rule-17",
        "rule-18"
    ],
    "footnote-rules": []
}