{
    "substitutions": {
        "rule-1": [
            {
                "part": null,
                "replacement-node": 0,
                "expression-node": 1,
                "template-line-number": 23,
                "node-pos": 10
            }
        ],
        "rule-2": [
            {
                "part": null,
                "replacement-node": 3,
                "template-line-number": 31,
                "node-pos": 16
            }
        ],
        "rule-3": [
            {
                "part": null,
                "replacement-node": 6,
                "template-line-number": 42,
                "node-pos": 21
            }
        ],
        "rule-4": [
            {
                "part": null,
                "replacement-node": 12,
                "template-line-number": 60,
                "node-pos": 29
            }
        ],
        "rule-5": [
            {
                "part": null,
                "replacement-node": 15,
                "expression-node": 16,
                "template-line-number": 68,
                "node-pos": 33
            }
        ],
        "rule-6": [
            {
                "part": null,
                "replacement-node": 18,
                "expression-node": 19,
                "template-line-number": 73,
                "node-pos": 37
            }
        ],
        "rule-7": [
            {
                "part": null,
                "replacement-node": 21,
                "template-line-number": 81,
                "node-pos": 42
            }
        ],
        "rule-8": [
            {
                "part": null,
                "replacement-node": 24,
                "expression-node": 25,
                "template-line-number": 89,
                "node-pos": 47
            }
        ],
        "rule-9": [
            {
                "part": null,
                "replacement-node": 27,
                "template-line-number": 100,
                "node-pos": 51
            }
        ],
        "rule-10": [
            {
                "part": null,
                "replacement-node": 33,
                "template-line-number": 124,
                "node-pos": 60
            }
        ],
        "rule-11": [
            {
                "part": null,
                "replacement-node": 36,
                "expression-node": 37,
                "template-line-number": 132,
                "node-pos": 65
            }
        ],
        "rule-12": [
            {
                "part": null,
                "replacement-node": 39,
                "template-line-number": 143,
                "node-pos": 69
            }
        ],
        "rule-13": [
            {
                "part": null,
                "replacement-node": 42,
                "expression-node": 43,
                "template-line-number": 151,
                "node-pos": 73
            }
        ],
        "rule-14": [
            {
                "part": null,
                "replacement-node": 45,
                "template-line-number": 163,
                "node-pos": 78
            }
        ],
        "rule-15": [
            {
                "part": null,
                "replacement-node": 48,
                "expression-node": 49,
                "template-line-number": 171,
                "node-pos": 82
            }
        ],
        "rule-16": [
            {
                "part": null,
                "replacement-node": 51,
                "template-line-number": 183,
                "node-pos": 86
            }
        ],
        "rule-17": [
            {
                "part": null,
                "replacement-node": 54,
                "expression-node": 55,
                "template-line-number": 191,
                "node-pos": 90
            }
        ],
        "rule-18": [
            {
                "part": null,
                "replacement-node": 57,
                "template-line-number": 203,
                "node-pos": 95
            }
        ],
        "rule-19": [
            {
                "part": null,
                "replacement-node": 60,
                "expression-node": 61,
                "template-line-number": 211,
                "node-pos": 99
            }
        ],
        "rule-20": [
            {
                "part": null,
                "replacement-node": 63,
                "template-line-number": 222,
                "node-pos": 103
            }
        ],
        "rule-21": [
            {
                "part": null,
                "replacement-node": 66,
                "expression-node": 67,
                "template-line-number": 230,
                "node-pos": 107
            }
        ],
        "rule-22": [
            {
                "part": null,
                "replacement-node": 69,
                "template-line-number": 242,
                "node-pos": 112
            }
        ],
        "rule-23": [
            {
                "part": null,
                "replacement-node": 72,
                "template-line-number": 252,
                "node-pos": 116,
                "html": true
            }
        ],
        "rule-24": [
            {
                "part": null,
                "replacement-node": 75,
                "template-line-number": 264,
                "node-pos": 121,
                "html": true
            }
        ],
        "rule-25": [
            {
                "part": null,
                "replacement-node": 78,
                "template-line-number": 276,
                "node-pos": 126
            }
        ],
        "rule-26": [
            {
                "part": null,
                "replacement-node": 81,
                "expression-node": 82,
                "template-line-number": 284,
                "node-pos": 131
            }
        ],
        "rule-27": [
            {
                "part": null,
                "replacement-node": 84,
                "template-line-number": 296,
                "node-pos": 136
            }
        ],
        "rule-28": [
            {
                "part": null,
                "replacement-node": 87,
                "expression-node": 88,
                "template-line-number": 304,
                "node-pos": 140
            }
        ],
        "rule-29": [
            {
                "part": null,
                "replacement-node": 90,
                "template-line-number": 315,
                "node-pos": 144
            }
        ],
        "rule-30": [
            {
                "part": null,
                "replacement-node": 93,
                "expression-node": 94,
                "template-line-number": 323,
                "node-pos": 148
            }
        ],
        "rule-31": [
            {
                "part": null,
                "replacement-node": 96,
                "template-line-number": 335,
                "node-pos": 153
            }
        ],
        "rule-32": [
            {
                "part": null,
                "replacement-node": 99,
                "expression-node": 100,
                "template-line-number": 343,
                "node-pos": 157
            }
        ],
        "rule-33": [
            {
                "part": null,
                "replacement-node": 102,
                "template-line-number": 357,
                "node-pos": 162
            }
        ],
        "rule-34": [
            {
                "part": null,
                "replacement-node": 105,
                "expression-node": 106,
                "template-line-number": 365,
                "node-pos": 166
            }
        ],
        "rule-35": [
            {
                "part": null,
                "replacement-node": 108,
                "template-line-number": 403,
                "node-pos": 183
            }
        ],
        "rule-36": [
            {
                "part": null,
                "replacement-node": 111,
                "expression-node": 112,
                "template-line-number": 411,
                "node-pos": 187
            }
        ],
        "rule-37": [
            {
                "part": null,
                "replacement-node": 114,
                "template-line-number": 423,
                "node-pos": 192
            }
        ],
        "rule-38": [
            {
                "part": null,
                "replacement-node": 117,
                "expression-node": 118,
                "template-line-number": 431,
                "node-pos": 196
            }
        ],
        "rule-39": [
            {
                "part": null,
                "replacement-node": 120,
                "template-line-number": 443,
                "node-pos": 200
            }
        ],
        "rule-40": [
            {
                "part": null,
                "replacement-node": 123,
                "expression-node": 124,
                "template-line-number": 451,
                "node-pos": 204
            }
        ],
        "rule-41": [
            {
                "part": null,
                "replacement-node": 126,
                "template-line-number": 461,
                "node-pos": 209
            }
        ],
        "rule-42": [
            {
                "part": null,
                "replacement-node": 129,
                "expression-node": 130,
                "template-line-number": 469,
                "node-pos": 213
            }
        ],
        "rule-43": [
            {
                "part": null,
                "replacement-node": 132,
                "expression-node": 133,
                "template-line-number": 482,
                "node-pos": 218
            }
        ],
        "rule-44": [
            {
                "part": null,
                "replacement-node": 135,
                "template-line-number": 488,
                "node-pos": 222
            }
        ],
        "rule-45": [
            {
                "part": null,
                "replacement-node": 138,
                "template-line-number": 497,
                "node-pos": 226
            }
        ],
        "rule-46": {
            "name": "NameChangeDate",
            "subs": [
                {
                    "name": "NameChangeDate",
                    "part": "1",
                    "replacement-node": 30,
                    "expression-node": 31,
                    "template-line-number": 112,
                    "node-pos": 55
                }
            ]
        },
        "rule-47": {
            "name": "RespondentLegalName",
            "subs": [
                {
                    "name": "RespondentLegalName",
                    "part": "1",
                    "replacement-node": 9,
                    "expression-node": 10,
                    "template-line-number": 50,
                    "node-pos": 25
                }
            ]
        }
    },
    "line-numbers": {},
    "showifs": {},
    "footnotes": {},
    "standard-rules": [
        "rule-1",
        "rule-2",
        "rule-3",
        "rule-4",
        "rule-5",
        "rule-6",
        "rule-7",
        "rule-8",
        "rule-9",
        "rule-10",
        "rule-11",
        "rule-12",
        "rule-13",
        "rule-14",
        "rule-15",
        "rule-16",
        "rule-17",
        "rule-18",
        "rule-19",
        "rule-20",
        "rule-21",
        "rule-22",
        "rule-23",
        "rule-24",
        "rule-25",
        "rule-26",
        "rule-27",
        "rule-28",
        "rule-29",
        "rule-30",
        "rule-31",
        "rule-32",
        "rule-33",
        "rule-34",
        "rule-35",
        "rule-36",
        "rule-37",
        "rule-38",
        "rule-39",
        "rule-40",
        "rule-41",
        "rule-42",
        "rule-43",
        "rule-44",
        "rule-45",
        "rule-46",
        "rule-47"
    ],
    "footnote-rules": []
}