{
    "substitutions": {
        "rule-2": [
            {
                "part": null,
                "replacement-node": 1,
                "template-line-number": 27,
                "node-pos": 10
            }
        ],
        "rule-3": [
            {
                "part": null,
                "replacement-node": 4,
                "expression-node": 5,
                "template-line-number": 31,
                "node-pos": 14
            }
        ],
        "rule-4": [
            {
                "part": null,
                "replacement-node": 7,
                "template-line-number": 37,
                "node-pos": 18
            }
        ],
        "rule-5": [
            {
                "part": null,
                "replacement-node": 10,
                "template-line-number": 43,
                "node-pos": 22,
                "html": true
            }
        ],
        "rule-6": [
            {
                "part": null,
                "replacement-node": 13,
                "template-line-number": 55,
                "node-pos": 27,
                "html": true
            }
        ],
        "rule-7": [
            {
                "part": null,
                "replacement-node": 16,
                "template-line-number": 66,
                "node-pos": 32
            }
        ],
        "rule-8": [
            {
                "part": null,
                "replacement-node": 19,
                "expression-node": 20,
                "template-line-number": 70,
                "node-pos": 36
            }
        ],
        "rule-9": [
            {
                "part": null,
                "replacement-node": 22,
                "template-line-number": 75,
                "node-pos": 40
            }
        ],
        "rule-10": [
            {
                "part": null,
                "replacement-node": 25,
                "expression-node": 26,
                "template-line-number": 79,
                "node-pos": 44
            }
        ],
        "rule-11": [
            {
                "part": null,
                "replacement-node": 28,
                "expression-node": 29,
                "template-line-number": 84,
                "node-pos": 48
            }
        ],
        "rule-12": [
            {
                "part": null,
                "replacement-node": 31,
                "template-line-number": 95,
                "node-pos": 54
            }
        ],
        "rule-13": [
            {
                "part": null,
                "replacement-node": 34,
                "template-line-number": 106,
                "node-pos": 59,
                "html": true
            }
        ],
        "rule-14": [
            {
                "part": null,
                "replacement-node": 70,
                "template-line-number": 277,
                "node-pos": 118
            }
        ],
        "rule-15": [
            {
                "part": null,
                "replacement-node": 73,
                "expression-node": 74,
                "template-line-number": 290,
                "node-pos": 124
            }
        ],
        "rule-16": [
            {
                "part": null,
                "replacement-node": 76,
                "expression-node": 77,
                "template-line-number": 308,
                "node-pos": 131
            }
        ],
        "rule-17": [
            {
                "part": null,
                "replacement-node": 79,
                "template-line-number": 321,
                "node-pos": 137
            }
        ],
        "rule-18": [
            {
                "part": null,
                "replacement-node": 82,
                "expression-node": 83,
                "template-line-number": 336,
                "node-pos": 143
            }
        ],
        "rule-19": [
            {
                "part": null,
                "replacement-node": 85,
                "expression-node": 86,
                "template-line-number": 345,
                "node-pos": 147
            }
        ],
        "rule-20": [
            {
                "part": null,
                "replacement-node": 88,
                "expression-node": 89,
                "template-line-number": 357,
                "node-pos": 152
            }
        ],
        "rule-21": [
            {
                "part": null,
                "replacement-node": 91,
                "expression-node": 92,
                "template-line-number": 366,
                "node-pos": 156
            }
        ],
        "rule-22": [
            {
                "part": null,
                "replacement-node": 94,
                "expression-node": 95,
                "template-line-number": 379,
                "node-pos": 162
            }
        ],
        "rule-23": [
            {
                "part": null,
                "replacement-node": 97,
                "template-line-number": 384,
                "node-pos": 166
            }
        ],
        "rule-24": [
            {
                "part": null,
                "replacement-node": 100,
                "template-line-number": 393,
                "node-pos": 170
            }
        ],
        "rule-25": {
            "name": "MisDefDebit",
            "subs": [
                {
                    "name": "MisDefDebit",
                    "part": "1",
                    "replacement-node": 40,
                    "template-line-number": 140,
                    "extras": {},
                    "node-pos": 75
                },
                {
                    "name": "MisDefDebit",
                    "part": "2",
                    "replacement-node": 43,
                    "template-line-number": 149,
                    "extras": {},
                    "node-pos": 79
                },
                {
                    "name": "MisDefDebit",
                    "part": "3",
                    "replacement-node": 38,
                    "template-line-number": 136,
                    "extras": {},
                    "node-pos": 73
                }
            ]
        },
        "rule-26": {
            "name": "MiscellaneousDeferredDebits",
            "subs": [
                {
                    "name": "MiscellaneousDeferredDebits",
                    "part": "2",
                    "replacement-node": 49,
                    "expression-node": 50,
                    "template-line-number": 235,
                    "node-pos": 88
                },
                {
                    "name": "MiscellaneousDeferredDebits",
                    "part": "2",
                    "replacement-node": 52,
                    "expression-node": 53,
                    "template-line-number": 240,
                    "node-pos": 92
                },
                {
                    "name": "MiscellaneousDeferredDebits",
                    "part": "3",
                    "replacement-node": 55,
                    "expression-node": 56,
                    "template-line-number": 245,
                    "node-pos": 96
                },
                {
                    "name": "MiscellaneousDeferredDebits",
                    "part": "4",
                    "replacement-node": 58,
                    "expression-node": 59,
                    "template-line-number": 250,
                    "node-pos": 100
                },
                {
                    "name": "MiscellaneousDeferredDebits",
                    "part": "5",
                    "replacement-node": 61,
                    "expression-node": 62,
                    "template-line-number": 255,
                    "node-pos": 104
                },
                {
                    "name": "MiscellaneousDeferredDebits",
                    "part": "6",
                    "replacement-node": 64,
                    "expression-node": 65,
                    "template-line-number": 260,
                    "node-pos": 108
                },
                {
                    "name": "MiscellaneousDeferredDebits",
                    "part": "7",
                    "replacement-node": 67,
                    "expression-node": 68,
                    "template-line-number": 265,
                    "node-pos": 112
                }
            ]
        }
    },
    "line-numbers": {
        "MiscellaneousDeferredDebits": [
            {
                "line-number-node": 47,
                "start-number": 1,
                "template-line-number": 232
            }
        ]
    },
    "showifs": {
        "rule-1": {
            "type": "showif",
            "template-line-number": 17
        }
    },
    "footnotes": {},
    "standard-rules": [
        "rule-2",
        "rule-3",
        "rule-4",
        "rule-5",
        "rule-6",
        "rule-7",
        "rule-8",
        "rule-9",
        "rule-10",
        "rule-11",
        "rule-12",
        "rule-13",
        "rule-14",
        "rule-15",
        "rule-16",
        "rule-17",
        "rule-18",
        "rule-19",
        "rule-20",
        "rule-21",
        "rule-22",
        "rule-23",
        "rule-24",
        "rule-25",
        "rule-26"
    ],
    "footnote-rules": []
}