{
    "substitutions": {
        "rule-2": [
            {
                "part": null,
                "replacement-node": 1,
                "template-line-number": 28,
                "node-pos": 11
            }
        ],
        "rule-3": [
            {
                "part": null,
                "replacement-node": 4,
                "expression-node": 5,
                "template-line-number": 33,
                "node-pos": 15
            }
        ],
        "rule-4": [
            {
                "part": null,
                "replacement-node": 7,
                "template-line-number": 39,
                "node-pos": 19
            }
        ],
        "rule-5": [
            {
                "part": null,
                "replacement-node": 10,
                "template-line-number": 45,
                "node-pos": 23,
                "html": true
            }
        ],
        "rule-6": [
            {
                "part": null,
                "replacement-node": 13,
                "template-line-number": 57,
                "node-pos": 28,
                "html": true
            }
        ],
        "rule-7": [
            {
                "part": null,
                "replacement-node": 16,
                "template-line-number": 68,
                "node-pos": 33
            }
        ],
        "rule-8": [
            {
                "part": null,
                "replacement-node": 19,
                "expression-node": 20,
                "template-line-number": 73,
                "node-pos": 37
            }
        ],
        "rule-9": [
            {
                "part": null,
                "replacement-node": 22,
                "template-line-number": 78,
                "node-pos": 41
            }
        ],
        "rule-10": [
            {
                "part": null,
                "replacement-node": 25,
                "expression-node": 26,
                "template-line-number": 83,
                "node-pos": 46
            }
        ],
        "rule-11": [
            {
                "part": null,
                "replacement-node": 28,
                "expression-node": 29,
                "template-line-number": 88,
                "node-pos": 50
            }
        ],
        "rule-12": [
            {
                "part": null,
                "replacement-node": 31,
                "template-line-number": 98,
                "node-pos": 56
            }
        ],
        "rule-13": [
            {
                "part": null,
                "replacement-node": 34,
                "template-line-number": 109,
                "node-pos": 61,
                "html": true
            }
        ],
        "rule-14": [
            {
                "part": null,
                "replacement-node": 63,
                "expression-node": 64,
                "template-line-number": 375,
                "node-pos": 115
            }
        ],
        "rule-15": [
            {
                "part": null,
                "replacement-node": 66,
                "template-line-number": 380,
                "node-pos": 119
            }
        ],
        "rule-16": [
            {
                "part": null,
                "replacement-node": 69,
                "template-line-number": 390,
                "node-pos": 123
            }
        ],
        "rule-17": {
            "name": "RELineItems",
            "subs": [
                {
                    "name": "RELineItems",
                    "part": "1",
                    "replacement-node": 45,
                    "template-line-number": 326,
                    "extras": {},
                    "node-pos": 89
                },
                {
                    "name": "RELineItems",
                    "part": "2",
                    "replacement-node": 50,
                    "template-line-number": 337,
                    "extras": {},
                    "node-pos": 97
                },
                {
                    "name": "RELineItems",
                    "part": "4",
                    "replacement-node": 54,
                    "expression-node": 55,
                    "template-line-number": 347,
                    "node-pos": 102
                },
                {
                    "name": "RELineItems",
                    "part": "4",
                    "replacement-node": 58,
                    "expression-node": 59,
                    "template-line-number": 358,
                    "node-pos": 107
                },
                {
                    "name": "RELineItems",
                    "part": "6",
                    "replacement-node": 48,
                    "template-line-number": 333,
                    "extras": {},
                    "node-pos": 95
                }
            ]
        },
        "rule-18": {
            "name": "REHeadings",
            "subs": [
                {
                    "name": "REHeadings",
                    "part": "1",
                    "replacement-node": 38,
                    "template-line-number": 143,
                    "extras": {},
                    "node-pos": 79
                },
                {
                    "name": "REHeadings",
                    "part": "2",
                    "replacement-node": 41,
                    "template-line-number": 151,
                    "extras": {},
                    "node-pos": 83
                }
            ]
        }
    },
    "line-numbers": {},
    "showifs": {
        "rule-1": {
            "type": "showif",
            "template-line-number": 18
        }
    },
    "footnotes": {},
    "standard-rules": [
        "rule-2",
        "rule-3",
        "rule-4",
        "rule-5",
        "rule-6",
        "rule-7",
        "rule-8",
        "rule-9",
        "rule-10",
        "rule-11",
        "rule-12",
        "rule-13",
        "rule-14",
        "rule-15",
        "rule-16",
        "rule-17",
        "rule-18"
    ],
    "footnote-rules": []
}