{
    "substitutions": {
        "rule-1": [
            {
                "part": null,
                "replacement-node": 0,
                "template-line-number": 23,
                "node-pos": 10
            }
        ],
        "rule-2": [
            {
                "part": null,
                "replacement-node": 3,
                "expression-node": 4,
                "template-line-number": 28,
                "node-pos": 14
            }
        ],
        "rule-3": [
            {
                "part": null,
                "replacement-node": 6,
                "template-line-number": 34,
                "node-pos": 18
            }
        ],
        "rule-4": [
            {
                "part": null,
                "replacement-node": 9,
                "template-line-number": 40,
                "node-pos": 22,
                "html": true
            }
        ],
        "rule-5": [
            {
                "part": null,
                "replacement-node": 12,
                "template-line-number": 52,
                "node-pos": 27,
                "html": true
            }
        ],
        "rule-6": [
            {
                "part": null,
                "replacement-node": 15,
                "template-line-number": 63,
                "node-pos": 32
            }
        ],
        "rule-7": [
            {
                "part": null,
                "replacement-node": 18,
                "expression-node": 19,
                "template-line-number": 68,
                "node-pos": 36
            }
        ],
        "rule-8": [
            {
                "part": null,
                "replacement-node": 21,
                "template-line-number": 73,
                "node-pos": 40
            }
        ],
        "rule-9": [
            {
                "part": null,
                "replacement-node": 24,
                "expression-node": 25,
                "template-line-number": 78,
                "node-pos": 45
            }
        ],
        "rule-10": [
            {
                "part": null,
                "replacement-node": 27,
                "expression-node": 28,
                "template-line-number": 83,
                "node-pos": 49
            }
        ],
        "rule-11": [
            {
                "part": null,
                "replacement-node": 30,
                "template-line-number": 93,
                "node-pos": 55
            }
        ],
        "rule-12": [
            {
                "part": null,
                "replacement-node": 33,
                "template-line-number": 104,
                "node-pos": 60,
                "html": true
            }
        ],
        "rule-13": [
            {
                "part": null,
                "replacement-node": 63,
                "expression-node": 64,
                "template-line-number": 351,
                "node-pos": 110
            }
        ],
        "rule-14": [
            {
                "part": null,
                "replacement-node": 66,
                "template-line-number": 356,
                "node-pos": 114
            }
        ],
        "rule-15": [
            {
                "part": null,
                "replacement-node": 69,
                "template-line-number": 366,
                "node-pos": 118
            }
        ],
        "rule-16": {
            "name": "ISHeadings",
            "subs": [
                {
                    "name": "ISHeadings",
                    "part": "1",
                    "replacement-node": 37,
                    "template-line-number": 132,
                    "extras": {},
                    "node-pos": 73
                },
                {
                    "name": "ISHeadings",
                    "part": "2",
                    "replacement-node": 40,
                    "template-line-number": 139,
                    "extras": {},
                    "node-pos": 77
                }
            ]
        },
        "rule-17": {
            "name": "CFLineItems",
            "subs": [
                {
                    "name": "CFLineItems",
                    "part": "1",
                    "replacement-node": 44,
                    "template-line-number": 300,
                    "extras": {},
                    "node-pos": 83
                },
                {
                    "name": "CFLineItems",
                    "part": "2",
                    "replacement-node": 49,
                    "template-line-number": 311,
                    "extras": {},
                    "node-pos": 91
                },
                {
                    "name": "CFLineItems",
                    "part": "4",
                    "replacement-node": 53,
                    "expression-node": 54,
                    "template-line-number": 322,
                    "node-pos": 96
                },
                {
                    "name": "CFLineItems",
                    "part": "5",
                    "replacement-node": 58,
                    "expression-node": 59,
                    "template-line-number": 332,
                    "node-pos": 102
                },
                {
                    "name": "CFLineItems",
                    "part": "6",
                    "replacement-node": 47,
                    "template-line-number": 307,
                    "extras": {},
                    "node-pos": 89
                }
            ]
        }
    },
    "line-numbers": {},
    "showifs": {},
    "footnotes": {},
    "standard-rules": [
        "rule-1",
        "rule-2",
        "rule-3",
        "rule-4",
        "rule-5",
        "rule-6",
        "rule-7",
        "rule-8",
        "rule-9",
        "rule-10",
        "rule-11",
        "rule-12",
        "rule-13",
        "rule-14",
        "rule-15",
        "rule-16",
        "rule-17"
    ],
    "footnote-rules": []
}