{
    "substitutions": {
        "rule-1": [
            {
                "part": null,
                "replacement-node": 0,
                "template-line-number": 21,
                "node-pos": 9
            }
        ],
        "rule-2": [
            {
                "part": null,
                "replacement-node": 3,
                "expression-node": 4,
                "template-line-number": 25,
                "node-pos": 13
            }
        ],
        "rule-3": [
            {
                "part": null,
                "replacement-node": 6,
                "template-line-number": 31,
                "node-pos": 17
            }
        ],
        "rule-4": [
            {
                "part": null,
                "replacement-node": 9,
                "template-line-number": 37,
                "node-pos": 21,
                "html": true
            }
        ],
        "rule-5": [
            {
                "part": null,
                "replacement-node": 12,
                "template-line-number": 49,
                "node-pos": 26,
                "html": true
            }
        ],
        "rule-6": [
            {
                "part": null,
                "replacement-node": 15,
                "template-line-number": 60,
                "node-pos": 31
            }
        ],
        "rule-7": [
            {
                "part": null,
                "replacement-node": 18,
                "expression-node": 19,
                "template-line-number": 64,
                "node-pos": 35
            }
        ],
        "rule-8": [
            {
                "part": null,
                "replacement-node": 21,
                "template-line-number": 69,
                "node-pos": 39
            }
        ],
        "rule-9": [
            {
                "part": null,
                "replacement-node": 24,
                "expression-node": 25,
                "template-line-number": 73,
                "node-pos": 43
            }
        ],
        "rule-10": [
            {
                "part": null,
                "replacement-node": 27,
                "expression-node": 28,
                "template-line-number": 78,
                "node-pos": 47
            }
        ],
        "rule-11": [
            {
                "part": null,
                "replacement-node": 30,
                "template-line-number": 88,
                "node-pos": 53
            }
        ],
        "rule-12": [
            {
                "part": null,
                "replacement-node": 33,
                "template-line-number": 99,
                "node-pos": 58,
                "html": true
            }
        ],
        "rule-13": [
            {
                "part": null,
                "replacement-node": 43,
                "template-line-number": 145,
                "node-pos": 80
            }
        ],
        "rule-14": [
            {
                "part": null,
                "replacement-node": 46,
                "expression-node": 47,
                "template-line-number": 157,
                "node-pos": 85
            }
        ],
        "rule-15": [
            {
                "part": null,
                "replacement-node": 49,
                "template-line-number": 170,
                "node-pos": 91
            }
        ],
        "rule-16": [
            {
                "part": null,
                "replacement-node": 52,
                "template-line-number": 197,
                "node-pos": 103
            }
        ],
        "rule-17": [
            {
                "part": null,
                "replacement-node": 66,
                "template-line-number": 275,
                "node-pos": 126
            }
        ],
        "rule-18": [
            {
                "part": null,
                "replacement-node": 80,
                "template-line-number": 354,
                "node-pos": 149
            }
        ],
        "rule-19": [
            {
                "part": null,
                "replacement-node": 94,
                "template-line-number": 433,
                "node-pos": 172
            }
        ],
        "rule-20": [
            {
                "part": null,
                "replacement-node": 108,
                "template-line-number": 510,
                "node-pos": 195
            }
        ],
        "rule-21": [
            {
                "part": null,
                "replacement-node": 111,
                "expression-node": 112,
                "template-line-number": 522,
                "node-pos": 200
            }
        ],
        "rule-22": [
            {
                "part": null,
                "replacement-node": 114,
                "template-line-number": 536,
                "node-pos": 206
            }
        ],
        "rule-23": [
            {
                "part": null,
                "replacement-node": 128,
                "expression-node": 129,
                "template-line-number": 612,
                "node-pos": 229
            }
        ],
        "rule-24": [
            {
                "part": null,
                "replacement-node": 131,
                "template-line-number": 619,
                "node-pos": 233
            }
        ],
        "rule-25": [
            {
                "part": null,
                "replacement-node": 134,
                "template-line-number": 629,
                "node-pos": 237
            }
        ],
        "rule-26": {
            "name": "TaxableIncomeLineItems3",
            "subs": [
                {
                    "name": "TaxableIncomeLineItems3",
                    "part": "2",
                    "replacement-node": 87,
                    "expression-node": 88,
                    "template-line-number": 407,
                    "node-pos": 161
                },
                {
                    "name": "TaxableIncomeLineItems3",
                    "part": "4",
                    "replacement-node": 91,
                    "expression-node": 92,
                    "template-line-number": 418,
                    "node-pos": 166
                }
            ]
        },
        "rule-27": {
            "name": "TaxableIncomeLineItems4",
            "subs": [
                {
                    "name": "TaxableIncomeLineItems4",
                    "part": "2",
                    "replacement-node": 101,
                    "expression-node": 102,
                    "template-line-number": 486,
                    "node-pos": 184
                },
                {
                    "name": "TaxableIncomeLineItems4",
                    "part": "4",
                    "replacement-node": 105,
                    "expression-node": 106,
                    "template-line-number": 497,
                    "node-pos": 189
                }
            ]
        },
        "rule-28": {
            "name": "TaxableIncomeLineItems2",
            "subs": [
                {
                    "name": "TaxableIncomeLineItems2",
                    "part": "2",
                    "replacement-node": 73,
                    "expression-node": 74,
                    "template-line-number": 328,
                    "node-pos": 138
                },
                {
                    "name": "TaxableIncomeLineItems2",
                    "part": "4",
                    "replacement-node": 77,
                    "expression-node": 78,
                    "template-line-number": 339,
                    "node-pos": 143
                }
            ]
        },
        "rule-29": {
            "name": "TaxableIncomeLineItems5",
            "subs": [
                {
                    "name": "TaxableIncomeLineItems5",
                    "part": "2",
                    "replacement-node": 121,
                    "expression-node": 122,
                    "template-line-number": 589,
                    "node-pos": 218
                },
                {
                    "name": "TaxableIncomeLineItems5",
                    "part": "4",
                    "replacement-node": 125,
                    "expression-node": 126,
                    "template-line-number": 600,
                    "node-pos": 223
                }
            ]
        },
        "rule-30": {
            "name": "TaxableIncomeLineItems",
            "subs": [
                {
                    "name": "TaxableIncomeLineItems",
                    "part": "2",
                    "replacement-node": 59,
                    "expression-node": 60,
                    "template-line-number": 250,
                    "node-pos": 115
                },
                {
                    "name": "TaxableIncomeLineItems",
                    "part": "4",
                    "replacement-node": 63,
                    "expression-node": 64,
                    "template-line-number": 261,
                    "node-pos": 120
                }
            ]
        },
        "rule-31": {
            "name": "Headings",
            "subs": [
                {
                    "name": "Headings",
                    "part": "1",
                    "replacement-node": 37,
                    "template-line-number": 126,
                    "extras": {},
                    "node-pos": 70
                },
                {
                    "name": "Headings",
                    "part": "2",
                    "replacement-node": 40,
                    "template-line-number": 133,
                    "extras": {},
                    "node-pos": 74
                }
            ]
        }
    },
    "line-numbers": {
        "TaxableIncomeLineItems": [
            {
                "line-number-node": 56,
                "start-number": 5,
                "template-line-number": 247
            }
        ],
        "TaxableIncomeLineItems2": [
            {
                "line-number-node": 70,
                "start-number": 10,
                "template-line-number": 325
            }
        ],
        "TaxableIncomeLineItems3": [
            {
                "line-number-node": 84,
                "start-number": 15,
                "template-line-number": 404
            }
        ],
        "TaxableIncomeLineItems4": [
            {
                "line-number-node": 98,
                "start-number": 20,
                "template-line-number": 483
            }
        ],
        "TaxableIncomeLineItems5": [
            {
                "line-number-node": 118,
                "start-number": 29,
                "template-line-number": 586
            }
        ]
    },
    "showifs": {},
    "footnotes": {},
    "standard-rules": [
        "rule-1",
        "rule-2",
        "rule-3",
        "rule-4",
        "rule-5",
        "rule-6",
        "rule-7",
        "rule-8",
        "rule-9",
        "rule-10",
        "rule-11",
        "rule-12",
        "rule-13",
        "rule-14",
        "rule-15",
        "rule-16",
        "rule-17",
        "rule-18",
        "rule-19",
        "rule-20",
        "rule-21",
        "rule-22",
        "rule-23",
        "rule-24",
        "rule-25",
        "rule-26",
        "rule-27",
        "rule-28",
        "rule-29",
        "rule-30",
        "rule-31"
    ],
    "footnote-rules": []
}