{
    "substitutions": {
        "rule-2": [
            {
                "part": null,
                "replacement-node": 1,
                "template-line-number": 28,
                "node-pos": 11
            }
        ],
        "rule-3": [
            {
                "part": null,
                "replacement-node": 4,
                "expression-node": 5,
                "template-line-number": 32,
                "node-pos": 15
            }
        ],
        "rule-4": [
            {
                "part": null,
                "replacement-node": 7,
                "template-line-number": 38,
                "node-pos": 19
            }
        ],
        "rule-5": [
            {
                "part": null,
                "replacement-node": 10,
                "template-line-number": 44,
                "node-pos": 23,
                "html": true
            }
        ],
        "rule-6": [
            {
                "part": null,
                "replacement-node": 13,
                "template-line-number": 56,
                "node-pos": 28,
                "html": true
            }
        ],
        "rule-7": [
            {
                "part": null,
                "replacement-node": 16,
                "template-line-number": 67,
                "node-pos": 33
            }
        ],
        "rule-8": [
            {
                "part": null,
                "replacement-node": 19,
                "expression-node": 20,
                "template-line-number": 71,
                "node-pos": 37
            }
        ],
        "rule-9": [
            {
                "part": null,
                "replacement-node": 22,
                "template-line-number": 76,
                "node-pos": 41
            }
        ],
        "rule-10": [
            {
                "part": null,
                "replacement-node": 25,
                "expression-node": 26,
                "template-line-number": 80,
                "node-pos": 45
            }
        ],
        "rule-11": [
            {
                "part": null,
                "replacement-node": 28,
                "expression-node": 29,
                "template-line-number": 85,
                "node-pos": 49
            }
        ],
        "rule-12": [
            {
                "part": null,
                "replacement-node": 31,
                "template-line-number": 96,
                "node-pos": 55
            }
        ],
        "rule-13": [
            {
                "part": null,
                "replacement-node": 34,
                "template-line-number": 107,
                "node-pos": 60,
                "html": true
            }
        ],
        "rule-14": [
            {
                "part": null,
                "replacement-node": 79,
                "template-line-number": 315,
                "node-pos": 157
            }
        ],
        "rule-15": [
            {
                "part": null,
                "replacement-node": 82,
                "template-line-number": 332,
                "node-pos": 163
            }
        ],
        "rule-16": [
            {
                "part": null,
                "replacement-node": 85,
                "expression-node": 86,
                "template-line-number": 345,
                "node-pos": 169
            }
        ],
        "rule-17": [
            {
                "part": null,
                "replacement-node": 88,
                "expression-node": 89,
                "template-line-number": 354,
                "node-pos": 173
            }
        ],
        "rule-18": [
            {
                "part": null,
                "replacement-node": 91,
                "expression-node": 92,
                "template-line-number": 363,
                "node-pos": 177
            }
        ],
        "rule-19": [
            {
                "part": null,
                "replacement-node": 94,
                "expression-node": 95,
                "template-line-number": 372,
                "node-pos": 181
            }
        ],
        "rule-20": [
            {
                "part": null,
                "replacement-node": 97,
                "expression-node": 98,
                "template-line-number": 382,
                "node-pos": 186
            }
        ],
        "rule-21": [
            {
                "part": null,
                "replacement-node": 134,
                "template-line-number": 530,
                "node-pos": 239
            }
        ],
        "rule-22": [
            {
                "part": null,
                "replacement-node": 137,
                "template-line-number": 551,
                "node-pos": 245
            }
        ],
        "rule-23": [
            {
                "part": null,
                "replacement-node": 140,
                "expression-node": 141,
                "template-line-number": 564,
                "node-pos": 251
            }
        ],
        "rule-24": [
            {
                "part": null,
                "replacement-node": 143,
                "expression-node": 144,
                "template-line-number": 573,
                "node-pos": 255
            }
        ],
        "rule-25": [
            {
                "part": null,
                "replacement-node": 146,
                "expression-node": 147,
                "template-line-number": 582,
                "node-pos": 259
            }
        ],
        "rule-26": [
            {
                "part": null,
                "replacement-node": 149,
                "expression-node": 150,
                "template-line-number": 591,
                "node-pos": 263
            }
        ],
        "rule-27": [
            {
                "part": null,
                "replacement-node": 152,
                "expression-node": 153,
                "template-line-number": 601,
                "node-pos": 268
            }
        ],
        "rule-28": [
            {
                "part": null,
                "replacement-node": 189,
                "template-line-number": 742,
                "node-pos": 321
            }
        ],
        "rule-29": [
            {
                "part": null,
                "replacement-node": 192,
                "template-line-number": 766,
                "node-pos": 327
            }
        ],
        "rule-30": [
            {
                "part": null,
                "replacement-node": 195,
                "expression-node": 196,
                "template-line-number": 779,
                "node-pos": 333
            }
        ],
        "rule-31": [
            {
                "part": null,
                "replacement-node": 198,
                "expression-node": 199,
                "template-line-number": 788,
                "node-pos": 337
            }
        ],
        "rule-32": [
            {
                "part": null,
                "replacement-node": 201,
                "expression-node": 202,
                "template-line-number": 797,
                "node-pos": 341
            }
        ],
        "rule-33": [
            {
                "part": null,
                "replacement-node": 204,
                "expression-node": 205,
                "template-line-number": 806,
                "node-pos": 345
            }
        ],
        "rule-34": [
            {
                "part": null,
                "replacement-node": 207,
                "expression-node": 208,
                "template-line-number": 816,
                "node-pos": 350
            }
        ],
        "rule-35": [
            {
                "part": null,
                "replacement-node": 244,
                "template-line-number": 960,
                "node-pos": 403
            }
        ],
        "rule-36": [
            {
                "part": null,
                "replacement-node": 247,
                "template-line-number": 988,
                "node-pos": 409
            }
        ],
        "rule-37": [
            {
                "part": null,
                "replacement-node": 250,
                "expression-node": 251,
                "template-line-number": 1001,
                "node-pos": 415
            }
        ],
        "rule-38": [
            {
                "part": null,
                "replacement-node": 253,
                "expression-node": 254,
                "template-line-number": 1010,
                "node-pos": 419
            }
        ],
        "rule-39": [
            {
                "part": null,
                "replacement-node": 256,
                "expression-node": 257,
                "template-line-number": 1019,
                "node-pos": 423
            }
        ],
        "rule-40": [
            {
                "part": null,
                "replacement-node": 259,
                "expression-node": 260,
                "template-line-number": 1028,
                "node-pos": 427
            }
        ],
        "rule-41": [
            {
                "part": null,
                "replacement-node": 262,
                "expression-node": 263,
                "template-line-number": 1038,
                "node-pos": 432
            }
        ],
        "rule-42": [
            {
                "part": null,
                "replacement-node": 299,
                "template-line-number": 1185,
                "node-pos": 485
            }
        ],
        "rule-43": [
            {
                "part": null,
                "replacement-node": 302,
                "template-line-number": 1216,
                "node-pos": 491
            }
        ],
        "rule-44": [
            {
                "part": null,
                "replacement-node": 305,
                "expression-node": 306,
                "template-line-number": 1229,
                "node-pos": 497
            }
        ],
        "rule-45": [
            {
                "part": null,
                "replacement-node": 308,
                "expression-node": 309,
                "template-line-number": 1238,
                "node-pos": 501
            }
        ],
        "rule-46": [
            {
                "part": null,
                "replacement-node": 311,
                "expression-node": 312,
                "template-line-number": 1247,
                "node-pos": 505
            }
        ],
        "rule-47": [
            {
                "part": null,
                "replacement-node": 314,
                "expression-node": 315,
                "template-line-number": 1256,
                "node-pos": 509
            }
        ],
        "rule-48": [
            {
                "part": null,
                "replacement-node": 317,
                "expression-node": 318,
                "template-line-number": 1266,
                "node-pos": 514
            }
        ],
        "rule-49": [
            {
                "part": null,
                "replacement-node": 320,
                "expression-node": 321,
                "template-line-number": 1279,
                "node-pos": 520
            }
        ],
        "rule-50": [
            {
                "part": null,
                "replacement-node": 323,
                "expression-node": 324,
                "template-line-number": 1288,
                "node-pos": 524
            }
        ],
        "rule-51": [
            {
                "part": null,
                "replacement-node": 326,
                "expression-node": 327,
                "template-line-number": 1297,
                "node-pos": 528
            }
        ],
        "rule-52": [
            {
                "part": null,
                "replacement-node": 329,
                "expression-node": 330,
                "template-line-number": 1306,
                "node-pos": 532
            }
        ],
        "rule-53": [
            {
                "part": null,
                "replacement-node": 332,
                "expression-node": 333,
                "template-line-number": 1316,
                "node-pos": 537
            }
        ],
        "rule-54": [
            {
                "part": null,
                "replacement-node": 369,
                "expression-node": 370,
                "template-line-number": 1471,
                "node-pos": 591
            }
        ],
        "rule-55": [
            {
                "part": null,
                "replacement-node": 372,
                "expression-node": 373,
                "template-line-number": 1480,
                "node-pos": 595
            }
        ],
        "rule-56": [
            {
                "part": null,
                "replacement-node": 375,
                "expression-node": 376,
                "template-line-number": 1489,
                "node-pos": 599
            }
        ],
        "rule-57": [
            {
                "part": null,
                "replacement-node": 378,
                "expression-node": 379,
                "template-line-number": 1498,
                "node-pos": 603
            }
        ],
        "rule-58": [
            {
                "part": null,
                "replacement-node": 381,
                "expression-node": 382,
                "template-line-number": 1508,
                "node-pos": 608
            }
        ],
        "rule-59": [
            {
                "part": null,
                "replacement-node": 420,
                "expression-node": 421,
                "template-line-number": 1647,
                "node-pos": 664
            }
        ],
        "rule-60": [
            {
                "part": null,
                "replacement-node": 423,
                "template-line-number": 1652,
                "node-pos": 668
            }
        ],
        "rule-61": [
            {
                "part": null,
                "replacement-node": 426,
                "template-line-number": 1661,
                "node-pos": 672
            }
        ],
        "rule-62": {
            "name": "ListHeadings",
            "subs": [
                {
                    "name": "ListHeadings",
                    "part": "1",
                    "replacement-node": 40,
                    "template-line-number": 170,
                    "extras": {},
                    "node-pos": 101
                },
                {
                    "name": "ListHeadings",
                    "part": "2",
                    "replacement-node": 43,
                    "template-line-number": 178,
                    "extras": {},
                    "node-pos": 105
                },
                {
                    "name": "ListHeadings",
                    "part": "3",
                    "replacement-node": 38,
                    "template-line-number": 166,
                    "extras": {},
                    "node-pos": 99
                }
            ]
        },
        "rule-63": {
            "name": "UnsecuredNotesLineItems",
            "subs": [
                {
                    "name": "UnsecuredNotesLineItems",
                    "part": "10",
                    "replacement-node": 238,
                    "expression-node": 239,
                    "template-line-number": 946,
                    "node-pos": 394
                },
                {
                    "name": "UnsecuredNotesLineItems",
                    "part": "11",
                    "replacement-node": 241,
                    "expression-node": 242,
                    "template-line-number": 951,
                    "node-pos": 398
                },
                {
                    "name": "UnsecuredNotesLineItems",
                    "part": "2",
                    "replacement-node": 214,
                    "expression-node": 215,
                    "template-line-number": 906,
                    "node-pos": 362
                },
                {
                    "name": "UnsecuredNotesLineItems",
                    "part": "3",
                    "replacement-node": 217,
                    "expression-node": 218,
                    "template-line-number": 911,
                    "node-pos": 366
                },
                {
                    "name": "UnsecuredNotesLineItems",
                    "part": "4",
                    "replacement-node": 220,
                    "expression-node": 221,
                    "template-line-number": 916,
                    "node-pos": 370
                },
                {
                    "name": "UnsecuredNotesLineItems",
                    "part": "5",
                    "replacement-node": 223,
                    "expression-node": 224,
                    "template-line-number": 921,
                    "node-pos": 374
                },
                {
                    "name": "UnsecuredNotesLineItems",
                    "part": "6",
                    "replacement-node": 226,
                    "expression-node": 227,
                    "template-line-number": 926,
                    "node-pos": 378
                },
                {
                    "name": "UnsecuredNotesLineItems",
                    "part": "7",
                    "replacement-node": 229,
                    "expression-node": 230,
                    "template-line-number": 931,
                    "node-pos": 382
                },
                {
                    "name": "UnsecuredNotesLineItems",
                    "part": "8",
                    "replacement-node": 232,
                    "expression-node": 233,
                    "template-line-number": 936,
                    "node-pos": 386
                },
                {
                    "name": "UnsecuredNotesLineItems",
                    "part": "9",
                    "replacement-node": 235,
                    "expression-node": 236,
                    "template-line-number": 941,
                    "node-pos": 390
                }
            ]
        },
        "rule-64": {
            "name": "MiscItemsHeader",
            "subs": [
                {
                    "name": "MiscItemsHeader",
                    "part": "1",
                    "replacement-node": 385,
                    "template-line-number": 1527,
                    "extras": {},
                    "node-pos": 614
                }
            ]
        },
        "rule-65": {
            "name": "OtherFundsLineItems",
            "subs": [
                {
                    "name": "OtherFundsLineItems",
                    "part": "10",
                    "replacement-node": 363,
                    "expression-node": 364,
                    "template-line-number": 1454,
                    "node-pos": 581
                },
                {
                    "name": "OtherFundsLineItems",
                    "part": "11",
                    "replacement-node": 366,
                    "expression-node": 367,
                    "template-line-number": 1459,
                    "node-pos": 585
                },
                {
                    "name": "OtherFundsLineItems",
                    "part": "2",
                    "replacement-node": 339,
                    "expression-node": 340,
                    "template-line-number": 1414,
                    "node-pos": 549
                },
                {
                    "name": "OtherFundsLineItems",
                    "part": "3",
                    "replacement-node": 342,
                    "expression-node": 343,
                    "template-line-number": 1419,
                    "node-pos": 553
                },
                {
                    "name": "OtherFundsLineItems",
                    "part": "4",
                    "replacement-node": 345,
                    "expression-node": 346,
                    "template-line-number": 1424,
                    "node-pos": 557
                },
                {
                    "name": "OtherFundsLineItems",
                    "part": "5",
                    "replacement-node": 348,
                    "expression-node": 349,
                    "template-line-number": 1429,
                    "node-pos": 561
                },
                {
                    "name": "OtherFundsLineItems",
                    "part": "6",
                    "replacement-node": 351,
                    "expression-node": 352,
                    "template-line-number": 1434,
                    "node-pos": 565
                },
                {
                    "name": "OtherFundsLineItems",
                    "part": "7",
                    "replacement-node": 354,
                    "expression-node": 355,
                    "template-line-number": 1439,
                    "node-pos": 569
                },
                {
                    "name": "OtherFundsLineItems",
                    "part": "8",
                    "replacement-node": 357,
                    "expression-node": 358,
                    "template-line-number": 1444,
                    "node-pos": 573
                },
                {
                    "name": "OtherFundsLineItems",
                    "part": "9",
                    "replacement-node": 360,
                    "expression-node": 361,
                    "template-line-number": 1449,
                    "node-pos": 577
                }
            ]
        },
        "rule-66": {
            "name": "HistoricalDataLineItems",
            "subs": [
                {
                    "name": "HistoricalDataLineItems",
                    "part": "10",
                    "replacement-node": 414,
                    "expression-node": 415,
                    "template-line-number": 1630,
                    "node-pos": 654
                },
                {
                    "name": "HistoricalDataLineItems",
                    "part": "11",
                    "replacement-node": 417,
                    "expression-node": 418,
                    "template-line-number": 1635,
                    "node-pos": 658
                },
                {
                    "name": "HistoricalDataLineItems",
                    "part": "2",
                    "replacement-node": 390,
                    "expression-node": 391,
                    "template-line-number": 1590,
                    "node-pos": 622
                },
                {
                    "name": "HistoricalDataLineItems",
                    "part": "3",
                    "replacement-node": 393,
                    "expression-node": 394,
                    "template-line-number": 1595,
                    "node-pos": 626
                },
                {
                    "name": "HistoricalDataLineItems",
                    "part": "4",
                    "replacement-node": 396,
                    "expression-node": 397,
                    "template-line-number": 1600,
                    "node-pos": 630
                },
                {
                    "name": "HistoricalDataLineItems",
                    "part": "5",
                    "replacement-node": 399,
                    "expression-node": 400,
                    "template-line-number": 1605,
                    "node-pos": 634
                },
                {
                    "name": "HistoricalDataLineItems",
                    "part": "6",
                    "replacement-node": 402,
                    "expression-node": 403,
                    "template-line-number": 1610,
                    "node-pos": 638
                },
                {
                    "name": "HistoricalDataLineItems",
                    "part": "7",
                    "replacement-node": 405,
                    "expression-node": 406,
                    "template-line-number": 1615,
                    "node-pos": 642
                },
                {
                    "name": "HistoricalDataLineItems",
                    "part": "8",
                    "replacement-node": 408,
                    "expression-node": 409,
                    "template-line-number": 1620,
                    "node-pos": 646
                },
                {
                    "name": "HistoricalDataLineItems",
                    "part": "9",
                    "replacement-node": 411,
                    "expression-node": 412,
                    "template-line-number": 1625,
                    "node-pos": 650
                }
            ]
        },
        "rule-67": {
            "name": "BondInvestmentsLineItems",
            "subs": [
                {
                    "name": "BondInvestmentsLineItems",
                    "part": "10",
                    "replacement-node": 128,
                    "expression-node": 129,
                    "template-line-number": 516,
                    "node-pos": 230
                },
                {
                    "name": "BondInvestmentsLineItems",
                    "part": "11",
                    "replacement-node": 131,
                    "expression-node": 132,
                    "template-line-number": 521,
                    "node-pos": 234
                },
                {
                    "name": "BondInvestmentsLineItems",
                    "part": "2",
                    "replacement-node": 104,
                    "expression-node": 105,
                    "template-line-number": 476,
                    "node-pos": 198
                },
                {
                    "name": "BondInvestmentsLineItems",
                    "part": "3",
                    "replacement-node": 107,
                    "expression-node": 108,
                    "template-line-number": 481,
                    "node-pos": 202
                },
                {
                    "name": "BondInvestmentsLineItems",
                    "part": "4",
                    "replacement-node": 110,
                    "expression-node": 111,
                    "template-line-number": 486,
                    "node-pos": 206
                },
                {
                    "name": "BondInvestmentsLineItems",
                    "part": "5",
                    "replacement-node": 113,
                    "expression-node": 114,
                    "template-line-number": 491,
                    "node-pos": 210
                },
                {
                    "name": "BondInvestmentsLineItems",
                    "part": "6",
                    "replacement-node": 116,
                    "expression-node": 117,
                    "template-line-number": 496,
                    "node-pos": 214
                },
                {
                    "name": "BondInvestmentsLineItems",
                    "part": "7",
                    "replacement-node": 119,
                    "expression-node": 120,
                    "template-line-number": 501,
                    "node-pos": 218
                },
                {
                    "name": "BondInvestmentsLineItems",
                    "part": "8",
                    "replacement-node": 122,
                    "expression-node": 123,
                    "template-line-number": 506,
                    "node-pos": 222
                },
                {
                    "name": "BondInvestmentsLineItems",
                    "part": "9",
                    "replacement-node": 125,
                    "expression-node": 126,
                    "template-line-number": 511,
                    "node-pos": 226
                }
            ]
        },
        "rule-68": {
            "name": "InvestmentLineItems",
            "subs": [
                {
                    "name": "InvestmentLineItems",
                    "part": "10",
                    "replacement-node": 73,
                    "expression-node": 74,
                    "template-line-number": 302,
                    "node-pos": 148
                },
                {
                    "name": "InvestmentLineItems",
                    "part": "11",
                    "replacement-node": 76,
                    "expression-node": 77,
                    "template-line-number": 307,
                    "node-pos": 152
                },
                {
                    "name": "InvestmentLineItems",
                    "part": "2",
                    "replacement-node": 49,
                    "expression-node": 50,
                    "template-line-number": 262,
                    "node-pos": 116
                },
                {
                    "name": "InvestmentLineItems",
                    "part": "3",
                    "replacement-node": 52,
                    "expression-node": 53,
                    "template-line-number": 267,
                    "node-pos": 120
                },
                {
                    "name": "InvestmentLineItems",
                    "part": "4",
                    "replacement-node": 55,
                    "expression-node": 56,
                    "template-line-number": 272,
                    "node-pos": 124
                },
                {
                    "name": "InvestmentLineItems",
                    "part": "5",
                    "replacement-node": 58,
                    "expression-node": 59,
                    "template-line-number": 277,
                    "node-pos": 128
                },
                {
                    "name": "InvestmentLineItems",
                    "part": "6",
                    "replacement-node": 61,
                    "expression-node": 62,
                    "template-line-number": 282,
                    "node-pos": 132
                },
                {
                    "name": "InvestmentLineItems",
                    "part": "7",
                    "replacement-node": 64,
                    "expression-node": 65,
                    "template-line-number": 287,
                    "node-pos": 136
                },
                {
                    "name": "InvestmentLineItems",
                    "part": "8",
                    "replacement-node": 67,
                    "expression-node": 68,
                    "template-line-number": 292,
                    "node-pos": 140
                },
                {
                    "name": "InvestmentLineItems",
                    "part": "9",
                    "replacement-node": 70,
                    "expression-node": 71,
                    "template-line-number": 297,
                    "node-pos": 144
                }
            ]
        },
        "rule-69": {
            "name": "InvestAdvancesLineItems",
            "subs": [
                {
                    "name": "InvestAdvancesLineItems",
                    "part": "10",
                    "replacement-node": 293,
                    "expression-node": 294,
                    "template-line-number": 1171,
                    "node-pos": 476
                },
                {
                    "name": "InvestAdvancesLineItems",
                    "part": "11",
                    "replacement-node": 296,
                    "expression-node": 297,
                    "template-line-number": 1176,
                    "node-pos": 480
                },
                {
                    "name": "InvestAdvancesLineItems",
                    "part": "2",
                    "replacement-node": 269,
                    "expression-node": 270,
                    "template-line-number": 1131,
                    "node-pos": 444
                },
                {
                    "name": "InvestAdvancesLineItems",
                    "part": "3",
                    "replacement-node": 272,
                    "expression-node": 273,
                    "template-line-number": 1136,
                    "node-pos": 448
                },
                {
                    "name": "InvestAdvancesLineItems",
                    "part": "4",
                    "replacement-node": 275,
                    "expression-node": 276,
                    "template-line-number": 1141,
                    "node-pos": 452
                },
                {
                    "name": "InvestAdvancesLineItems",
                    "part": "5",
                    "replacement-node": 278,
                    "expression-node": 279,
                    "template-line-number": 1146,
                    "node-pos": 456
                },
                {
                    "name": "InvestAdvancesLineItems",
                    "part": "6",
                    "replacement-node": 281,
                    "expression-node": 282,
                    "template-line-number": 1151,
                    "node-pos": 460
                },
                {
                    "name": "InvestAdvancesLineItems",
                    "part": "7",
                    "replacement-node": 284,
                    "expression-node": 285,
                    "template-line-number": 1156,
                    "node-pos": 464
                },
                {
                    "name": "InvestAdvancesLineItems",
                    "part": "8",
                    "replacement-node": 287,
                    "expression-node": 288,
                    "template-line-number": 1161,
                    "node-pos": 468
                },
                {
                    "name": "InvestAdvancesLineItems",
                    "part": "9",
                    "replacement-node": 290,
                    "expression-node": 291,
                    "template-line-number": 1166,
                    "node-pos": 472
                }
            ]
        },
        "rule-70": {
            "name": "OtherSecuredObligationsLineItems",
            "subs": [
                {
                    "name": "OtherSecuredObligationsLineItems",
                    "part": "10",
                    "replacement-node": 183,
                    "expression-node": 184,
                    "template-line-number": 728,
                    "node-pos": 312
                },
                {
                    "name": "OtherSecuredObligationsLineItems",
                    "part": "11",
                    "replacement-node": 186,
                    "expression-node": 187,
                    "template-line-number": 733,
                    "node-pos": 316
                },
                {
                    "name": "OtherSecuredObligationsLineItems",
                    "part": "2",
                    "replacement-node": 159,
                    "expression-node": 160,
                    "template-line-number": 688,
                    "node-pos": 280
                },
                {
                    "name": "OtherSecuredObligationsLineItems",
                    "part": "3",
                    "replacement-node": 162,
                    "expression-node": 163,
                    "template-line-number": 693,
                    "node-pos": 284
                },
                {
                    "name": "OtherSecuredObligationsLineItems",
                    "part": "4",
                    "replacement-node": 165,
                    "expression-node": 166,
                    "template-line-number": 698,
                    "node-pos": 288
                },
                {
                    "name": "OtherSecuredObligationsLineItems",
                    "part": "5",
                    "replacement-node": 168,
                    "expression-node": 169,
                    "template-line-number": 703,
                    "node-pos": 292
                },
                {
                    "name": "OtherSecuredObligationsLineItems",
                    "part": "6",
                    "replacement-node": 171,
                    "expression-node": 172,
                    "template-line-number": 708,
                    "node-pos": 296
                },
                {
                    "name": "OtherSecuredObligationsLineItems",
                    "part": "7",
                    "replacement-node": 174,
                    "expression-node": 175,
                    "template-line-number": 713,
                    "node-pos": 300
                },
                {
                    "name": "OtherSecuredObligationsLineItems",
                    "part": "8",
                    "replacement-node": 177,
                    "expression-node": 178,
                    "template-line-number": 718,
                    "node-pos": 304
                },
                {
                    "name": "OtherSecuredObligationsLineItems",
                    "part": "9",
                    "replacement-node": 180,
                    "expression-node": 181,
                    "template-line-number": 723,
                    "node-pos": 308
                }
            ]
        }
    },
    "line-numbers": {
        "InvestmentLineItems": [
            {
                "line-number-node": 47,
                "start-number": 1,
                "template-line-number": 259
            }
        ],
        "BondInvestmentsLineItems": [
            {
                "line-number-node": 101,
                "start-rule": "rule-71",
                "template-line-number": 465
            }
        ],
        "OtherSecuredObligationsLineItems": [
            {
                "line-number-node": 156,
                "start-rule": "rule-72",
                "template-line-number": 673
            }
        ],
        "UnsecuredNotesLineItems": [
            {
                "line-number-node": 211,
                "start-rule": "rule-73",
                "template-line-number": 887
            }
        ],
        "InvestAdvancesLineItems": [
            {
                "line-number-node": 266,
                "start-rule": "rule-74",
                "template-line-number": 1109
            }
        ],
        "OtherFundsLineItems": [
            {
                "line-number-node": 336,
                "start-rule": "rule-75",
                "template-line-number": 1388
            }
        ],
        "HistoricalDataLineItems": [
            {
                "line-number-node": 388,
                "start-number": 1,
                "template-line-number": 1587
            }
        ]
    },
    "showifs": {
        "rule-1": {
            "type": "showif",
            "template-line-number": 18
        }
    },
    "footnotes": {},
    "standard-rules": [
        "rule-2",
        "rule-3",
        "rule-4",
        "rule-5",
        "rule-6",
        "rule-7",
        "rule-8",
        "rule-9",
        "rule-10",
        "rule-11",
        "rule-12",
        "rule-13",
        "rule-14",
        "rule-15",
        "rule-16",
        "rule-17",
        "rule-18",
        "rule-19",
        "rule-20",
        "rule-21",
        "rule-22",
        "rule-23",
        "rule-24",
        "rule-25",
        "rule-26",
        "rule-27",
        "rule-28",
        "rule-29",
        "rule-30",
        "rule-31",
        "rule-32",
        "rule-33",
        "rule-34",
        "rule-35",
        "rule-36",
        "rule-37",
        "rule-38",
        "rule-39",
        "rule-40",
        "rule-41",
        "rule-42",
        "rule-43",
        "rule-44",
        "rule-45",
        "rule-46",
        "rule-47",
        "rule-48",
        "rule-49",
        "rule-50",
        "rule-51",
        "rule-52",
        "rule-53",
        "rule-54",
        "rule-55",
        "rule-56",
        "rule-57",
        "rule-58",
        "rule-59",
        "rule-60",
        "rule-61",
        "rule-62",
        "rule-63",
        "rule-64",
        "rule-65",
        "rule-66",
        "rule-67",
        "rule-68",
        "rule-69",
        "rule-70"
    ],
    "footnote-rules": []
}