{
    "substitutions": {
        "rule-2": [
            {
                "part": null,
                "replacement-node": 1,
                "template-line-number": 27,
                "node-pos": 10
            }
        ],
        "rule-3": [
            {
                "part": null,
                "replacement-node": 4,
                "expression-node": 5,
                "template-line-number": 31,
                "node-pos": 14
            }
        ],
        "rule-4": [
            {
                "part": null,
                "replacement-node": 7,
                "template-line-number": 37,
                "node-pos": 18
            }
        ],
        "rule-5": [
            {
                "part": null,
                "replacement-node": 10,
                "template-line-number": 43,
                "node-pos": 22,
                "html": true
            }
        ],
        "rule-6": [
            {
                "part": null,
                "replacement-node": 13,
                "template-line-number": 55,
                "node-pos": 27,
                "html": true
            }
        ],
        "rule-7": [
            {
                "part": null,
                "replacement-node": 16,
                "template-line-number": 66,
                "node-pos": 32
            }
        ],
        "rule-8": [
            {
                "part": null,
                "replacement-node": 19,
                "expression-node": 20,
                "template-line-number": 70,
                "node-pos": 36
            }
        ],
        "rule-9": [
            {
                "part": null,
                "replacement-node": 22,
                "template-line-number": 75,
                "node-pos": 40
            }
        ],
        "rule-10": [
            {
                "part": null,
                "replacement-node": 25,
                "expression-node": 26,
                "template-line-number": 79,
                "node-pos": 44
            }
        ],
        "rule-11": [
            {
                "part": null,
                "replacement-node": 28,
                "expression-node": 29,
                "template-line-number": 84,
                "node-pos": 48
            }
        ],
        "rule-12": [
            {
                "part": null,
                "replacement-node": 31,
                "template-line-number": 94,
                "node-pos": 54
            }
        ],
        "rule-13": [
            {
                "part": null,
                "replacement-node": 34,
                "template-line-number": 105,
                "node-pos": 59,
                "html": true
            }
        ],
        "rule-14": [
            {
                "part": null,
                "replacement-node": 71,
                "template-line-number": 267,
                "node-pos": 129
            }
        ],
        "rule-15": [
            {
                "part": null,
                "replacement-node": 123,
                "expression-node": 124,
                "template-line-number": 501,
                "node-pos": 211
            }
        ],
        "rule-16": [
            {
                "part": null,
                "replacement-node": 126,
                "template-line-number": 506,
                "node-pos": 215
            }
        ],
        "rule-17": [
            {
                "part": null,
                "replacement-node": 129,
                "template-line-number": 515,
                "node-pos": 219
            }
        ],
        "rule-18": {
            "name": "RequiredDebt",
            "subs": [
                {
                    "name": "RequiredDebt",
                    "part": "1",
                    "replacement-node": 99,
                    "template-line-number": 400,
                    "extras": {},
                    "node-pos": 175
                }
            ]
        },
        "rule-19": {
            "name": "AmortizedLossLineItems",
            "subs": [
                {
                    "name": "AmortizedLossLineItems",
                    "part": "2",
                    "replacement-node": 50,
                    "expression-node": 51,
                    "template-line-number": 229,
                    "node-pos": 100
                },
                {
                    "name": "AmortizedLossLineItems",
                    "part": "3",
                    "replacement-node": 53,
                    "expression-node": 54,
                    "template-line-number": 234,
                    "node-pos": 104
                },
                {
                    "name": "AmortizedLossLineItems",
                    "part": "4",
                    "replacement-node": 56,
                    "expression-node": 57,
                    "template-line-number": 239,
                    "node-pos": 108
                },
                {
                    "name": "AmortizedLossLineItems",
                    "part": "5",
                    "replacement-node": 59,
                    "expression-node": 60,
                    "template-line-number": 244,
                    "node-pos": 112
                },
                {
                    "name": "AmortizedLossLineItems",
                    "part": "6",
                    "replacement-node": 62,
                    "expression-node": 63,
                    "template-line-number": 249,
                    "node-pos": 116
                },
                {
                    "name": "AmortizedLossLineItems",
                    "part": "7",
                    "replacement-node": 65,
                    "expression-node": 66,
                    "template-line-number": 254,
                    "node-pos": 120
                },
                {
                    "name": "AmortizedLossLineItems",
                    "part": "8",
                    "replacement-node": 68,
                    "expression-node": 69,
                    "template-line-number": 259,
                    "node-pos": 124
                }
            ]
        },
        "rule-20": {
            "name": "ColumnHeadings",
            "subs": [
                {
                    "name": "ColumnHeadings",
                    "part": "1",
                    "replacement-node": 40,
                    "template-line-number": 141,
                    "extras": {},
                    "node-pos": 77,
                    "html": true
                },
                {
                    "name": "ColumnHeadings",
                    "part": "2",
                    "replacement-node": 43,
                    "template-line-number": 150,
                    "extras": {},
                    "node-pos": 81
                },
                {
                    "name": "ColumnHeadings",
                    "part": "3",
                    "replacement-node": 38,
                    "template-line-number": 137,
                    "extras": {},
                    "node-pos": 75
                }
            ]
        },
        "rule-21": {
            "name": "AmortizedGainLineItems",
            "subs": [
                {
                    "name": "AmortizedGainLineItems",
                    "part": "2",
                    "replacement-node": 77,
                    "expression-node": 78,
                    "template-line-number": 352,
                    "node-pos": 145
                },
                {
                    "name": "AmortizedGainLineItems",
                    "part": "3",
                    "replacement-node": 80,
                    "expression-node": 81,
                    "template-line-number": 357,
                    "node-pos": 149
                },
                {
                    "name": "AmortizedGainLineItems",
                    "part": "4",
                    "replacement-node": 83,
                    "expression-node": 84,
                    "template-line-number": 362,
                    "node-pos": 153
                },
                {
                    "name": "AmortizedGainLineItems",
                    "part": "5",
                    "replacement-node": 86,
                    "expression-node": 87,
                    "template-line-number": 367,
                    "node-pos": 157
                },
                {
                    "name": "AmortizedGainLineItems",
                    "part": "6",
                    "replacement-node": 89,
                    "expression-node": 90,
                    "template-line-number": 372,
                    "node-pos": 161
                },
                {
                    "name": "AmortizedGainLineItems",
                    "part": "7",
                    "replacement-node": 92,
                    "expression-node": 93,
                    "template-line-number": 377,
                    "node-pos": 165
                },
                {
                    "name": "AmortizedGainLineItems",
                    "part": "8",
                    "replacement-node": 95,
                    "expression-node": 96,
                    "template-line-number": 382,
                    "node-pos": 169
                }
            ]
        },
        "rule-22": {
            "name": "RequiredDebtLineItems",
            "subs": [
                {
                    "name": "RequiredDebtLineItems",
                    "part": "2",
                    "replacement-node": 105,
                    "expression-node": 106,
                    "template-line-number": 464,
                    "node-pos": 184
                },
                {
                    "name": "RequiredDebtLineItems",
                    "part": "3",
                    "replacement-node": 108,
                    "expression-node": 109,
                    "template-line-number": 470,
                    "node-pos": 189
                },
                {
                    "name": "RequiredDebtLineItems",
                    "part": "4",
                    "replacement-node": 111,
                    "expression-node": 112,
                    "template-line-number": 475,
                    "node-pos": 193
                },
                {
                    "name": "RequiredDebtLineItems",
                    "part": "5",
                    "replacement-node": 114,
                    "expression-node": 115,
                    "template-line-number": 480,
                    "node-pos": 197
                },
                {
                    "name": "RequiredDebtLineItems",
                    "part": "6",
                    "replacement-node": 117,
                    "expression-node": 118,
                    "template-line-number": 485,
                    "node-pos": 201
                },
                {
                    "name": "RequiredDebtLineItems",
                    "part": "7",
                    "replacement-node": 120,
                    "expression-node": 121,
                    "template-line-number": 490,
                    "node-pos": 205
                }
            ]
        }
    },
    "line-numbers": {
        "AmortizedLossLineItems": [
            {
                "line-number-node": 47,
                "start-number": 2,
                "template-line-number": 226
            }
        ],
        "AmortizedGainLineItems": [
            {
                "line-number-node": 74,
                "start-rule": "rule-23",
                "template-line-number": 341
            }
        ],
        "RequiredDebtLineItems": [
            {
                "line-number-node": 102,
                "start-number": 9,
                "template-line-number": 461
            }
        ]
    },
    "showifs": {
        "rule-1": {
            "type": "showif",
            "template-line-number": 17
        }
    },
    "footnotes": {},
    "standard-rules": [
        "rule-2",
        "rule-3",
        "rule-4",
        "rule-5",
        "rule-6",
        "rule-7",
        "rule-8",
        "rule-9",
        "rule-10",
        "rule-11",
        "rule-12",
        "rule-13",
        "rule-14",
        "rule-15",
        "rule-16",
        "rule-17",
        "rule-18",
        "rule-19",
        "rule-20",
        "rule-21",
        "rule-22"
    ],
    "footnote-rules": []
}