{
    "substitutions": {
        "rule-1": [
            {
                "part": null,
                "replacement-node": 0,
                "template-line-number": 21,
                "node-pos": 9
            }
        ],
        "rule-2": [
            {
                "part": null,
                "replacement-node": 3,
                "expression-node": 4,
                "template-line-number": 25,
                "node-pos": 13
            }
        ],
        "rule-3": [
            {
                "part": null,
                "replacement-node": 6,
                "template-line-number": 31,
                "node-pos": 17
            }
        ],
        "rule-4": [
            {
                "part": null,
                "replacement-node": 9,
                "template-line-number": 37,
                "node-pos": 21,
                "html": true
            }
        ],
        "rule-5": [
            {
                "part": null,
                "replacement-node": 12,
                "template-line-number": 49,
                "node-pos": 26,
                "html": true
            }
        ],
        "rule-6": [
            {
                "part": null,
                "replacement-node": 15,
                "template-line-number": 60,
                "node-pos": 31
            }
        ],
        "rule-7": [
            {
                "part": null,
                "replacement-node": 18,
                "expression-node": 19,
                "template-line-number": 64,
                "node-pos": 35
            }
        ],
        "rule-8": [
            {
                "part": null,
                "replacement-node": 21,
                "template-line-number": 69,
                "node-pos": 39
            }
        ],
        "rule-9": [
            {
                "part": null,
                "replacement-node": 24,
                "expression-node": 25,
                "template-line-number": 73,
                "node-pos": 43
            }
        ],
        "rule-10": [
            {
                "part": null,
                "replacement-node": 27,
                "expression-node": 28,
                "template-line-number": 78,
                "node-pos": 47
            }
        ],
        "rule-11": [
            {
                "part": null,
                "replacement-node": 30,
                "template-line-number": 89,
                "node-pos": 53
            }
        ],
        "rule-12": [
            {
                "part": null,
                "replacement-node": 33,
                "template-line-number": 101,
                "node-pos": 58,
                "html": true
            }
        ],
        "rule-13": [
            {
                "part": null,
                "replacement-node": 72,
                "template-line-number": 271,
                "node-pos": 126
            }
        ],
        "rule-14": [
            {
                "part": null,
                "replacement-node": 75,
                "expression-node": 76,
                "template-line-number": 281,
                "node-pos": 130
            }
        ],
        "rule-15": [
            {
                "part": null,
                "replacement-node": 78,
                "expression-node": 79,
                "template-line-number": 291,
                "node-pos": 136
            }
        ],
        "rule-16": [
            {
                "part": null,
                "replacement-node": 81,
                "expression-node": 82,
                "template-line-number": 300,
                "node-pos": 140
            }
        ],
        "rule-17": [
            {
                "part": null,
                "replacement-node": 84,
                "expression-node": 85,
                "template-line-number": 309,
                "node-pos": 144
            }
        ],
        "rule-18": [
            {
                "part": null,
                "replacement-node": 87,
                "expression-node": 88,
                "template-line-number": 318,
                "node-pos": 148
            }
        ],
        "rule-19": [
            {
                "part": null,
                "replacement-node": 90,
                "expression-node": 91,
                "template-line-number": 327,
                "node-pos": 152
            }
        ],
        "rule-20": [
            {
                "part": null,
                "replacement-node": 93,
                "expression-node": 94,
                "template-line-number": 340,
                "node-pos": 158
            }
        ],
        "rule-21": [
            {
                "part": null,
                "replacement-node": 96,
                "template-line-number": 345,
                "node-pos": 162
            }
        ],
        "rule-22": [
            {
                "part": null,
                "replacement-node": 99,
                "template-line-number": 354,
                "node-pos": 166
            }
        ],
        "rule-23": {
            "name": "ColumnHeadings",
            "subs": [
                {
                    "name": "ColumnHeadings",
                    "part": "1",
                    "replacement-node": 39,
                    "template-line-number": 147,
                    "extras": {},
                    "node-pos": 79
                },
                {
                    "name": "ColumnHeadings",
                    "part": "2",
                    "replacement-node": 42,
                    "template-line-number": 155,
                    "extras": {},
                    "node-pos": 83
                },
                {
                    "name": "ColumnHeadings",
                    "part": "3",
                    "replacement-node": 37,
                    "template-line-number": 143,
                    "extras": {},
                    "node-pos": 77
                }
            ]
        },
        "rule-24": {
            "name": "InvestmentInSubsidiary",
            "subs": [
                {
                    "name": "InvestmentInSubsidiary",
                    "part": "2",
                    "replacement-node": 48,
                    "expression-node": 49,
                    "template-line-number": 226,
                    "node-pos": 92
                },
                {
                    "name": "InvestmentInSubsidiary",
                    "part": "3",
                    "replacement-node": 51,
                    "expression-node": 52,
                    "template-line-number": 231,
                    "node-pos": 96
                },
                {
                    "name": "InvestmentInSubsidiary",
                    "part": "4",
                    "replacement-node": 54,
                    "expression-node": 55,
                    "template-line-number": 236,
                    "node-pos": 100
                },
                {
                    "name": "InvestmentInSubsidiary",
                    "part": "5",
                    "replacement-node": 57,
                    "expression-node": 58,
                    "template-line-number": 241,
                    "node-pos": 104
                },
                {
                    "name": "InvestmentInSubsidiary",
                    "part": "6",
                    "replacement-node": 60,
                    "expression-node": 61,
                    "template-line-number": 246,
                    "node-pos": 108
                },
                {
                    "name": "InvestmentInSubsidiary",
                    "part": "7",
                    "replacement-node": 63,
                    "expression-node": 64,
                    "template-line-number": 251,
                    "node-pos": 112
                },
                {
                    "name": "InvestmentInSubsidiary",
                    "part": "8",
                    "replacement-node": 66,
                    "expression-node": 67,
                    "template-line-number": 256,
                    "node-pos": 116
                },
                {
                    "name": "InvestmentInSubsidiary",
                    "part": "9",
                    "replacement-node": 69,
                    "expression-node": 70,
                    "template-line-number": 261,
                    "node-pos": 120
                }
            ]
        }
    },
    "line-numbers": {
        "InvestmentInSubsidiary": [
            {
                "line-number-node": 46,
                "start-number": 1,
                "template-line-number": 223
            }
        ]
    },
    "showifs": {},
    "footnotes": {},
    "standard-rules": [
        "rule-1",
        "rule-2",
        "rule-3",
        "rule-4",
        "rule-5",
        "rule-6",
        "rule-7",
        "rule-8",
        "rule-9",
        "rule-10",
        "rule-11",
        "rule-12",
        "rule-13",
        "rule-14",
        "rule-15",
        "rule-16",
        "rule-17",
        "rule-18",
        "rule-19",
        "rule-20",
        "rule-21",
        "rule-22",
        "rule-23",
        "rule-24"
    ],
    "footnote-rules": []
}