{
    "substitutions": {
        "rule-2": [
            {
                "part": null,
                "replacement-node": 1,
                "template-line-number": 27,
                "node-pos": 10
            }
        ],
        "rule-3": [
            {
                "part": null,
                "replacement-node": 4,
                "expression-node": 5,
                "template-line-number": 32,
                "node-pos": 15
            }
        ],
        "rule-4": [
            {
                "part": null,
                "replacement-node": 7,
                "template-line-number": 38,
                "node-pos": 19
            }
        ],
        "rule-5": [
            {
                "part": null,
                "replacement-node": 10,
                "template-line-number": 44,
                "node-pos": 23,
                "html": true
            }
        ],
        "rule-6": [
            {
                "part": null,
                "replacement-node": 13,
                "template-line-number": 56,
                "node-pos": 28,
                "html": true
            }
        ],
        "rule-7": [
            {
                "part": null,
                "replacement-node": 16,
                "template-line-number": 67,
                "node-pos": 33
            }
        ],
        "rule-8": [
            {
                "part": null,
                "replacement-node": 19,
                "expression-node": 20,
                "template-line-number": 72,
                "node-pos": 38
            }
        ],
        "rule-9": [
            {
                "part": null,
                "replacement-node": 22,
                "template-line-number": 77,
                "node-pos": 42
            }
        ],
        "rule-10": [
            {
                "part": null,
                "replacement-node": 25,
                "expression-node": 26,
                "template-line-number": 82,
                "node-pos": 47
            }
        ],
        "rule-11": [
            {
                "part": null,
                "replacement-node": 28,
                "expression-node": 29,
                "template-line-number": 87,
                "node-pos": 51
            }
        ],
        "rule-12": [
            {
                "part": null,
                "replacement-node": 31,
                "template-line-number": 97,
                "node-pos": 57
            }
        ],
        "rule-13": [
            {
                "part": null,
                "replacement-node": 34,
                "template-line-number": 108,
                "node-pos": 62,
                "html": true
            }
        ],
        "rule-14": [
            {
                "part": null,
                "replacement-node": 66,
                "template-line-number": 223,
                "node-pos": 112
            }
        ],
        "rule-15": [
            {
                "part": null,
                "replacement-node": 69,
                "expression-node": 70,
                "template-line-number": 235,
                "node-pos": 117
            }
        ],
        "rule-16": [
            {
                "part": null,
                "replacement-node": 72,
                "expression-node": 73,
                "template-line-number": 244,
                "node-pos": 121
            }
        ],
        "rule-17": [
            {
                "part": null,
                "replacement-node": 75,
                "expression-node": 76,
                "template-line-number": 253,
                "node-pos": 125
            }
        ],
        "rule-18": [
            {
                "part": null,
                "replacement-node": 78,
                "expression-node": 79,
                "template-line-number": 262,
                "node-pos": 129
            }
        ],
        "rule-19": [
            {
                "part": null,
                "replacement-node": 81,
                "expression-node": 82,
                "template-line-number": 271,
                "node-pos": 133
            }
        ],
        "rule-20": [
            {
                "part": null,
                "replacement-node": 84,
                "expression-node": 85,
                "template-line-number": 284,
                "node-pos": 139
            }
        ],
        "rule-21": [
            {
                "part": null,
                "replacement-node": 87,
                "template-line-number": 289,
                "node-pos": 143
            }
        ],
        "rule-22": [
            {
                "part": null,
                "replacement-node": 90,
                "template-line-number": 298,
                "node-pos": 147
            }
        ],
        "rule-23": {
            "name": "AmortizationHeadings",
            "subs": [
                {
                    "name": "AmortizationHeadings",
                    "part": "1",
                    "replacement-node": 38,
                    "template-line-number": 133,
                    "extras": {},
                    "node-pos": 72
                },
                {
                    "name": "AmortizationHeadings",
                    "part": "2",
                    "replacement-node": 41,
                    "template-line-number": 140,
                    "extras": {},
                    "node-pos": 76
                }
            ]
        },
        "rule-24": {
            "name": "AmortizationLineItems",
            "subs": [
                {
                    "name": "AmortizationLineItems",
                    "part": "2",
                    "replacement-node": 48,
                    "template-line-number": 186,
                    "extras": {},
                    "node-pos": 86
                },
                {
                    "name": "AmortizationLineItems",
                    "part": "3",
                    "replacement-node": 45,
                    "template-line-number": 182,
                    "extras": {},
                    "node-pos": 82
                },
                {
                    "name": "AmortizationLineItems",
                    "part": "4",
                    "replacement-node": 51,
                    "expression-node": 52,
                    "template-line-number": 192,
                    "node-pos": 90
                },
                {
                    "name": "AmortizationLineItems",
                    "part": "5",
                    "replacement-node": 54,
                    "expression-node": 55,
                    "template-line-number": 197,
                    "node-pos": 94
                },
                {
                    "name": "AmortizationLineItems",
                    "part": "6",
                    "replacement-node": 57,
                    "expression-node": 58,
                    "template-line-number": 202,
                    "node-pos": 98
                },
                {
                    "name": "AmortizationLineItems",
                    "part": "7",
                    "replacement-node": 60,
                    "expression-node": 61,
                    "template-line-number": 207,
                    "node-pos": 102
                },
                {
                    "name": "AmortizationLineItems",
                    "part": "8",
                    "replacement-node": 63,
                    "expression-node": 64,
                    "template-line-number": 212,
                    "node-pos": 106
                }
            ]
        }
    },
    "line-numbers": {},
    "showifs": {
        "rule-1": {
            "type": "showif",
            "template-line-number": 17
        }
    },
    "footnotes": {},
    "standard-rules": [
        "rule-2",
        "rule-3",
        "rule-4",
        "rule-5",
        "rule-6",
        "rule-7",
        "rule-8",
        "rule-9",
        "rule-10",
        "rule-11",
        "rule-12",
        "rule-13",
        "rule-14",
        "rule-15",
        "rule-16",
        "rule-17",
        "rule-18",
        "rule-19",
        "rule-20",
        "rule-21",
        "rule-22",
        "rule-23",
        "rule-24"
    ],
    "footnote-rules": []
}