{
    "substitutions": {
        "rule-2": [
            {
                "part": null,
                "replacement-node": 1,
                "template-line-number": 31,
                "node-pos": 10
            }
        ],
        "rule-3": [
            {
                "part": null,
                "replacement-node": 4,
                "expression-node": 5,
                "template-line-number": 36,
                "node-pos": 14
            }
        ],
        "rule-4": [
            {
                "part": null,
                "replacement-node": 7,
                "template-line-number": 42,
                "node-pos": 18
            }
        ],
        "rule-5": [
            {
                "part": null,
                "replacement-node": 10,
                "template-line-number": 48,
                "node-pos": 22,
                "html": true
            }
        ],
        "rule-6": [
            {
                "part": null,
                "replacement-node": 13,
                "template-line-number": 60,
                "node-pos": 27,
                "html": true
            }
        ],
        "rule-7": [
            {
                "part": null,
                "replacement-node": 16,
                "template-line-number": 71,
                "node-pos": 32
            }
        ],
        "rule-8": [
            {
                "part": null,
                "replacement-node": 19,
                "expression-node": 20,
                "template-line-number": 76,
                "node-pos": 36
            }
        ],
        "rule-9": [
            {
                "part": null,
                "replacement-node": 22,
                "template-line-number": 81,
                "node-pos": 40
            }
        ],
        "rule-10": [
            {
                "part": null,
                "replacement-node": 25,
                "expression-node": 26,
                "template-line-number": 86,
                "node-pos": 44
            }
        ],
        "rule-11": [
            {
                "part": null,
                "replacement-node": 28,
                "expression-node": 29,
                "template-line-number": 91,
                "node-pos": 48
            }
        ],
        "rule-12": [
            {
                "part": null,
                "replacement-node": 31,
                "template-line-number": 100,
                "node-pos": 54,
                "html": true
            }
        ],
        "rule-13": [
            {
                "part": null,
                "replacement-node": 34,
                "template-line-number": 111,
                "node-pos": 59,
                "html": true
            }
        ],
        "rule-14": [
            {
                "part": null,
                "replacement-node": 70,
                "expression-node": 71,
                "template-line-number": 384,
                "node-pos": 124
            }
        ],
        "rule-15": [
            {
                "part": null,
                "replacement-node": 73,
                "expression-node": 74,
                "template-line-number": 394,
                "node-pos": 131
            }
        ],
        "rule-16": [
            {
                "part": null,
                "replacement-node": 76,
                "expression-node": 77,
                "template-line-number": 406,
                "node-pos": 138
            }
        ],
        "rule-17": [
            {
                "part": null,
                "replacement-node": 79,
                "template-line-number": 411,
                "node-pos": 142
            }
        ],
        "rule-18": [
            {
                "part": null,
                "replacement-node": 82,
                "template-line-number": 420,
                "node-pos": 146
            }
        ],
        "rule-19": {
            "name": "ElectricOperatingRevenuesHeadings",
            "subs": [
                {
                    "name": "ElectricOperatingRevenuesHeadings",
                    "part": "1",
                    "replacement-node": 38,
                    "template-line-number": 144,
                    "extras": {},
                    "node-pos": 77
                },
                {
                    "name": "ElectricOperatingRevenuesHeadings",
                    "part": "2",
                    "replacement-node": 41,
                    "template-line-number": 151,
                    "extras": {},
                    "node-pos": 81
                }
            ]
        },
        "rule-20": {
            "name": "ElectricOperatingRevenuesLineItems",
            "subs": [
                {
                    "name": "ElectricOperatingRevenuesLineItems",
                    "part": "1",
                    "replacement-node": 49,
                    "expression-node": 50,
                    "template-line-number": 323,
                    "node-pos": 94
                },
                {
                    "name": "ElectricOperatingRevenuesLineItems",
                    "part": "2",
                    "replacement-node": 45,
                    "template-line-number": 309,
                    "extras": {},
                    "node-pos": 87
                },
                {
                    "name": "ElectricOperatingRevenuesLineItems",
                    "part": "2",
                    "replacement-node": 52,
                    "expression-node": 53,
                    "template-line-number": 332,
                    "node-pos": 98
                },
                {
                    "name": "ElectricOperatingRevenuesLineItems",
                    "part": "3",
                    "replacement-node": 55,
                    "expression-node": 56,
                    "template-line-number": 340,
                    "node-pos": 102
                },
                {
                    "name": "ElectricOperatingRevenuesLineItems",
                    "part": "4",
                    "replacement-node": 58,
                    "expression-node": 59,
                    "template-line-number": 348,
                    "node-pos": 106
                },
                {
                    "name": "ElectricOperatingRevenuesLineItems",
                    "part": "5",
                    "replacement-node": 61,
                    "expression-node": 62,
                    "template-line-number": 356,
                    "node-pos": 110
                },
                {
                    "name": "ElectricOperatingRevenuesLineItems",
                    "part": "6",
                    "replacement-node": 47,
                    "template-line-number": 318,
                    "extras": {},
                    "node-pos": 92
                },
                {
                    "name": "ElectricOperatingRevenuesLineItems",
                    "part": "6",
                    "replacement-node": 64,
                    "expression-node": 65,
                    "template-line-number": 364,
                    "node-pos": 114
                },
                {
                    "name": "ElectricOperatingRevenuesLineItems",
                    "part": "7",
                    "replacement-node": 67,
                    "expression-node": 68,
                    "template-line-number": 372,
                    "node-pos": 118
                }
            ]
        }
    },
    "line-numbers": {},
    "showifs": {
        "rule-1": {
            "type": "showif",
            "template-line-number": 18
        }
    },
    "footnotes": {},
    "standard-rules": [
        "rule-2",
        "rule-3",
        "rule-4",
        "rule-5",
        "rule-6",
        "rule-7",
        "rule-8",
        "rule-9",
        "rule-10",
        "rule-11",
        "rule-12",
        "rule-13",
        "rule-14",
        "rule-15",
        "rule-16",
        "rule-17",
        "rule-18",
        "rule-19",
        "rule-20"
    ],
    "footnote-rules": []
}