{
    "substitutions": {
        "rule-1": [
            {
                "part": null,
                "replacement-node": 0,
                "template-line-number": 23,
                "node-pos": 10
            }
        ],
        "rule-2": [
            {
                "part": null,
                "replacement-node": 3,
                "expression-node": 4,
                "template-line-number": 28,
                "node-pos": 14
            }
        ],
        "rule-3": [
            {
                "part": null,
                "replacement-node": 6,
                "template-line-number": 34,
                "node-pos": 18
            }
        ],
        "rule-4": [
            {
                "part": null,
                "replacement-node": 9,
                "template-line-number": 40,
                "node-pos": 22,
                "html": true
            }
        ],
        "rule-5": [
            {
                "part": null,
                "replacement-node": 12,
                "template-line-number": 52,
                "node-pos": 27,
                "html": true
            }
        ],
        "rule-6": [
            {
                "part": null,
                "replacement-node": 15,
                "template-line-number": 63,
                "node-pos": 32
            }
        ],
        "rule-7": [
            {
                "part": null,
                "replacement-node": 18,
                "expression-node": 19,
                "template-line-number": 68,
                "node-pos": 36
            }
        ],
        "rule-8": [
            {
                "part": null,
                "replacement-node": 21,
                "template-line-number": 73,
                "node-pos": 40
            }
        ],
        "rule-9": [
            {
                "part": null,
                "replacement-node": 24,
                "expression-node": 25,
                "template-line-number": 78,
                "node-pos": 44
            }
        ],
        "rule-10": [
            {
                "part": null,
                "replacement-node": 27,
                "expression-node": 28,
                "template-line-number": 83,
                "node-pos": 48
            }
        ],
        "rule-11": [
            {
                "part": null,
                "replacement-node": 30,
                "template-line-number": 93,
                "node-pos": 54
            }
        ],
        "rule-12": [
            {
                "part": null,
                "replacement-node": 33,
                "template-line-number": 104,
                "node-pos": 59,
                "html": true
            }
        ],
        "rule-13": [
            {
                "part": null,
                "replacement-node": 71,
                "expression-node": 72,
                "template-line-number": 297,
                "node-pos": 122
            }
        ],
        "rule-14": [
            {
                "part": null,
                "replacement-node": 74,
                "template-line-number": 303,
                "node-pos": 126
            }
        ],
        "rule-15": [
            {
                "part": null,
                "replacement-node": 77,
                "template-line-number": 312,
                "node-pos": 130
            }
        ],
        "rule-16": {
            "name": "ChargesLineItems",
            "subs": [
                {
                    "name": "ChargesLineItems",
                    "part": "1",
                    "replacement-node": 46,
                    "template-line-number": 200,
                    "extras": {},
                    "node-pos": 83
                },
                {
                    "name": "ChargesLineItems",
                    "part": "10",
                    "replacement-node": 64,
                    "expression-node": 65,
                    "template-line-number": 271,
                    "node-pos": 110
                },
                {
                    "name": "ChargesLineItems",
                    "part": "11",
                    "replacement-node": 66,
                    "expression-node": 67,
                    "template-line-number": 278,
                    "node-pos": 113
                },
                {
                    "name": "ChargesLineItems",
                    "part": "12",
                    "replacement-node": 68,
                    "expression-node": 69,
                    "template-line-number": 284,
                    "node-pos": 116
                },
                {
                    "name": "ChargesLineItems",
                    "part": "2",
                    "replacement-node": 48,
                    "template-line-number": 207,
                    "extras": {},
                    "node-pos": 86
                },
                {
                    "name": "ChargesLineItems",
                    "part": "3",
                    "replacement-node": 50,
                    "template-line-number": 215,
                    "extras": {},
                    "node-pos": 89
                },
                {
                    "name": "ChargesLineItems",
                    "part": "4",
                    "replacement-node": 52,
                    "expression-node": 53,
                    "template-line-number": 223,
                    "node-pos": 92
                },
                {
                    "name": "ChargesLineItems",
                    "part": "5",
                    "replacement-node": 54,
                    "expression-node": 55,
                    "template-line-number": 233,
                    "node-pos": 95
                },
                {
                    "name": "ChargesLineItems",
                    "part": "6",
                    "replacement-node": 56,
                    "expression-node": 57,
                    "template-line-number": 243,
                    "node-pos": 98
                },
                {
                    "name": "ChargesLineItems",
                    "part": "7",
                    "replacement-node": 58,
                    "expression-node": 59,
                    "template-line-number": 250,
                    "node-pos": 101
                },
                {
                    "name": "ChargesLineItems",
                    "part": "8",
                    "replacement-node": 60,
                    "expression-node": 61,
                    "template-line-number": 257,
                    "node-pos": 104
                },
                {
                    "name": "ChargesLineItems",
                    "part": "9",
                    "replacement-node": 62,
                    "expression-node": 63,
                    "template-line-number": 264,
                    "node-pos": 107
                }
            ]
        },
        "rule-17": {
            "name": "ScheduleAnalysisofChargesforServiceAssociateandNonAssociateCompanies",
            "subs": [
                {
                    "name": "ScheduleAnalysisofChargesforServiceAssociateandNonAssociateCompanies",
                    "part": "1",
                    "replacement-node": 39,
                    "template-line-number": 141,
                    "extras": {},
                    "node-pos": 73
                },
                {
                    "name": "ScheduleAnalysisofChargesforServiceAssociateandNonAssociateCompanies",
                    "part": "2",
                    "replacement-node": 42,
                    "template-line-number": 149,
                    "extras": {},
                    "node-pos": 77
                },
                {
                    "name": "ScheduleAnalysisofChargesforServiceAssociateandNonAssociateCompanies",
                    "part": "3",
                    "replacement-node": 37,
                    "template-line-number": 137,
                    "extras": {},
                    "node-pos": 71
                }
            ]
        }
    },
    "line-numbers": {},
    "showifs": {},
    "footnotes": {},
    "standard-rules": [
        "rule-1",
        "rule-2",
        "rule-3",
        "rule-4",
        "rule-5",
        "rule-6",
        "rule-7",
        "rule-8",
        "rule-9",
        "rule-10",
        "rule-11",
        "rule-12",
        "rule-13",
        "rule-14",
        "rule-15",
        "rule-16",
        "rule-17"
    ],
    "footnote-rules": []
}