{
    "substitutions": {
        "rule-1": [
            {
                "part": null,
                "replacement-node": 0,
                "template-line-number": 22,
                "node-pos": 9
            }
        ],
        "rule-2": [
            {
                "part": null,
                "replacement-node": 3,
                "expression-node": 4,
                "template-line-number": 27,
                "node-pos": 13
            }
        ],
        "rule-3": [
            {
                "part": null,
                "replacement-node": 6,
                "template-line-number": 33,
                "node-pos": 17
            }
        ],
        "rule-4": [
            {
                "part": null,
                "replacement-node": 9,
                "template-line-number": 39,
                "node-pos": 21,
                "html": true
            }
        ],
        "rule-5": [
            {
                "part": null,
                "replacement-node": 12,
                "template-line-number": 51,
                "node-pos": 26,
                "html": true
            }
        ],
        "rule-6": [
            {
                "part": null,
                "replacement-node": 15,
                "template-line-number": 62,
                "node-pos": 31
            }
        ],
        "rule-7": [
            {
                "part": null,
                "replacement-node": 18,
                "expression-node": 19,
                "template-line-number": 67,
                "node-pos": 35
            }
        ],
        "rule-8": [
            {
                "part": null,
                "replacement-node": 21,
                "template-line-number": 72,
                "node-pos": 39
            }
        ],
        "rule-9": [
            {
                "part": null,
                "replacement-node": 24,
                "expression-node": 25,
                "template-line-number": 77,
                "node-pos": 43
            }
        ],
        "rule-10": [
            {
                "part": null,
                "replacement-node": 27,
                "expression-node": 28,
                "template-line-number": 82,
                "node-pos": 47
            }
        ],
        "rule-11": [
            {
                "part": null,
                "replacement-node": 30,
                "template-line-number": 92,
                "node-pos": 53,
                "html": true
            }
        ],
        "rule-12": [
            {
                "part": null,
                "replacement-node": 33,
                "template-line-number": 104,
                "node-pos": 58,
                "html": true
            }
        ],
        "rule-13": [
            {
                "part": null,
                "replacement-node": 115,
                "expression-node": 116,
                "template-line-number": 483,
                "node-pos": 194
            }
        ],
        "rule-14": [
            {
                "part": null,
                "replacement-node": 118,
                "template-line-number": 490,
                "node-pos": 198
            }
        ],
        "rule-15": [
            {
                "part": null,
                "replacement-node": 121,
                "template-line-number": 500,
                "node-pos": 202
            }
        ],
        "rule-16": {
            "name": "ColumnHeadings",
            "subs": [
                {
                    "name": "ColumnHeadings",
                    "part": "1",
                    "replacement-node": 39,
                    "template-line-number": 156,
                    "extras": {},
                    "node-pos": 86
                },
                {
                    "name": "ColumnHeadings",
                    "part": "2",
                    "replacement-node": 42,
                    "template-line-number": 164,
                    "extras": {},
                    "node-pos": 90
                },
                {
                    "name": "ColumnHeadings",
                    "part": "3",
                    "replacement-node": 37,
                    "template-line-number": 152,
                    "extras": {},
                    "node-pos": 84
                }
            ]
        },
        "rule-17": {
            "name": "SubstationsTotal",
            "subs": [
                {
                    "name": "SubstationsTotal",
                    "part": "11",
                    "replacement-node": 109,
                    "expression-node": 110,
                    "template-line-number": 462,
                    "node-pos": 184
                },
                {
                    "name": "SubstationsTotal",
                    "part": "11",
                    "replacement-node": 112,
                    "expression-node": 113,
                    "template-line-number": 467,
                    "node-pos": 188
                },
                {
                    "name": "SubstationsTotal",
                    "part": "2",
                    "replacement-node": 87,
                    "expression-node": 88,
                    "template-line-number": 421,
                    "node-pos": 152
                },
                {
                    "name": "SubstationsTotal",
                    "part": "4",
                    "replacement-node": 91,
                    "expression-node": 92,
                    "template-line-number": 431,
                    "node-pos": 159
                },
                {
                    "name": "SubstationsTotal",
                    "part": "5",
                    "replacement-node": 94,
                    "expression-node": 95,
                    "template-line-number": 436,
                    "node-pos": 163
                },
                {
                    "name": "SubstationsTotal",
                    "part": "6",
                    "replacement-node": 97,
                    "expression-node": 98,
                    "template-line-number": 441,
                    "node-pos": 167
                },
                {
                    "name": "SubstationsTotal",
                    "part": "7",
                    "replacement-node": 100,
                    "expression-node": 101,
                    "template-line-number": 446,
                    "node-pos": 171
                },
                {
                    "name": "SubstationsTotal",
                    "part": "8",
                    "replacement-node": 103,
                    "expression-node": 104,
                    "template-line-number": 451,
                    "node-pos": 175
                },
                {
                    "name": "SubstationsTotal",
                    "part": "9",
                    "replacement-node": 106,
                    "expression-node": 107,
                    "template-line-number": 456,
                    "node-pos": 179
                }
            ]
        },
        "rule-18": {
            "name": "Substations",
            "subs": [
                {
                    "name": "Substations",
                    "part": "10",
                    "replacement-node": 75,
                    "expression-node": 76,
                    "template-line-number": 299,
                    "node-pos": 135
                },
                {
                    "name": "Substations",
                    "part": "11",
                    "replacement-node": 78,
                    "expression-node": 79,
                    "template-line-number": 304,
                    "node-pos": 139
                },
                {
                    "name": "Substations",
                    "part": "11",
                    "replacement-node": 81,
                    "expression-node": 82,
                    "template-line-number": 309,
                    "node-pos": 143
                },
                {
                    "name": "Substations",
                    "part": "2",
                    "replacement-node": 48,
                    "expression-node": 49,
                    "template-line-number": 254,
                    "node-pos": 99
                },
                {
                    "name": "Substations",
                    "part": "3",
                    "replacement-node": 51,
                    "expression-node": 52,
                    "template-line-number": 259,
                    "node-pos": 103
                },
                {
                    "name": "Substations",
                    "part": "3",
                    "replacement-node": 54,
                    "expression-node": 55,
                    "template-line-number": 264,
                    "node-pos": 107
                },
                {
                    "name": "Substations",
                    "part": "4",
                    "replacement-node": 57,
                    "expression-node": 58,
                    "template-line-number": 269,
                    "node-pos": 111
                },
                {
                    "name": "Substations",
                    "part": "5",
                    "replacement-node": 60,
                    "expression-node": 61,
                    "template-line-number": 274,
                    "node-pos": 115
                },
                {
                    "name": "Substations",
                    "part": "6",
                    "replacement-node": 63,
                    "expression-node": 64,
                    "template-line-number": 279,
                    "node-pos": 119
                },
                {
                    "name": "Substations",
                    "part": "7",
                    "replacement-node": 66,
                    "expression-node": 67,
                    "template-line-number": 284,
                    "node-pos": 123
                },
                {
                    "name": "Substations",
                    "part": "8",
                    "replacement-node": 69,
                    "expression-node": 70,
                    "template-line-number": 289,
                    "node-pos": 127
                },
                {
                    "name": "Substations",
                    "part": "9",
                    "replacement-node": 72,
                    "expression-node": 73,
                    "template-line-number": 294,
                    "node-pos": 131
                }
            ]
        }
    },
    "line-numbers": {
        "Substations": [
            {
                "line-number-node": 46,
                "start-number": 1,
                "template-line-number": 251
            }
        ],
        "SubstationsTotal": [
            {
                "line-number-node": 85,
                "start-rule": "rule-19",
                "template-line-number": 414
            }
        ]
    },
    "showifs": {},
    "footnotes": {},
    "standard-rules": [
        "rule-1",
        "rule-2",
        "rule-3",
        "rule-4",
        "rule-5",
        "rule-6",
        "rule-7",
        "rule-8",
        "rule-9",
        "rule-10",
        "rule-11",
        "rule-12",
        "rule-13",
        "rule-14",
        "rule-15",
        "rule-16",
        "rule-17",
        "rule-18"
    ],
    "footnote-rules": []
}