{
    "substitutions": {
        "rule-1": [
            {
                "part": null,
                "replacement-node": 0,
                "template-line-number": 22,
                "node-pos": 10
            }
        ],
        "rule-2": [
            {
                "part": null,
                "replacement-node": 3,
                "expression-node": 4,
                "template-line-number": 27,
                "node-pos": 14
            }
        ],
        "rule-3": [
            {
                "part": null,
                "replacement-node": 6,
                "template-line-number": 33,
                "node-pos": 18
            }
        ],
        "rule-4": [
            {
                "part": null,
                "replacement-node": 9,
                "template-line-number": 39,
                "node-pos": 22,
                "html": true
            }
        ],
        "rule-5": [
            {
                "part": null,
                "replacement-node": 12,
                "template-line-number": 51,
                "node-pos": 27,
                "html": true
            }
        ],
        "rule-6": [
            {
                "part": null,
                "replacement-node": 15,
                "template-line-number": 62,
                "node-pos": 32
            }
        ],
        "rule-7": [
            {
                "part": null,
                "replacement-node": 18,
                "expression-node": 19,
                "template-line-number": 67,
                "node-pos": 36
            }
        ],
        "rule-8": [
            {
                "part": null,
                "replacement-node": 21,
                "template-line-number": 72,
                "node-pos": 40
            }
        ],
        "rule-9": [
            {
                "part": null,
                "replacement-node": 24,
                "expression-node": 25,
                "template-line-number": 77,
                "node-pos": 44
            }
        ],
        "rule-10": [
            {
                "part": null,
                "replacement-node": 27,
                "expression-node": 28,
                "template-line-number": 82,
                "node-pos": 48
            }
        ],
        "rule-11": [
            {
                "part": null,
                "replacement-node": 30,
                "template-line-number": 93,
                "node-pos": 54
            }
        ],
        "rule-12": [
            {
                "part": null,
                "replacement-node": 33,
                "template-line-number": 104,
                "node-pos": 59,
                "html": true
            }
        ],
        "rule-13": [
            {
                "part": null,
                "replacement-node": 43,
                "template-line-number": 148,
                "node-pos": 80
            }
        ],
        "rule-14": [
            {
                "part": null,
                "replacement-node": 46,
                "template-line-number": 160,
                "node-pos": 85
            }
        ],
        "rule-15": [
            {
                "part": null,
                "replacement-node": 49,
                "template-line-number": 178,
                "node-pos": 95
            }
        ],
        "rule-16": [
            {
                "part": null,
                "replacement-node": 64,
                "template-line-number": 261,
                "node-pos": 123
            }
        ],
        "rule-17": [
            {
                "part": null,
                "replacement-node": 67,
                "expression-node": 68,
                "template-line-number": 273,
                "node-pos": 128
            }
        ],
        "rule-18": [
            {
                "part": null,
                "replacement-node": 70,
                "expression-node": 71,
                "template-line-number": 282,
                "node-pos": 132
            }
        ],
        "rule-19": [
            {
                "part": null,
                "replacement-node": 73,
                "template-line-number": 295,
                "node-pos": 138
            }
        ],
        "rule-20": [
            {
                "part": null,
                "replacement-node": 76,
                "template-line-number": 307,
                "node-pos": 143
            }
        ],
        "rule-21": [
            {
                "part": null,
                "replacement-node": 79,
                "template-line-number": 325,
                "node-pos": 153
            }
        ],
        "rule-22": [
            {
                "part": null,
                "replacement-node": 94,
                "template-line-number": 408,
                "node-pos": 181
            }
        ],
        "rule-23": [
            {
                "part": null,
                "replacement-node": 97,
                "expression-node": 98,
                "template-line-number": 421,
                "node-pos": 186
            }
        ],
        "rule-24": [
            {
                "part": null,
                "replacement-node": 100,
                "expression-node": 101,
                "template-line-number": 430,
                "node-pos": 190
            }
        ],
        "rule-25": [
            {
                "part": null,
                "replacement-node": 103,
                "template-line-number": 443,
                "node-pos": 196
            }
        ],
        "rule-26": [
            {
                "part": null,
                "replacement-node": 106,
                "template-line-number": 455,
                "node-pos": 201
            }
        ],
        "rule-27": [
            {
                "part": null,
                "replacement-node": 121,
                "template-line-number": 545,
                "node-pos": 235
            }
        ],
        "rule-28": [
            {
                "part": null,
                "replacement-node": 124,
                "expression-node": 125,
                "template-line-number": 558,
                "node-pos": 240
            }
        ],
        "rule-29": [
            {
                "part": null,
                "replacement-node": 127,
                "expression-node": 128,
                "template-line-number": 567,
                "node-pos": 244
            }
        ],
        "rule-30": [
            {
                "part": null,
                "replacement-node": 130,
                "template-line-number": 581,
                "node-pos": 251
            }
        ],
        "rule-31": [
            {
                "part": null,
                "replacement-node": 133,
                "expression-node": 134,
                "template-line-number": 594,
                "node-pos": 256
            }
        ],
        "rule-32": [
            {
                "part": null,
                "replacement-node": 136,
                "expression-node": 137,
                "template-line-number": 603,
                "node-pos": 260
            }
        ],
        "rule-33": [
            {
                "part": null,
                "replacement-node": 139,
                "expression-node": 140,
                "template-line-number": 617,
                "node-pos": 266
            }
        ],
        "rule-34": [
            {
                "part": null,
                "replacement-node": 142,
                "template-line-number": 623,
                "node-pos": 270
            }
        ],
        "rule-35": [
            {
                "part": null,
                "replacement-node": 145,
                "template-line-number": 632,
                "node-pos": 274
            }
        ],
        "rule-36": {
            "name": "ColumnHeadings",
            "subs": [
                {
                    "name": "ColumnHeadings",
                    "part": "1",
                    "replacement-node": 37,
                    "template-line-number": 130,
                    "extras": {},
                    "node-pos": 70
                },
                {
                    "name": "ColumnHeadings",
                    "part": "2",
                    "replacement-node": 40,
                    "template-line-number": 137,
                    "extras": {},
                    "node-pos": 74
                }
            ]
        },
        "rule-37": {
            "name": "Transactions",
            "subs": [
                {
                    "name": "Transactions",
                    "part": "2",
                    "replacement-node": 55,
                    "expression-node": 56,
                    "template-line-number": 239,
                    "node-pos": 108
                },
                {
                    "name": "Transactions",
                    "part": "3",
                    "replacement-node": 58,
                    "expression-node": 59,
                    "template-line-number": 244,
                    "node-pos": 112
                },
                {
                    "name": "Transactions",
                    "part": "4",
                    "replacement-node": 61,
                    "expression-node": 62,
                    "template-line-number": 249,
                    "node-pos": 116
                }
            ]
        },
        "rule-38": {
            "name": "Transactions2",
            "subs": [
                {
                    "name": "Transactions2",
                    "part": "2",
                    "replacement-node": 85,
                    "expression-node": 86,
                    "template-line-number": 385,
                    "node-pos": 166
                },
                {
                    "name": "Transactions2",
                    "part": "3",
                    "replacement-node": 88,
                    "expression-node": 89,
                    "template-line-number": 390,
                    "node-pos": 170
                },
                {
                    "name": "Transactions2",
                    "part": "4",
                    "replacement-node": 91,
                    "expression-node": 92,
                    "template-line-number": 395,
                    "node-pos": 174
                }
            ]
        },
        "rule-39": {
            "name": "Transactions3",
            "subs": [
                {
                    "name": "Transactions3",
                    "part": "2",
                    "replacement-node": 112,
                    "expression-node": 113,
                    "template-line-number": 522,
                    "node-pos": 220
                },
                {
                    "name": "Transactions3",
                    "part": "3",
                    "replacement-node": 115,
                    "expression-node": 116,
                    "template-line-number": 527,
                    "node-pos": 224
                },
                {
                    "name": "Transactions3",
                    "part": "4",
                    "replacement-node": 118,
                    "expression-node": 119,
                    "template-line-number": 532,
                    "node-pos": 228
                }
            ]
        }
    },
    "line-numbers": {
        "Transactions": [
            {
                "line-number-node": 53,
                "start-number": 3,
                "template-line-number": 234
            }
        ],
        "Transactions2": [
            {
                "line-number-node": 83,
                "start-number": 26,
                "template-line-number": 380
            }
        ],
        "Transactions3": [
            {
                "line-number-node": 110,
                "start-number": 43,
                "template-line-number": 517
            }
        ]
    },
    "showifs": {},
    "footnotes": {},
    "standard-rules": [
        "rule-1",
        "rule-2",
        "rule-3",
        "rule-4",
        "rule-5",
        "rule-6",
        "rule-7",
        "rule-8",
        "rule-9",
        "rule-10",
        "rule-11",
        "rule-12",
        "rule-13",
        "rule-14",
        "rule-15",
        "rule-16",
        "rule-17",
        "rule-18",
        "rule-19",
        "rule-20",
        "rule-21",
        "rule-22",
        "rule-23",
        "rule-24",
        "rule-25",
        "rule-26",
        "rule-27",
        "rule-28",
        "rule-29",
        "rule-30",
        "rule-31",
        "rule-32",
        "rule-33",
        "rule-34",
        "rule-35",
        "rule-36",
        "rule-37",
        "rule-38",
        "rule-39"
    ],
    "footnote-rules": []
}