{
    "substitutions": {
        "rule-2": [
            {
                "part": null,
                "replacement-node": 1,
                "template-line-number": 27,
                "node-pos": 10
            }
        ],
        "rule-3": [
            {
                "part": null,
                "replacement-node": 4,
                "expression-node": 5,
                "template-line-number": 31,
                "node-pos": 14
            }
        ],
        "rule-4": [
            {
                "part": null,
                "replacement-node": 7,
                "template-line-number": 37,
                "node-pos": 18
            }
        ],
        "rule-5": [
            {
                "part": null,
                "replacement-node": 10,
                "template-line-number": 43,
                "node-pos": 22,
                "html": true
            }
        ],
        "rule-6": [
            {
                "part": null,
                "replacement-node": 13,
                "template-line-number": 55,
                "node-pos": 27,
                "html": true
            }
        ],
        "rule-7": [
            {
                "part": null,
                "replacement-node": 16,
                "template-line-number": 66,
                "node-pos": 32
            }
        ],
        "rule-8": [
            {
                "part": null,
                "replacement-node": 19,
                "expression-node": 20,
                "template-line-number": 70,
                "node-pos": 36
            }
        ],
        "rule-9": [
            {
                "part": null,
                "replacement-node": 22,
                "template-line-number": 75,
                "node-pos": 40
            }
        ],
        "rule-10": [
            {
                "part": null,
                "replacement-node": 25,
                "expression-node": 26,
                "template-line-number": 79,
                "node-pos": 44
            }
        ],
        "rule-11": [
            {
                "part": null,
                "replacement-node": 28,
                "expression-node": 29,
                "template-line-number": 84,
                "node-pos": 48
            }
        ],
        "rule-12": [
            {
                "part": null,
                "replacement-node": 31,
                "template-line-number": 100,
                "node-pos": 56
            }
        ],
        "rule-13": [
            {
                "part": null,
                "replacement-node": 34,
                "template-line-number": 111,
                "node-pos": 61,
                "html": true
            }
        ],
        "rule-14": [
            {
                "part": null,
                "replacement-node": 71,
                "template-line-number": 310,
                "node-pos": 120
            }
        ],
        "rule-15": [
            {
                "part": null,
                "replacement-node": 74,
                "expression-node": 75,
                "template-line-number": 322,
                "node-pos": 125
            }
        ],
        "rule-16": [
            {
                "part": null,
                "replacement-node": 77,
                "expression-node": 78,
                "template-line-number": 331,
                "node-pos": 129
            }
        ],
        "rule-17": [
            {
                "part": null,
                "replacement-node": 80,
                "expression-node": 81,
                "template-line-number": 340,
                "node-pos": 133
            }
        ],
        "rule-18": [
            {
                "part": null,
                "replacement-node": 83,
                "expression-node": 84,
                "template-line-number": 350,
                "node-pos": 138
            }
        ],
        "rule-19": [
            {
                "part": null,
                "replacement-node": 86,
                "expression-node": 87,
                "template-line-number": 359,
                "node-pos": 142
            }
        ],
        "rule-20": [
            {
                "part": null,
                "replacement-node": 89,
                "expression-node": 90,
                "template-line-number": 372,
                "node-pos": 148
            }
        ],
        "rule-21": [
            {
                "part": null,
                "replacement-node": 92,
                "template-line-number": 377,
                "node-pos": 152
            }
        ],
        "rule-22": [
            {
                "part": null,
                "replacement-node": 95,
                "template-line-number": 386,
                "node-pos": 156
            }
        ],
        "rule-23": {
            "name": "ExtraOrdHeadings",
            "subs": [
                {
                    "name": "ExtraOrdHeadings",
                    "part": "1",
                    "replacement-node": 40,
                    "template-line-number": 144,
                    "extras": {},
                    "node-pos": 76
                },
                {
                    "name": "ExtraOrdHeadings",
                    "part": "2",
                    "replacement-node": 43,
                    "template-line-number": 153,
                    "extras": {},
                    "node-pos": 80
                },
                {
                    "name": "ExtraOrdHeadings",
                    "part": "3",
                    "replacement-node": 38,
                    "template-line-number": 140,
                    "extras": {},
                    "node-pos": 74
                }
            ]
        },
        "rule-24": {
            "name": "ExtraordinaryPropertyLosses",
            "subs": [
                {
                    "name": "ExtraordinaryPropertyLosses",
                    "part": "2",
                    "replacement-node": 50,
                    "expression-node": 51,
                    "template-line-number": 249,
                    "node-pos": 90
                },
                {
                    "name": "ExtraordinaryPropertyLosses",
                    "part": "3",
                    "replacement-node": 53,
                    "expression-node": 54,
                    "template-line-number": 257,
                    "node-pos": 94
                },
                {
                    "name": "ExtraordinaryPropertyLosses",
                    "part": "4",
                    "replacement-node": 56,
                    "expression-node": 57,
                    "template-line-number": 265,
                    "node-pos": 98
                },
                {
                    "name": "ExtraordinaryPropertyLosses",
                    "part": "5",
                    "replacement-node": 59,
                    "expression-node": 60,
                    "template-line-number": 273,
                    "node-pos": 102
                },
                {
                    "name": "ExtraordinaryPropertyLosses",
                    "part": "6",
                    "replacement-node": 62,
                    "expression-node": 63,
                    "template-line-number": 281,
                    "node-pos": 106
                },
                {
                    "name": "ExtraordinaryPropertyLosses",
                    "part": "7",
                    "replacement-node": 65,
                    "expression-node": 66,
                    "template-line-number": 289,
                    "node-pos": 110
                },
                {
                    "name": "ExtraordinaryPropertyLosses",
                    "part": "8",
                    "replacement-node": 68,
                    "expression-node": 69,
                    "template-line-number": 297,
                    "node-pos": 114
                }
            ]
        }
    },
    "line-numbers": {
        "ExtraordinaryPropertyLosses": [
            {
                "line-number-node": 47,
                "start-number": 7,
                "template-line-number": 244
            }
        ]
    },
    "showifs": {
        "rule-1": {
            "type": "showif",
            "template-line-number": 17
        }
    },
    "footnotes": {},
    "standard-rules": [
        "rule-2",
        "rule-3",
        "rule-4",
        "rule-5",
        "rule-6",
        "rule-7",
        "rule-8",
        "rule-9",
        "rule-10",
        "rule-11",
        "rule-12",
        "rule-13",
        "rule-14",
        "rule-15",
        "rule-16",
        "rule-17",
        "rule-18",
        "rule-19",
        "rule-20",
        "rule-21",
        "rule-22",
        "rule-23",
        "rule-24"
    ],
    "footnote-rules": []
}