{
    "substitutions": {
        "rule-2": [
            {
                "part": null,
                "replacement-node": 1,
                "template-line-number": 27,
                "node-pos": 10
            }
        ],
        "rule-3": [
            {
                "part": null,
                "replacement-node": 4,
                "expression-node": 5,
                "template-line-number": 31,
                "node-pos": 14
            }
        ],
        "rule-4": [
            {
                "part": null,
                "replacement-node": 7,
                "template-line-number": 37,
                "node-pos": 18
            }
        ],
        "rule-5": [
            {
                "part": null,
                "replacement-node": 10,
                "template-line-number": 43,
                "node-pos": 22,
                "html": true
            }
        ],
        "rule-6": [
            {
                "part": null,
                "replacement-node": 13,
                "template-line-number": 55,
                "node-pos": 27,
                "html": true
            }
        ],
        "rule-7": [
            {
                "part": null,
                "replacement-node": 16,
                "template-line-number": 66,
                "node-pos": 32
            }
        ],
        "rule-8": [
            {
                "part": null,
                "replacement-node": 19,
                "expression-node": 20,
                "template-line-number": 70,
                "node-pos": 36
            }
        ],
        "rule-9": [
            {
                "part": null,
                "replacement-node": 22,
                "template-line-number": 75,
                "node-pos": 40
            }
        ],
        "rule-10": [
            {
                "part": null,
                "replacement-node": 25,
                "expression-node": 26,
                "template-line-number": 79,
                "node-pos": 44
            }
        ],
        "rule-11": [
            {
                "part": null,
                "replacement-node": 28,
                "expression-node": 29,
                "template-line-number": 84,
                "node-pos": 48
            }
        ],
        "rule-12": [
            {
                "part": null,
                "replacement-node": 31,
                "template-line-number": 95,
                "node-pos": 54
            }
        ],
        "rule-13": [
            {
                "part": null,
                "replacement-node": 34,
                "template-line-number": 106,
                "node-pos": 59,
                "html": true
            }
        ],
        "rule-14": [
            {
                "part": null,
                "replacement-node": 61,
                "template-line-number": 228,
                "node-pos": 105
            }
        ],
        "rule-15": [
            {
                "part": null,
                "replacement-node": 64,
                "expression-node": 65,
                "template-line-number": 242,
                "node-pos": 112
            }
        ],
        "rule-16": [
            {
                "part": null,
                "replacement-node": 67,
                "expression-node": 68,
                "template-line-number": 256,
                "node-pos": 118
            }
        ],
        "rule-17": [
            {
                "part": null,
                "replacement-node": 70,
                "template-line-number": 261,
                "node-pos": 122
            }
        ],
        "rule-18": [
            {
                "part": null,
                "replacement-node": 73,
                "template-line-number": 270,
                "node-pos": 126
            }
        ],
        "rule-19": {
            "name": "GasPropertyAndCapacityLeasedFromOthers",
            "subs": [
                {
                    "name": "GasPropertyAndCapacityLeasedFromOthers",
                    "part": "2",
                    "replacement-node": 49,
                    "expression-node": 50,
                    "template-line-number": 203,
                    "node-pos": 87
                },
                {
                    "name": "GasPropertyAndCapacityLeasedFromOthers",
                    "part": "3",
                    "replacement-node": 52,
                    "template-line-number": 208,
                    "extras": {},
                    "node-pos": 91
                },
                {
                    "name": "GasPropertyAndCapacityLeasedFromOthers",
                    "part": "4",
                    "replacement-node": 55,
                    "expression-node": 56,
                    "template-line-number": 213,
                    "node-pos": 95
                },
                {
                    "name": "GasPropertyAndCapacityLeasedFromOthers",
                    "part": "5",
                    "replacement-node": 58,
                    "expression-node": 59,
                    "template-line-number": 218,
                    "node-pos": 99
                }
            ]
        },
        "rule-20": {
            "name": "GasPlantInServiceHeadings",
            "subs": [
                {
                    "name": "GasPlantInServiceHeadings",
                    "part": "1",
                    "replacement-node": 40,
                    "template-line-number": 140,
                    "extras": {},
                    "node-pos": 74
                },
                {
                    "name": "GasPlantInServiceHeadings",
                    "part": "2",
                    "replacement-node": 43,
                    "template-line-number": 149,
                    "extras": {},
                    "node-pos": 78
                },
                {
                    "name": "GasPlantInServiceHeadings",
                    "part": "3",
                    "replacement-node": 38,
                    "template-line-number": 136,
                    "extras": {},
                    "node-pos": 72
                }
            ]
        }
    },
    "line-numbers": {
        "GasPropertyAndCapacityLeasedFromOthers": [
            {
                "line-number-node": 47,
                "start-number": 1,
                "template-line-number": 200
            }
        ]
    },
    "showifs": {
        "rule-1": {
            "type": "showif",
            "template-line-number": 17
        }
    },
    "footnotes": {},
    "standard-rules": [
        "rule-2",
        "rule-3",
        "rule-4",
        "rule-5",
        "rule-6",
        "rule-7",
        "rule-8",
        "rule-9",
        "rule-10",
        "rule-11",
        "rule-12",
        "rule-13",
        "rule-14",
        "rule-15",
        "rule-16",
        "rule-17",
        "rule-18",
        "rule-19",
        "rule-20"
    ],
    "footnote-rules": []
}