{
    "substitutions": {
        "rule-1": [
            {
                "part": null,
                "replacement-node": 0,
                "expression-node": 1,
                "template-line-number": 30,
                "node-pos": 15
            }
        ],
        "rule-2": [
            {
                "part": null,
                "replacement-node": 3,
                "template-line-number": 37,
                "node-pos": 19
            }
        ],
        "rule-3": [
            {
                "part": null,
                "replacement-node": 6,
                "expression-node": 7,
                "template-line-number": 42,
                "node-pos": 22
            }
        ],
        "rule-4": [
            {
                "part": null,
                "replacement-node": 9,
                "template-line-number": 47,
                "node-pos": 26
            }
        ],
        "rule-5": [
            {
                "part": null,
                "replacement-node": 12,
                "expression-node": 13,
                "template-line-number": 52,
                "node-pos": 29
            }
        ],
        "rule-6": [
            {
                "part": null,
                "replacement-node": 15,
                "template-line-number": 62,
                "node-pos": 35
            }
        ],
        "rule-7": [
            {
                "part": null,
                "replacement-node": 18,
                "template-line-number": 73,
                "node-pos": 40,
                "html": true
            }
        ],
        "rule-8": [
            {
                "part": null,
                "replacement-node": 21,
                "expression-node": 22,
                "template-line-number": 86,
                "node-pos": 46,
                "html": true
            }
        ],
        "rule-9": [
            {
                "part": null,
                "replacement-node": 24,
                "template-line-number": 97,
                "node-pos": 52
            }
        ]
    },
    "line-numbers": {},
    "showifs": {},
    "footnotes": {},
    "standard-rules": [
        "rule-1",
        "rule-2",
        "rule-3",
        "rule-4",
        "rule-5",
        "rule-6",
        "rule-7",
        "rule-8",
        "rule-9"
    ],
    "footnote-rules": []
}