{
    "substitutions": {
        "rule-2": [
            {
                "part": null,
                "replacement-node": 1,
                "template-line-number": 27,
                "node-pos": 10
            }
        ],
        "rule-3": [
            {
                "part": null,
                "replacement-node": 4,
                "expression-node": 5,
                "template-line-number": 32,
                "node-pos": 14
            }
        ],
        "rule-4": [
            {
                "part": null,
                "replacement-node": 7,
                "template-line-number": 38,
                "node-pos": 18
            }
        ],
        "rule-5": [
            {
                "part": null,
                "replacement-node": 10,
                "template-line-number": 44,
                "node-pos": 22,
                "html": true
            }
        ],
        "rule-6": [
            {
                "part": null,
                "replacement-node": 13,
                "template-line-number": 56,
                "node-pos": 27,
                "html": true
            }
        ],
        "rule-7": [
            {
                "part": null,
                "replacement-node": 16,
                "template-line-number": 67,
                "node-pos": 32
            }
        ],
        "rule-8": [
            {
                "part": null,
                "replacement-node": 19,
                "expression-node": 20,
                "template-line-number": 72,
                "node-pos": 36
            }
        ],
        "rule-9": [
            {
                "part": null,
                "replacement-node": 22,
                "template-line-number": 77,
                "node-pos": 40
            }
        ],
        "rule-10": [
            {
                "part": null,
                "replacement-node": 25,
                "expression-node": 26,
                "template-line-number": 82,
                "node-pos": 44
            }
        ],
        "rule-11": [
            {
                "part": null,
                "replacement-node": 28,
                "expression-node": 29,
                "template-line-number": 87,
                "node-pos": 48
            }
        ],
        "rule-12": [
            {
                "part": null,
                "replacement-node": 31,
                "template-line-number": 98,
                "node-pos": 54
            }
        ],
        "rule-13": [
            {
                "part": null,
                "replacement-node": 34,
                "template-line-number": 109,
                "node-pos": 59,
                "html": true
            }
        ],
        "rule-14": [
            {
                "part": null,
                "replacement-node": 73,
                "expression-node": 74,
                "template-line-number": 275,
                "node-pos": 126
            }
        ],
        "rule-15": [
            {
                "part": null,
                "replacement-node": 76,
                "template-line-number": 280,
                "node-pos": 130
            }
        ],
        "rule-16": [
            {
                "part": null,
                "replacement-node": 79,
                "template-line-number": 290,
                "node-pos": 134
            }
        ],
        "rule-17": {
            "name": "GasPlantInServiceHeadings",
            "subs": [
                {
                    "name": "GasPlantInServiceHeadings",
                    "part": "1",
                    "replacement-node": 38,
                    "template-line-number": 141,
                    "extras": {},
                    "node-pos": 76
                },
                {
                    "name": "GasPlantInServiceHeadings",
                    "part": "2",
                    "replacement-node": 41,
                    "template-line-number": 148,
                    "extras": {},
                    "node-pos": 80
                }
            ]
        },
        "rule-18": {
            "name": "GasPlantInServiceLineItems",
            "subs": [
                {
                    "name": "GasPlantInServiceLineItems",
                    "part": "2",
                    "replacement-node": 50,
                    "template-line-number": 214,
                    "extras": {},
                    "node-pos": 94
                },
                {
                    "name": "GasPlantInServiceLineItems",
                    "part": "2",
                    "replacement-node": 55,
                    "expression-node": 56,
                    "template-line-number": 225,
                    "node-pos": 100
                },
                {
                    "name": "GasPlantInServiceLineItems",
                    "part": "3",
                    "replacement-node": 58,
                    "expression-node": 59,
                    "template-line-number": 233,
                    "node-pos": 104
                },
                {
                    "name": "GasPlantInServiceLineItems",
                    "part": "4",
                    "replacement-node": 61,
                    "expression-node": 62,
                    "template-line-number": 241,
                    "node-pos": 108
                },
                {
                    "name": "GasPlantInServiceLineItems",
                    "part": "5",
                    "replacement-node": 64,
                    "expression-node": 65,
                    "template-line-number": 249,
                    "node-pos": 112
                },
                {
                    "name": "GasPlantInServiceLineItems",
                    "part": "6",
                    "replacement-node": 48,
                    "template-line-number": 210,
                    "extras": {},
                    "node-pos": 92
                },
                {
                    "name": "GasPlantInServiceLineItems",
                    "part": "6",
                    "replacement-node": 67,
                    "expression-node": 68,
                    "template-line-number": 257,
                    "node-pos": 116
                },
                {
                    "name": "GasPlantInServiceLineItems",
                    "part": "7",
                    "replacement-node": 70,
                    "expression-node": 71,
                    "template-line-number": 265,
                    "node-pos": 120
                }
            ]
        }
    },
    "line-numbers": {
        "GasPlantInServiceLineItems": [
            {
                "line-number-node": 45,
                "start-number": 1,
                "template-line-number": 199
            }
        ]
    },
    "showifs": {
        "rule-1": {
            "type": "showif",
            "template-line-number": 17
        }
    },
    "footnotes": {},
    "standard-rules": [
        "rule-2",
        "rule-3",
        "rule-4",
        "rule-5",
        "rule-6",
        "rule-7",
        "rule-8",
        "rule-9",
        "rule-10",
        "rule-11",
        "rule-12",
        "rule-13",
        "rule-14",
        "rule-15",
        "rule-16",
        "rule-17",
        "rule-18"
    ],
    "footnote-rules": []
}