{
    "substitutions": {
        "rule-1": [
            {
                "part": null,
                "replacement-node": 0,
                "template-line-number": 19,
                "node-pos": 9
            }
        ],
        "rule-2": [
            {
                "part": null,
                "replacement-node": 3,
                "expression-node": 4,
                "template-line-number": 27,
                "node-pos": 13
            }
        ],
        "rule-3": [
            {
                "part": null,
                "replacement-node": 6,
                "template-line-number": 34,
                "node-pos": 17
            }
        ],
        "rule-4": [
            {
                "part": null,
                "replacement-node": 9,
                "template-line-number": 42,
                "node-pos": 21,
                "html": true
            }
        ],
        "rule-5": [
            {
                "part": null,
                "replacement-node": 12,
                "template-line-number": 58,
                "node-pos": 26,
                "html": true
            }
        ],
        "rule-6": [
            {
                "part": null,
                "replacement-node": 15,
                "template-line-number": 75,
                "node-pos": 31
            }
        ],
        "rule-7": [
            {
                "part": null,
                "replacement-node": 18,
                "expression-node": 19,
                "template-line-number": 82,
                "node-pos": 35
            }
        ],
        "rule-8": [
            {
                "part": null,
                "replacement-node": 21,
                "template-line-number": 89,
                "node-pos": 39
            }
        ],
        "rule-9": [
            {
                "part": null,
                "replacement-node": 24,
                "expression-node": 25,
                "template-line-number": 96,
                "node-pos": 43
            }
        ],
        "rule-10": [
            {
                "part": null,
                "replacement-node": 27,
                "expression-node": 28,
                "template-line-number": 102,
                "node-pos": 47
            }
        ],
        "rule-11": [
            {
                "part": null,
                "replacement-node": 30,
                "template-line-number": 113,
                "node-pos": 53
            }
        ],
        "rule-12": [
            {
                "part": null,
                "replacement-node": 33,
                "template-line-number": 124,
                "node-pos": 58,
                "html": true
            }
        ],
        "rule-13": [
            {
                "part": null,
                "replacement-node": 45,
                "template-line-number": 184,
                "node-pos": 83
            }
        ],
        "rule-14": [
            {
                "part": null,
                "replacement-node": 60,
                "template-line-number": 276,
                "node-pos": 109
            }
        ],
        "rule-15": [
            {
                "part": null,
                "replacement-node": 63,
                "expression-node": 64,
                "template-line-number": 288,
                "node-pos": 114
            }
        ],
        "rule-16": [
            {
                "part": null,
                "replacement-node": 66,
                "expression-node": 67,
                "template-line-number": 298,
                "node-pos": 118
            }
        ],
        "rule-17": [
            {
                "part": null,
                "replacement-node": 69,
                "template-line-number": 313,
                "node-pos": 124
            }
        ],
        "rule-18": [
            {
                "part": null,
                "replacement-node": 72,
                "expression-node": 73,
                "template-line-number": 325,
                "node-pos": 129
            }
        ],
        "rule-19": [
            {
                "part": null,
                "replacement-node": 75,
                "expression-node": 76,
                "template-line-number": 335,
                "node-pos": 133
            }
        ],
        "rule-20": [
            {
                "part": null,
                "replacement-node": 78,
                "template-line-number": 350,
                "node-pos": 139
            }
        ],
        "rule-21": [
            {
                "part": null,
                "replacement-node": 93,
                "template-line-number": 442,
                "node-pos": 165
            }
        ],
        "rule-22": [
            {
                "part": null,
                "replacement-node": 96,
                "expression-node": 97,
                "template-line-number": 454,
                "node-pos": 170
            }
        ],
        "rule-23": [
            {
                "part": null,
                "replacement-node": 99,
                "expression-node": 100,
                "template-line-number": 464,
                "node-pos": 174
            }
        ],
        "rule-24": [
            {
                "part": null,
                "replacement-node": 102,
                "template-line-number": 479,
                "node-pos": 180
            }
        ],
        "rule-25": [
            {
                "part": null,
                "replacement-node": 105,
                "expression-node": 106,
                "template-line-number": 491,
                "node-pos": 185
            }
        ],
        "rule-26": [
            {
                "part": null,
                "replacement-node": 108,
                "expression-node": 109,
                "template-line-number": 501,
                "node-pos": 189
            }
        ],
        "rule-27": [
            {
                "part": null,
                "replacement-node": 123,
                "template-line-number": 600,
                "node-pos": 212
            }
        ],
        "rule-28": [
            {
                "part": null,
                "replacement-node": 126,
                "expression-node": 127,
                "template-line-number": 612,
                "node-pos": 217
            }
        ],
        "rule-29": [
            {
                "part": null,
                "replacement-node": 129,
                "expression-node": 130,
                "template-line-number": 622,
                "node-pos": 221
            }
        ],
        "rule-30": [
            {
                "part": null,
                "replacement-node": 132,
                "template-line-number": 637,
                "node-pos": 227
            }
        ],
        "rule-31": [
            {
                "part": null,
                "replacement-node": 135,
                "expression-node": 136,
                "template-line-number": 649,
                "node-pos": 232
            }
        ],
        "rule-32": [
            {
                "part": null,
                "replacement-node": 138,
                "expression-node": 139,
                "template-line-number": 659,
                "node-pos": 236
            }
        ],
        "rule-33": [
            {
                "part": null,
                "replacement-node": 141,
                "expression-node": 142,
                "template-line-number": 679,
                "node-pos": 244,
                "html": true
            }
        ],
        "rule-34": [
            {
                "part": null,
                "replacement-node": 144,
                "expression-node": 145,
                "template-line-number": 694,
                "node-pos": 250
            }
        ],
        "rule-35": [
            {
                "part": null,
                "replacement-node": 147,
                "template-line-number": 701,
                "node-pos": 254
            }
        ],
        "rule-36": [
            {
                "part": null,
                "replacement-node": 150,
                "template-line-number": 711,
                "node-pos": 258
            }
        ],
        "rule-37": {
            "name": "DeferredIncomeTaxesHeadings",
            "subs": [
                {
                    "name": "DeferredIncomeTaxesHeadings",
                    "part": "1",
                    "replacement-node": 39,
                    "template-line-number": 163,
                    "extras": {},
                    "node-pos": 73
                },
                {
                    "name": "DeferredIncomeTaxesHeadings",
                    "part": "2",
                    "replacement-node": 42,
                    "template-line-number": 171,
                    "extras": {},
                    "node-pos": 77
                },
                {
                    "name": "DeferredIncomeTaxesHeadings",
                    "part": "3",
                    "replacement-node": 37,
                    "template-line-number": 159,
                    "extras": {},
                    "node-pos": 71
                }
            ]
        },
        "rule-38": {
            "name": "ADITOtherLineItems",
            "subs": [
                {
                    "name": "ADITOtherLineItems",
                    "part": "1",
                    "replacement-node": 112,
                    "template-line-number": 562,
                    "extras": {},
                    "node-pos": 195
                },
                {
                    "name": "ADITOtherLineItems",
                    "part": "2",
                    "replacement-node": 114,
                    "expression-node": 115,
                    "template-line-number": 568,
                    "node-pos": 198
                },
                {
                    "name": "ADITOtherLineItems",
                    "part": "3",
                    "replacement-node": 117,
                    "expression-node": 118,
                    "template-line-number": 577,
                    "node-pos": 202
                },
                {
                    "name": "ADITOtherLineItems",
                    "part": "4",
                    "replacement-node": 120,
                    "expression-node": 121,
                    "template-line-number": 586,
                    "node-pos": 206
                }
            ]
        },
        "rule-39": {
            "name": "ADITGasLineItems",
            "subs": [
                {
                    "name": "ADITGasLineItems",
                    "part": "2",
                    "replacement-node": 84,
                    "expression-node": 85,
                    "template-line-number": 410,
                    "node-pos": 151
                },
                {
                    "name": "ADITGasLineItems",
                    "part": "3",
                    "replacement-node": 87,
                    "expression-node": 88,
                    "template-line-number": 419,
                    "node-pos": 155
                },
                {
                    "name": "ADITGasLineItems",
                    "part": "4",
                    "replacement-node": 90,
                    "expression-node": 91,
                    "template-line-number": 428,
                    "node-pos": 159
                }
            ]
        },
        "rule-40": {
            "name": "ADITElectricLineItems",
            "subs": [
                {
                    "name": "ADITElectricLineItems",
                    "part": "2",
                    "replacement-node": 51,
                    "expression-node": 52,
                    "template-line-number": 244,
                    "node-pos": 95
                },
                {
                    "name": "ADITElectricLineItems",
                    "part": "3",
                    "replacement-node": 54,
                    "expression-node": 55,
                    "template-line-number": 253,
                    "node-pos": 99
                },
                {
                    "name": "ADITElectricLineItems",
                    "part": "4",
                    "replacement-node": 57,
                    "expression-node": 58,
                    "template-line-number": 262,
                    "node-pos": 103
                }
            ]
        }
    },
    "line-numbers": {
        "ADITElectricLineItems": [
            {
                "line-number-node": 49,
                "start-number": 2,
                "template-line-number": 238
            }
        ],
        "ADITGasLineItems": [
            {
                "line-number-node": 82,
                "start-number": 10,
                "template-line-number": 404
            }
        ]
    },
    "showifs": {},
    "footnotes": {},
    "standard-rules": [
        "rule-1",
        "rule-2",
        "rule-3",
        "rule-4",
        "rule-5",
        "rule-6",
        "rule-7",
        "rule-8",
        "rule-9",
        "rule-10",
        "rule-11",
        "rule-12",
        "rule-13",
        "rule-14",
        "rule-15",
        "rule-16",
        "rule-17",
        "rule-18",
        "rule-19",
        "rule-20",
        "rule-21",
        "rule-22",
        "rule-23",
        "rule-24",
        "rule-25",
        "rule-26",
        "rule-27",
        "rule-28",
        "rule-29",
        "rule-30",
        "rule-31",
        "rule-32",
        "rule-33",
        "rule-34",
        "rule-35",
        "rule-36",
        "rule-37",
        "rule-38",
        "rule-39",
        "rule-40"
    ],
    "footnote-rules": []
}