{
    "substitutions": {
        "rule-1": [
            {
                "part": null,
                "replacement-node": 0,
                "template-line-number": 21,
                "node-pos": 9
            }
        ],
        "rule-2": [
            {
                "part": null,
                "replacement-node": 3,
                "expression-node": 4,
                "template-line-number": 26,
                "node-pos": 13
            }
        ],
        "rule-3": [
            {
                "part": null,
                "replacement-node": 6,
                "template-line-number": 32,
                "node-pos": 17
            }
        ],
        "rule-4": [
            {
                "part": null,
                "replacement-node": 9,
                "template-line-number": 38,
                "node-pos": 21,
                "html": true
            }
        ],
        "rule-5": [
            {
                "part": null,
                "replacement-node": 12,
                "template-line-number": 50,
                "node-pos": 26,
                "html": true
            }
        ],
        "rule-6": [
            {
                "part": null,
                "replacement-node": 15,
                "template-line-number": 61,
                "node-pos": 31
            }
        ],
        "rule-7": [
            {
                "part": null,
                "replacement-node": 18,
                "expression-node": 19,
                "template-line-number": 66,
                "node-pos": 35
            }
        ],
        "rule-8": [
            {
                "part": null,
                "replacement-node": 21,
                "template-line-number": 71,
                "node-pos": 39
            }
        ],
        "rule-9": [
            {
                "part": null,
                "replacement-node": 24,
                "expression-node": 25,
                "template-line-number": 76,
                "node-pos": 43
            }
        ],
        "rule-10": [
            {
                "part": null,
                "replacement-node": 27,
                "expression-node": 28,
                "template-line-number": 81,
                "node-pos": 47
            }
        ],
        "rule-11": [
            {
                "part": null,
                "replacement-node": 30,
                "template-line-number": 93,
                "node-pos": 53
            }
        ],
        "rule-12": [
            {
                "part": null,
                "replacement-node": 33,
                "template-line-number": 105,
                "node-pos": 58
            }
        ],
        "rule-13": [
            {
                "part": null,
                "replacement-node": 36,
                "template-line-number": 116,
                "node-pos": 62,
                "html": true
            }
        ],
        "rule-14": [
            {
                "part": null,
                "replacement-node": 39,
                "template-line-number": 128,
                "node-pos": 67,
                "html": true
            }
        ],
        "rule-15": [
            {
                "part": null,
                "replacement-node": 42,
                "template-line-number": 142,
                "node-pos": 73,
                "html": true
            }
        ],
        "rule-16": [
            {
                "part": null,
                "replacement-node": 62,
                "expression-node": 63,
                "template-line-number": 257,
                "node-pos": 109
            }
        ],
        "rule-17": [
            {
                "part": null,
                "replacement-node": 65,
                "template-line-number": 264,
                "node-pos": 113
            }
        ],
        "rule-18": [
            {
                "part": null,
                "replacement-node": 68,
                "template-line-number": 274,
                "node-pos": 117
            }
        ],
        "rule-19": {
            "name": "InvHeadings",
            "subs": [
                {
                    "name": "InvHeadings",
                    "part": "1",
                    "replacement-node": 47,
                    "template-line-number": 172,
                    "extras": {},
                    "node-pos": 86
                },
                {
                    "name": "InvHeadings",
                    "part": "2",
                    "replacement-node": 50,
                    "template-line-number": 181,
                    "extras": {},
                    "node-pos": 90
                },
                {
                    "name": "InvHeadings",
                    "part": "3",
                    "replacement-node": 45,
                    "template-line-number": 168,
                    "extras": {},
                    "node-pos": 84
                }
            ]
        },
        "rule-20": {
            "name": "formula",
            "subs": [
                {
                    "name": "formula",
                    "part": "2",
                    "replacement-node": 56,
                    "expression-node": 57,
                    "template-line-number": 236,
                    "node-pos": 99
                },
                {
                    "name": "formula",
                    "part": "3",
                    "replacement-node": 59,
                    "expression-node": 60,
                    "template-line-number": 241,
                    "node-pos": 103
                }
            ]
        }
    },
    "line-numbers": {
        "formula": [
            {
                "line-number-node": 54,
                "start-number": 1,
                "template-line-number": 233
            }
        ]
    },
    "showifs": {},
    "footnotes": {},
    "standard-rules": [
        "rule-1",
        "rule-2",
        "rule-3",
        "rule-4",
        "rule-5",
        "rule-6",
        "rule-7",
        "rule-8",
        "rule-9",
        "rule-10",
        "rule-11",
        "rule-12",
        "rule-13",
        "rule-14",
        "rule-15",
        "rule-16",
        "rule-17",
        "rule-18",
        "rule-19",
        "rule-20"
    ],
    "footnote-rules": []
}