{
    "substitutions": {
        "rule-2": [
            {
                "part": null,
                "replacement-node": 1,
                "template-line-number": 27,
                "node-pos": 10
            }
        ],
        "rule-3": [
            {
                "part": null,
                "replacement-node": 4,
                "expression-node": 5,
                "template-line-number": 31,
                "node-pos": 14
            }
        ],
        "rule-4": [
            {
                "part": null,
                "replacement-node": 7,
                "template-line-number": 37,
                "node-pos": 18
            }
        ],
        "rule-5": [
            {
                "part": null,
                "replacement-node": 10,
                "template-line-number": 43,
                "node-pos": 22,
                "html": true
            }
        ],
        "rule-6": [
            {
                "part": null,
                "replacement-node": 13,
                "template-line-number": 55,
                "node-pos": 27,
                "html": true
            }
        ],
        "rule-7": [
            {
                "part": null,
                "replacement-node": 16,
                "template-line-number": 66,
                "node-pos": 32
            }
        ],
        "rule-8": [
            {
                "part": null,
                "replacement-node": 19,
                "expression-node": 20,
                "template-line-number": 70,
                "node-pos": 36
            }
        ],
        "rule-9": [
            {
                "part": null,
                "replacement-node": 22,
                "template-line-number": 75,
                "node-pos": 40
            }
        ],
        "rule-10": [
            {
                "part": null,
                "replacement-node": 25,
                "expression-node": 26,
                "template-line-number": 79,
                "node-pos": 44
            }
        ],
        "rule-11": [
            {
                "part": null,
                "replacement-node": 28,
                "expression-node": 29,
                "template-line-number": 84,
                "node-pos": 48
            }
        ],
        "rule-12": [
            {
                "part": null,
                "replacement-node": 31,
                "template-line-number": 95,
                "node-pos": 54
            }
        ],
        "rule-13": [
            {
                "part": null,
                "replacement-node": 34,
                "template-line-number": 105,
                "node-pos": 59,
                "html": true
            }
        ],
        "rule-14": [
            {
                "part": null,
                "replacement-node": 73,
                "template-line-number": 271,
                "node-pos": 127
            }
        ],
        "rule-15": [
            {
                "part": null,
                "replacement-node": 76,
                "expression-node": 77,
                "template-line-number": 281,
                "node-pos": 131
            }
        ],
        "rule-16": [
            {
                "part": null,
                "replacement-node": 79,
                "expression-node": 80,
                "template-line-number": 291,
                "node-pos": 137
            }
        ],
        "rule-17": [
            {
                "part": null,
                "replacement-node": 82,
                "expression-node": 83,
                "template-line-number": 300,
                "node-pos": 141
            }
        ],
        "rule-18": [
            {
                "part": null,
                "replacement-node": 85,
                "expression-node": 86,
                "template-line-number": 309,
                "node-pos": 145
            }
        ],
        "rule-19": [
            {
                "part": null,
                "replacement-node": 88,
                "expression-node": 89,
                "template-line-number": 318,
                "node-pos": 149
            }
        ],
        "rule-20": [
            {
                "part": null,
                "replacement-node": 91,
                "expression-node": 92,
                "template-line-number": 327,
                "node-pos": 153
            }
        ],
        "rule-21": [
            {
                "part": null,
                "replacement-node": 94,
                "expression-node": 95,
                "template-line-number": 340,
                "node-pos": 159
            }
        ],
        "rule-22": [
            {
                "part": null,
                "replacement-node": 97,
                "template-line-number": 345,
                "node-pos": 163
            }
        ],
        "rule-23": [
            {
                "part": null,
                "replacement-node": 100,
                "template-line-number": 354,
                "node-pos": 167
            }
        ],
        "rule-24": {
            "name": "ColumnHeadings",
            "subs": [
                {
                    "name": "ColumnHeadings",
                    "part": "1",
                    "replacement-node": 40,
                    "template-line-number": 146,
                    "extras": {},
                    "node-pos": 80
                },
                {
                    "name": "ColumnHeadings",
                    "part": "2",
                    "replacement-node": 43,
                    "template-line-number": 155,
                    "extras": {},
                    "node-pos": 84
                },
                {
                    "name": "ColumnHeadings",
                    "part": "3",
                    "replacement-node": 38,
                    "template-line-number": 142,
                    "extras": {},
                    "node-pos": 78
                }
            ]
        },
        "rule-25": {
            "name": "InvestmentInSubsidiary",
            "subs": [
                {
                    "name": "InvestmentInSubsidiary",
                    "part": "2",
                    "replacement-node": 49,
                    "expression-node": 50,
                    "template-line-number": 226,
                    "node-pos": 93
                },
                {
                    "name": "InvestmentInSubsidiary",
                    "part": "3",
                    "replacement-node": 52,
                    "expression-node": 53,
                    "template-line-number": 231,
                    "node-pos": 97
                },
                {
                    "name": "InvestmentInSubsidiary",
                    "part": "4",
                    "replacement-node": 55,
                    "expression-node": 56,
                    "template-line-number": 236,
                    "node-pos": 101
                },
                {
                    "name": "InvestmentInSubsidiary",
                    "part": "5",
                    "replacement-node": 58,
                    "expression-node": 59,
                    "template-line-number": 241,
                    "node-pos": 105
                },
                {
                    "name": "InvestmentInSubsidiary",
                    "part": "6",
                    "replacement-node": 61,
                    "expression-node": 62,
                    "template-line-number": 246,
                    "node-pos": 109
                },
                {
                    "name": "InvestmentInSubsidiary",
                    "part": "7",
                    "replacement-node": 64,
                    "expression-node": 65,
                    "template-line-number": 251,
                    "node-pos": 113
                },
                {
                    "name": "InvestmentInSubsidiary",
                    "part": "8",
                    "replacement-node": 67,
                    "expression-node": 68,
                    "template-line-number": 256,
                    "node-pos": 117
                },
                {
                    "name": "InvestmentInSubsidiary",
                    "part": "9",
                    "replacement-node": 70,
                    "expression-node": 71,
                    "template-line-number": 261,
                    "node-pos": 121
                }
            ]
        }
    },
    "line-numbers": {
        "InvestmentInSubsidiary": [
            {
                "line-number-node": 47,
                "start-number": 1,
                "template-line-number": 223
            }
        ]
    },
    "showifs": {
        "rule-1": {
            "type": "showif",
            "template-line-number": 17
        }
    },
    "footnotes": {},
    "standard-rules": [
        "rule-2",
        "rule-3",
        "rule-4",
        "rule-5",
        "rule-6",
        "rule-7",
        "rule-8",
        "rule-9",
        "rule-10",
        "rule-11",
        "rule-12",
        "rule-13",
        "rule-14",
        "rule-15",
        "rule-16",
        "rule-17",
        "rule-18",
        "rule-19",
        "rule-20",
        "rule-21",
        "rule-22",
        "rule-23",
        "rule-24",
        "rule-25"
    ],
    "footnote-rules": []
}