{
    "substitutions": {
        "rule-2": [
            {
                "part": null,
                "replacement-node": 1,
                "template-line-number": 27,
                "node-pos": 10
            }
        ],
        "rule-3": [
            {
                "part": null,
                "replacement-node": 4,
                "expression-node": 5,
                "template-line-number": 32,
                "node-pos": 14
            }
        ],
        "rule-4": [
            {
                "part": null,
                "replacement-node": 7,
                "template-line-number": 38,
                "node-pos": 18
            }
        ],
        "rule-5": [
            {
                "part": null,
                "replacement-node": 10,
                "template-line-number": 44,
                "node-pos": 22,
                "html": true
            }
        ],
        "rule-6": [
            {
                "part": null,
                "replacement-node": 13,
                "template-line-number": 56,
                "node-pos": 27,
                "html": true
            }
        ],
        "rule-7": [
            {
                "part": null,
                "replacement-node": 16,
                "template-line-number": 67,
                "node-pos": 32
            }
        ],
        "rule-8": [
            {
                "part": null,
                "replacement-node": 19,
                "expression-node": 20,
                "template-line-number": 72,
                "node-pos": 36
            }
        ],
        "rule-9": [
            {
                "part": null,
                "replacement-node": 22,
                "template-line-number": 77,
                "node-pos": 40
            }
        ],
        "rule-10": [
            {
                "part": null,
                "replacement-node": 25,
                "expression-node": 26,
                "template-line-number": 81,
                "node-pos": 44
            }
        ],
        "rule-11": [
            {
                "part": null,
                "replacement-node": 28,
                "expression-node": 29,
                "template-line-number": 86,
                "node-pos": 48
            }
        ],
        "rule-12": [
            {
                "part": null,
                "replacement-node": 31,
                "template-line-number": 96,
                "node-pos": 54
            }
        ],
        "rule-13": [
            {
                "part": null,
                "replacement-node": 34,
                "template-line-number": 107,
                "node-pos": 59,
                "html": true
            }
        ],
        "rule-14": [
            {
                "part": null,
                "replacement-node": 44,
                "template-line-number": 154,
                "node-pos": 82
            }
        ],
        "rule-15": [
            {
                "part": null,
                "replacement-node": 60,
                "template-line-number": 238,
                "node-pos": 110
            }
        ],
        "rule-16": [
            {
                "part": null,
                "replacement-node": 63,
                "template-line-number": 251,
                "node-pos": 114
            }
        ],
        "rule-17": [
            {
                "part": null,
                "replacement-node": 66,
                "expression-node": 67,
                "template-line-number": 265,
                "node-pos": 120
            }
        ],
        "rule-18": [
            {
                "part": null,
                "replacement-node": 69,
                "expression-node": 70,
                "template-line-number": 275,
                "node-pos": 124
            }
        ],
        "rule-19": [
            {
                "part": null,
                "replacement-node": 72,
                "template-line-number": 288,
                "node-pos": 129
            }
        ],
        "rule-20": [
            {
                "part": null,
                "replacement-node": 75,
                "template-line-number": 302,
                "node-pos": 133
            }
        ],
        "rule-21": [
            {
                "part": null,
                "replacement-node": 91,
                "template-line-number": 398,
                "node-pos": 161
            }
        ],
        "rule-22": [
            {
                "part": null,
                "replacement-node": 94,
                "template-line-number": 415,
                "node-pos": 165
            }
        ],
        "rule-23": [
            {
                "part": null,
                "replacement-node": 97,
                "expression-node": 98,
                "template-line-number": 429,
                "node-pos": 171
            }
        ],
        "rule-24": [
            {
                "part": null,
                "replacement-node": 100,
                "expression-node": 101,
                "template-line-number": 439,
                "node-pos": 175
            }
        ],
        "rule-25": [
            {
                "part": null,
                "replacement-node": 103,
                "template-line-number": 451,
                "node-pos": 180
            }
        ],
        "rule-26": [
            {
                "part": null,
                "replacement-node": 106,
                "template-line-number": 468,
                "node-pos": 184
            }
        ],
        "rule-27": [
            {
                "part": null,
                "replacement-node": 122,
                "template-line-number": 567,
                "node-pos": 212
            }
        ],
        "rule-28": [
            {
                "part": null,
                "replacement-node": 125,
                "template-line-number": 588,
                "node-pos": 216
            }
        ],
        "rule-29": [
            {
                "part": null,
                "replacement-node": 128,
                "expression-node": 129,
                "template-line-number": 602,
                "node-pos": 222
            }
        ],
        "rule-30": [
            {
                "part": null,
                "replacement-node": 131,
                "expression-node": 132,
                "template-line-number": 612,
                "node-pos": 226
            }
        ],
        "rule-31": [
            {
                "part": null,
                "replacement-node": 134,
                "template-line-number": 624,
                "node-pos": 231
            }
        ],
        "rule-32": [
            {
                "part": null,
                "replacement-node": 137,
                "template-line-number": 645,
                "node-pos": 235
            }
        ],
        "rule-33": [
            {
                "part": null,
                "replacement-node": 153,
                "template-line-number": 751,
                "node-pos": 263
            }
        ],
        "rule-34": [
            {
                "part": null,
                "replacement-node": 156,
                "template-line-number": 776,
                "node-pos": 267
            }
        ],
        "rule-35": [
            {
                "part": null,
                "replacement-node": 159,
                "expression-node": 160,
                "template-line-number": 790,
                "node-pos": 273
            }
        ],
        "rule-36": [
            {
                "part": null,
                "replacement-node": 162,
                "expression-node": 163,
                "template-line-number": 800,
                "node-pos": 277
            }
        ],
        "rule-37": [
            {
                "part": null,
                "replacement-node": 165,
                "template-line-number": 811,
                "node-pos": 282
            }
        ],
        "rule-38": [
            {
                "part": null,
                "replacement-node": 168,
                "template-line-number": 836,
                "node-pos": 286
            }
        ],
        "rule-39": [
            {
                "part": null,
                "replacement-node": 187,
                "template-line-number": 964,
                "node-pos": 317
            }
        ],
        "rule-40": [
            {
                "part": null,
                "replacement-node": 190,
                "template-line-number": 993,
                "node-pos": 321
            }
        ],
        "rule-41": [
            {
                "part": null,
                "replacement-node": 193,
                "expression-node": 194,
                "template-line-number": 1007,
                "node-pos": 327
            }
        ],
        "rule-42": [
            {
                "part": null,
                "replacement-node": 196,
                "expression-node": 197,
                "template-line-number": 1017,
                "node-pos": 331
            }
        ],
        "rule-43": [
            {
                "part": null,
                "replacement-node": 199,
                "template-line-number": 1028,
                "node-pos": 336
            }
        ],
        "rule-44": [
            {
                "part": null,
                "replacement-node": 202,
                "template-line-number": 1057,
                "node-pos": 340
            }
        ],
        "rule-45": [
            {
                "part": null,
                "replacement-node": 218,
                "template-line-number": 1174,
                "node-pos": 368
            }
        ],
        "rule-46": [
            {
                "part": null,
                "replacement-node": 221,
                "template-line-number": 1207,
                "node-pos": 372
            }
        ],
        "rule-47": [
            {
                "part": null,
                "replacement-node": 224,
                "expression-node": 225,
                "template-line-number": 1221,
                "node-pos": 378
            }
        ],
        "rule-48": [
            {
                "part": null,
                "replacement-node": 227,
                "expression-node": 228,
                "template-line-number": 1231,
                "node-pos": 382
            }
        ],
        "rule-49": [
            {
                "part": null,
                "replacement-node": 249,
                "template-line-number": 1345,
                "node-pos": 414
            }
        ],
        "rule-50": [
            {
                "part": null,
                "replacement-node": 252,
                "template-line-number": 1352,
                "node-pos": 418
            }
        ],
        "rule-51": [
            {
                "part": null,
                "replacement-node": 255,
                "expression-node": 256,
                "template-line-number": 1366,
                "node-pos": 424
            }
        ],
        "rule-52": [
            {
                "part": null,
                "replacement-node": 258,
                "expression-node": 259,
                "template-line-number": 1376,
                "node-pos": 428
            }
        ],
        "rule-53": [
            {
                "part": null,
                "replacement-node": 261,
                "expression-node": 262,
                "template-line-number": 1389,
                "node-pos": 434
            }
        ],
        "rule-54": [
            {
                "part": null,
                "replacement-node": 264,
                "template-line-number": 1394,
                "node-pos": 438
            }
        ],
        "rule-55": [
            {
                "part": null,
                "replacement-node": 267,
                "template-line-number": 1403,
                "node-pos": 442
            }
        ],
        "rule-56": {
            "name": "PreferredStockConvertedLineItems",
            "subs": [
                {
                    "name": "PreferredStockConvertedLineItems",
                    "part": "3",
                    "replacement-node": 147,
                    "expression-node": 148,
                    "template-line-number": 734,
                    "node-pos": 254
                },
                {
                    "name": "PreferredStockConvertedLineItems",
                    "part": "4",
                    "replacement-node": 144,
                    "expression-node": 145,
                    "template-line-number": 724,
                    "node-pos": 249
                },
                {
                    "name": "PreferredStockConvertedLineItems",
                    "part": "4",
                    "replacement-node": 150,
                    "expression-node": 151,
                    "template-line-number": 742,
                    "node-pos": 258
                }
            ]
        },
        "rule-57": {
            "name": "CommonStockConvertedLineItems",
            "subs": [
                {
                    "name": "CommonStockConvertedLineItems",
                    "part": "3",
                    "replacement-node": 85,
                    "expression-node": 86,
                    "template-line-number": 381,
                    "node-pos": 152
                },
                {
                    "name": "CommonStockConvertedLineItems",
                    "part": "4",
                    "replacement-node": 82,
                    "expression-node": 83,
                    "template-line-number": 371,
                    "node-pos": 147
                },
                {
                    "name": "CommonStockConvertedLineItems",
                    "part": "4",
                    "replacement-node": 88,
                    "expression-node": 89,
                    "template-line-number": 389,
                    "node-pos": 156
                }
            ]
        },
        "rule-58": {
            "name": "CSHeadings",
            "subs": [
                {
                    "name": "CSHeadings",
                    "part": "1",
                    "replacement-node": 38,
                    "template-line-number": 135,
                    "extras": {},
                    "node-pos": 72
                },
                {
                    "name": "CSHeadings",
                    "part": "2",
                    "replacement-node": 41,
                    "template-line-number": 142,
                    "extras": {},
                    "node-pos": 76
                }
            ]
        },
        "rule-59": {
            "name": "InstallmentsLineItems",
            "subs": [
                {
                    "name": "InstallmentsLineItems",
                    "part": "2",
                    "replacement-node": 209,
                    "expression-node": 210,
                    "template-line-number": 1144,
                    "node-pos": 354
                },
                {
                    "name": "InstallmentsLineItems",
                    "part": "3",
                    "replacement-node": 212,
                    "expression-node": 213,
                    "template-line-number": 1155,
                    "node-pos": 359
                },
                {
                    "name": "InstallmentsLineItems",
                    "part": "4",
                    "replacement-node": 215,
                    "expression-node": 216,
                    "template-line-number": 1164,
                    "node-pos": 363
                }
            ]
        },
        "rule-60": {
            "name": "CommonStockSubscribedLineItems",
            "subs": [
                {
                    "name": "CommonStockSubscribedLineItems",
                    "part": "2",
                    "replacement-node": 51,
                    "expression-node": 52,
                    "template-line-number": 213,
                    "node-pos": 96
                },
                {
                    "name": "CommonStockSubscribedLineItems",
                    "part": "3",
                    "replacement-node": 54,
                    "expression-node": 55,
                    "template-line-number": 221,
                    "node-pos": 101
                },
                {
                    "name": "CommonStockSubscribedLineItems",
                    "part": "4",
                    "replacement-node": 57,
                    "expression-node": 58,
                    "template-line-number": 229,
                    "node-pos": 105
                }
            ]
        },
        "rule-61": {
            "name": "PremiumLineItems",
            "subs": [
                {
                    "name": "PremiumLineItems",
                    "part": "3",
                    "replacement-node": 178,
                    "template-line-number": 936,
                    "extras": {},
                    "node-pos": 304
                },
                {
                    "name": "PremiumLineItems",
                    "part": "4",
                    "replacement-node": 175,
                    "expression-node": 176,
                    "template-line-number": 927,
                    "node-pos": 300
                },
                {
                    "name": "PremiumLineItems",
                    "part": "4",
                    "replacement-node": 181,
                    "expression-node": 182,
                    "template-line-number": 945,
                    "node-pos": 308
                },
                {
                    "name": "PremiumLineItems",
                    "part": "5",
                    "replacement-node": 184,
                    "expression-node": 185,
                    "template-line-number": 954,
                    "node-pos": 312
                }
            ]
        },
        "rule-62": {
            "name": "CapitalStockDataLineItems",
            "subs": [
                {
                    "name": "CapitalStockDataLineItems",
                    "part": "3",
                    "replacement-node": 237,
                    "expression-node": 238,
                    "template-line-number": 1309,
                    "node-pos": 397
                },
                {
                    "name": "CapitalStockDataLineItems",
                    "part": "4",
                    "replacement-node": 240,
                    "template-line-number": 1318,
                    "extras": {},
                    "node-pos": 401
                },
                {
                    "name": "CapitalStockDataLineItems",
                    "part": "5",
                    "replacement-node": 243,
                    "expression-node": 244,
                    "template-line-number": 1327,
                    "node-pos": 405
                },
                {
                    "name": "CapitalStockDataLineItems",
                    "part": "6",
                    "replacement-node": 246,
                    "expression-node": 247,
                    "template-line-number": 1336,
                    "node-pos": 409
                }
            ]
        },
        "rule-63": {
            "name": "CapitalStockHeader",
            "subs": [
                {
                    "name": "CapitalStockHeader",
                    "part": "1",
                    "replacement-node": 231,
                    "template-line-number": 1252,
                    "extras": {},
                    "node-pos": 388
                }
            ]
        },
        "rule-64": {
            "name": "PreferredStockSubscribedLineItems",
            "subs": [
                {
                    "name": "PreferredStockSubscribedLineItems",
                    "part": "3",
                    "replacement-node": 116,
                    "expression-node": 117,
                    "template-line-number": 550,
                    "node-pos": 203
                },
                {
                    "name": "PreferredStockSubscribedLineItems",
                    "part": "4",
                    "replacement-node": 113,
                    "expression-node": 114,
                    "template-line-number": 540,
                    "node-pos": 198
                },
                {
                    "name": "PreferredStockSubscribedLineItems",
                    "part": "4",
                    "replacement-node": 119,
                    "expression-node": 120,
                    "template-line-number": 558,
                    "node-pos": 207
                }
            ]
        }
    },
    "line-numbers": {
        "CommonStockSubscribedLineItems": [
            {
                "line-number-node": 48,
                "start-number": 2,
                "template-line-number": 207
            }
        ],
        "CommonStockConvertedLineItems": [
            {
                "line-number-node": 79,
                "start-rule": "rule-65",
                "template-line-number": 356
            }
        ],
        "PreferredStockSubscribedLineItems": [
            {
                "line-number-node": 110,
                "start-rule": "rule-66",
                "template-line-number": 522
            }
        ],
        "PreferredStockConvertedLineItems": [
            {
                "line-number-node": 141,
                "start-rule": "rule-67",
                "template-line-number": 702
            }
        ],
        "PremiumLineItems": [
            {
                "line-number-node": 172,
                "start-rule": "rule-68",
                "template-line-number": 900
            }
        ],
        "InstallmentsLineItems": [
            {
                "line-number-node": 206,
                "start-rule": "rule-69",
                "template-line-number": 1114
            }
        ],
        "CapitalStockDataLineItems": [
            {
                "line-number-node": 234,
                "start-number": 1,
                "template-line-number": 1303
            }
        ]
    },
    "showifs": {
        "rule-1": {
            "type": "showif",
            "template-line-number": 17
        }
    },
    "footnotes": {},
    "standard-rules": [
        "rule-2",
        "rule-3",
        "rule-4",
        "rule-5",
        "rule-6",
        "rule-7",
        "rule-8",
        "rule-9",
        "rule-10",
        "rule-11",
        "rule-12",
        "rule-13",
        "rule-14",
        "rule-15",
        "rule-16",
        "rule-17",
        "rule-18",
        "rule-19",
        "rule-20",
        "rule-21",
        "rule-22",
        "rule-23",
        "rule-24",
        "rule-25",
        "rule-26",
        "rule-27",
        "rule-28",
        "rule-29",
        "rule-30",
        "rule-31",
        "rule-32",
        "rule-33",
        "rule-34",
        "rule-35",
        "rule-36",
        "rule-37",
        "rule-38",
        "rule-39",
        "rule-40",
        "rule-41",
        "rule-42",
        "rule-43",
        "rule-44",
        "rule-45",
        "rule-46",
        "rule-47",
        "rule-48",
        "rule-49",
        "rule-50",
        "rule-51",
        "rule-52",
        "rule-53",
        "rule-54",
        "rule-55",
        "rule-56",
        "rule-57",
        "rule-58",
        "rule-59",
        "rule-60",
        "rule-61",
        "rule-62",
        "rule-63",
        "rule-64"
    ],
    "footnote-rules": []
}