{
    "substitutions": {
        "rule-2": [
            {
                "part": null,
                "replacement-node": 1,
                "template-line-number": 27,
                "node-pos": 11
            }
        ],
        "rule-3": [
            {
                "part": null,
                "replacement-node": 4,
                "expression-node": 5,
                "template-line-number": 34,
                "node-pos": 15
            }
        ],
        "rule-4": [
            {
                "part": null,
                "replacement-node": 7,
                "template-line-number": 41,
                "node-pos": 19
            }
        ],
        "rule-5": [
            {
                "part": null,
                "replacement-node": 10,
                "template-line-number": 49,
                "node-pos": 23,
                "html": true
            }
        ],
        "rule-6": [
            {
                "part": null,
                "replacement-node": 13,
                "template-line-number": 66,
                "node-pos": 28,
                "html": true
            }
        ],
        "rule-7": [
            {
                "part": null,
                "replacement-node": 16,
                "template-line-number": 84,
                "node-pos": 33
            }
        ],
        "rule-8": [
            {
                "part": null,
                "replacement-node": 19,
                "expression-node": 20,
                "template-line-number": 91,
                "node-pos": 38
            }
        ],
        "rule-9": [
            {
                "part": null,
                "replacement-node": 22,
                "template-line-number": 98,
                "node-pos": 42
            }
        ],
        "rule-10": [
            {
                "part": null,
                "replacement-node": 25,
                "expression-node": 26,
                "template-line-number": 105,
                "node-pos": 47
            }
        ],
        "rule-11": [
            {
                "part": null,
                "replacement-node": 28,
                "expression-node": 29,
                "template-line-number": 111,
                "node-pos": 51
            }
        ],
        "rule-12": [
            {
                "part": null,
                "replacement-node": 31,
                "template-line-number": 123,
                "node-pos": 57
            }
        ],
        "rule-13": [
            {
                "part": null,
                "replacement-node": 34,
                "template-line-number": 134,
                "node-pos": 62,
                "html": true
            }
        ],
        "rule-14": [
            {
                "part": null,
                "replacement-node": 53,
                "template-line-number": 244,
                "node-pos": 98
            }
        ],
        "rule-15": [
            {
                "part": null,
                "replacement-node": 56,
                "expression-node": 57,
                "template-line-number": 254,
                "node-pos": 102
            }
        ],
        "rule-16": [
            {
                "part": null,
                "replacement-node": 59,
                "template-line-number": 272,
                "node-pos": 110
            }
        ],
        "rule-17": [
            {
                "part": null,
                "replacement-node": 62,
                "template-line-number": 283,
                "node-pos": 115
            }
        ],
        "rule-18": [
            {
                "part": null,
                "replacement-node": 79,
                "expression-node": 80,
                "template-line-number": 647,
                "node-pos": 143
            }
        ],
        "rule-19": [
            {
                "part": null,
                "replacement-node": 82,
                "template-line-number": 652,
                "node-pos": 147
            }
        ],
        "rule-20": [
            {
                "part": null,
                "replacement-node": 85,
                "template-line-number": 661,
                "node-pos": 151
            }
        ],
        "rule-21": {
            "name": "PipelineTaxesLineItems2",
            "subs": [
                {
                    "name": "PipelineTaxesLineItems2",
                    "part": "1",
                    "replacement-node": 66,
                    "template-line-number": 412,
                    "extras": {},
                    "node-pos": 123
                },
                {
                    "name": "PipelineTaxesLineItems2",
                    "part": "2",
                    "replacement-node": 70,
                    "expression-node": 71,
                    "template-line-number": 423,
                    "node-pos": 130
                },
                {
                    "name": "PipelineTaxesLineItems2",
                    "part": "5",
                    "replacement-node": 75,
                    "expression-node": 76,
                    "template-line-number": 433,
                    "node-pos": 136
                },
                {
                    "name": "PipelineTaxesLineItems2",
                    "part": "6",
                    "replacement-node": 68,
                    "template-line-number": 419,
                    "extras": {},
                    "node-pos": 128
                }
            ]
        },
        "rule-22": {
            "name": "ColumnHeadings",
            "subs": [
                {
                    "name": "ColumnHeadings",
                    "part": "1",
                    "replacement-node": 38,
                    "template-line-number": 164,
                    "extras": {},
                    "node-pos": 75
                },
                {
                    "name": "ColumnHeadings",
                    "part": "2",
                    "replacement-node": 41,
                    "template-line-number": 171,
                    "extras": {},
                    "node-pos": 79
                }
            ]
        },
        "rule-23": {
            "name": "PipelineTaxesLineItems",
            "subs": [
                {
                    "name": "PipelineTaxesLineItems",
                    "part": "2",
                    "replacement-node": 47,
                    "expression-node": 48,
                    "template-line-number": 223,
                    "node-pos": 88
                },
                {
                    "name": "PipelineTaxesLineItems",
                    "part": "3",
                    "replacement-node": 50,
                    "expression-node": 51,
                    "template-line-number": 231,
                    "node-pos": 92
                }
            ]
        }
    },
    "line-numbers": {
        "PipelineTaxesLineItems": [
            {
                "line-number-node": 45,
                "start-number": 1,
                "template-line-number": 218
            }
        ]
    },
    "showifs": {
        "rule-1": {
            "type": "showif",
            "template-line-number": 17
        }
    },
    "footnotes": {},
    "standard-rules": [
        "rule-2",
        "rule-3",
        "rule-4",
        "rule-5",
        "rule-6",
        "rule-7",
        "rule-8",
        "rule-9",
        "rule-10",
        "rule-11",
        "rule-12",
        "rule-13",
        "rule-14",
        "rule-15",
        "rule-16",
        "rule-17",
        "rule-18",
        "rule-19",
        "rule-20",
        "rule-21",
        "rule-22",
        "rule-23"
    ],
    "footnote-rules": []
}