{
    "substitutions": {
        "rule-2": [
            {
                "part": null,
                "replacement-node": 1,
                "template-line-number": 28,
                "node-pos": 11
            }
        ],
        "rule-3": [
            {
                "part": null,
                "replacement-node": 4,
                "expression-node": 5,
                "template-line-number": 34,
                "node-pos": 15
            }
        ],
        "rule-4": [
            {
                "part": null,
                "replacement-node": 7,
                "template-line-number": 40,
                "node-pos": 19
            }
        ],
        "rule-5": [
            {
                "part": null,
                "replacement-node": 10,
                "template-line-number": 46,
                "node-pos": 23,
                "html": true
            }
        ],
        "rule-6": [
            {
                "part": null,
                "replacement-node": 13,
                "template-line-number": 58,
                "node-pos": 28,
                "html": true
            }
        ],
        "rule-7": [
            {
                "part": null,
                "replacement-node": 16,
                "template-line-number": 69,
                "node-pos": 33
            }
        ],
        "rule-8": [
            {
                "part": null,
                "replacement-node": 19,
                "expression-node": 20,
                "template-line-number": 74,
                "node-pos": 37
            }
        ],
        "rule-9": [
            {
                "part": null,
                "replacement-node": 22,
                "template-line-number": 79,
                "node-pos": 41
            }
        ],
        "rule-10": [
            {
                "part": null,
                "replacement-node": 25,
                "expression-node": 26,
                "template-line-number": 84,
                "node-pos": 45
            }
        ],
        "rule-11": [
            {
                "part": null,
                "replacement-node": 28,
                "expression-node": 29,
                "template-line-number": 89,
                "node-pos": 49
            }
        ],
        "rule-12": [
            {
                "part": null,
                "replacement-node": 31,
                "template-line-number": 99,
                "node-pos": 55
            }
        ],
        "rule-13": [
            {
                "part": null,
                "replacement-node": 34,
                "template-line-number": 110,
                "node-pos": 60,
                "html": true
            }
        ],
        "rule-14": [
            {
                "part": null,
                "replacement-node": 44,
                "template-line-number": 152,
                "node-pos": 79
            }
        ],
        "rule-15": [
            {
                "part": null,
                "replacement-node": 47,
                "expression-node": 48,
                "template-line-number": 161,
                "node-pos": 83
            }
        ],
        "rule-16": [
            {
                "part": null,
                "replacement-node": 50,
                "expression-node": 51,
                "template-line-number": 171,
                "node-pos": 87
            }
        ],
        "rule-17": [
            {
                "part": null,
                "replacement-node": 53,
                "template-line-number": 185,
                "node-pos": 93
            }
        ],
        "rule-18": [
            {
                "part": null,
                "replacement-node": 56,
                "expression-node": 57,
                "template-line-number": 194,
                "node-pos": 97
            }
        ],
        "rule-19": [
            {
                "part": null,
                "replacement-node": 59,
                "expression-node": 60,
                "template-line-number": 204,
                "node-pos": 101
            }
        ],
        "rule-20": [
            {
                "part": null,
                "replacement-node": 62,
                "template-line-number": 218,
                "node-pos": 107
            }
        ],
        "rule-21": [
            {
                "part": null,
                "replacement-node": 65,
                "expression-node": 66,
                "template-line-number": 227,
                "node-pos": 111
            }
        ],
        "rule-22": [
            {
                "part": null,
                "replacement-node": 68,
                "expression-node": 69,
                "template-line-number": 237,
                "node-pos": 115
            }
        ],
        "rule-23": [
            {
                "part": null,
                "replacement-node": 71,
                "template-line-number": 251,
                "node-pos": 121
            }
        ],
        "rule-24": [
            {
                "part": null,
                "replacement-node": 86,
                "template-line-number": 326,
                "node-pos": 146
            }
        ],
        "rule-25": [
            {
                "part": null,
                "replacement-node": 89,
                "expression-node": 90,
                "template-line-number": 338,
                "node-pos": 151
            }
        ],
        "rule-26": [
            {
                "part": null,
                "replacement-node": 92,
                "expression-node": 93,
                "template-line-number": 348,
                "node-pos": 155
            }
        ],
        "rule-27": [
            {
                "part": null,
                "replacement-node": 95,
                "expression-node": 96,
                "template-line-number": 362,
                "node-pos": 161
            }
        ],
        "rule-28": [
            {
                "part": null,
                "replacement-node": 98,
                "template-line-number": 367,
                "node-pos": 165
            }
        ],
        "rule-29": [
            {
                "part": null,
                "replacement-node": 101,
                "template-line-number": 376,
                "node-pos": 169
            }
        ],
        "rule-30": {
            "name": "InterestAndDividend",
            "subs": [
                {
                    "name": "InterestAndDividend",
                    "part": "2",
                    "replacement-node": 77,
                    "expression-node": 78,
                    "template-line-number": 304,
                    "node-pos": 132
                },
                {
                    "name": "InterestAndDividend",
                    "part": "3",
                    "replacement-node": 80,
                    "expression-node": 81,
                    "template-line-number": 309,
                    "node-pos": 136
                },
                {
                    "name": "InterestAndDividend",
                    "part": "4",
                    "replacement-node": 83,
                    "expression-node": 84,
                    "template-line-number": 314,
                    "node-pos": 140
                }
            ]
        },
        "rule-31": {
            "name": "ColumnHeadings",
            "subs": [
                {
                    "name": "ColumnHeadings",
                    "part": "1",
                    "replacement-node": 38,
                    "template-line-number": 133,
                    "extras": {},
                    "node-pos": 69
                },
                {
                    "name": "ColumnHeadings",
                    "part": "2",
                    "replacement-node": 41,
                    "template-line-number": 140,
                    "extras": {},
                    "node-pos": 73
                }
            ]
        }
    },
    "line-numbers": {
        "InterestAndDividend": [
            {
                "line-number-node": 75,
                "start-number": 5,
                "template-line-number": 300
            }
        ]
    },
    "showifs": {
        "rule-1": {
            "type": "showif",
            "template-line-number": 18
        }
    },
    "footnotes": {},
    "standard-rules": [
        "rule-2",
        "rule-3",
        "rule-4",
        "rule-5",
        "rule-6",
        "rule-7",
        "rule-8",
        "rule-9",
        "rule-10",
        "rule-11",
        "rule-12",
        "rule-13",
        "rule-14",
        "rule-15",
        "rule-16",
        "rule-17",
        "rule-18",
        "rule-19",
        "rule-20",
        "rule-21",
        "rule-22",
        "rule-23",
        "rule-24",
        "rule-25",
        "rule-26",
        "rule-27",
        "rule-28",
        "rule-29",
        "rule-30",
        "rule-31"
    ],
    "footnote-rules": []
}