{
    "substitutions": {
        "rule-1": [
            {
                "part": null,
                "replacement-node": 0,
                "expression-node": 1,
                "template-line-number": 22,
                "node-pos": 9
            }
        ],
        "rule-2": [
            {
                "part": null,
                "replacement-node": 3,
                "template-line-number": 34,
                "node-pos": 17
            }
        ],
        "rule-3": [
            {
                "part": null,
                "replacement-node": 9,
                "template-line-number": 52,
                "node-pos": 25
            }
        ],
        "rule-4": [
            {
                "part": null,
                "replacement-node": 12,
                "expression-node": 13,
                "template-line-number": 64,
                "node-pos": 30
            }
        ],
        "rule-5": [
            {
                "part": null,
                "replacement-node": 15,
                "expression-node": 16,
                "template-line-number": 69,
                "node-pos": 34
            }
        ],
        "rule-6": [
            {
                "part": null,
                "replacement-node": 18,
                "template-line-number": 78,
                "node-pos": 39
            }
        ],
        "rule-7": [
            {
                "part": null,
                "replacement-node": 21,
                "expression-node": 22,
                "template-line-number": 86,
                "node-pos": 44
            }
        ],
        "rule-8": [
            {
                "part": null,
                "replacement-node": 24,
                "expression-node": 25,
                "template-line-number": 94,
                "node-pos": 48
            }
        ],
        "rule-9": [
            {
                "part": null,
                "replacement-node": 27,
                "template-line-number": 103,
                "node-pos": 53
            }
        ],
        "rule-10": [
            {
                "part": null,
                "replacement-node": 30,
                "expression-node": 31,
                "template-line-number": 111,
                "node-pos": 58
            }
        ],
        "rule-11": [
            {
                "part": null,
                "replacement-node": 33,
                "template-line-number": 123,
                "node-pos": 63
            }
        ],
        "rule-12": [
            {
                "part": null,
                "replacement-node": 36,
                "expression-node": 37,
                "template-line-number": 131,
                "node-pos": 67
            }
        ],
        "rule-13": [
            {
                "part": null,
                "replacement-node": 39,
                "template-line-number": 141,
                "node-pos": 71
            }
        ],
        "rule-14": [
            {
                "part": null,
                "replacement-node": 42,
                "expression-node": 43,
                "template-line-number": 149,
                "node-pos": 75
            }
        ],
        "rule-15": [
            {
                "part": null,
                "replacement-node": 45,
                "template-line-number": 161,
                "node-pos": 80
            }
        ],
        "rule-16": [
            {
                "part": null,
                "replacement-node": 48,
                "expression-node": 49,
                "template-line-number": 169,
                "node-pos": 85
            }
        ],
        "rule-17": [
            {
                "part": null,
                "replacement-node": 51,
                "template-line-number": 181,
                "node-pos": 90
            }
        ],
        "rule-18": [
            {
                "part": null,
                "replacement-node": 54,
                "expression-node": 55,
                "template-line-number": 189,
                "node-pos": 95
            }
        ],
        "rule-19": [
            {
                "part": null,
                "replacement-node": 57,
                "template-line-number": 199,
                "node-pos": 99
            }
        ],
        "rule-20": [
            {
                "part": null,
                "replacement-node": 60,
                "template-line-number": 209,
                "node-pos": 103,
                "html": true
            }
        ],
        "rule-21": [
            {
                "part": null,
                "replacement-node": 63,
                "template-line-number": 221,
                "node-pos": 108,
                "html": true
            }
        ],
        "rule-22": [
            {
                "part": null,
                "replacement-node": 66,
                "template-line-number": 233,
                "node-pos": 113
            }
        ],
        "rule-23": [
            {
                "part": null,
                "replacement-node": 69,
                "expression-node": 70,
                "template-line-number": 241,
                "node-pos": 118
            }
        ],
        "rule-24": [
            {
                "part": null,
                "replacement-node": 72,
                "template-line-number": 275,
                "node-pos": 135
            }
        ],
        "rule-25": [
            {
                "part": null,
                "replacement-node": 75,
                "expression-node": 76,
                "template-line-number": 283,
                "node-pos": 139
            }
        ],
        "rule-26": [
            {
                "part": null,
                "replacement-node": 78,
                "template-line-number": 295,
                "node-pos": 144
            }
        ],
        "rule-27": [
            {
                "part": null,
                "replacement-node": 81,
                "expression-node": 82,
                "template-line-number": 303,
                "node-pos": 148
            }
        ],
        "rule-28": [
            {
                "part": null,
                "replacement-node": 84,
                "template-line-number": 315,
                "node-pos": 152
            }
        ],
        "rule-29": [
            {
                "part": null,
                "replacement-node": 87,
                "expression-node": 88,
                "template-line-number": 323,
                "node-pos": 156
            }
        ],
        "rule-30": [
            {
                "part": null,
                "replacement-node": 90,
                "template-line-number": 333,
                "node-pos": 161
            }
        ],
        "rule-31": [
            {
                "part": null,
                "replacement-node": 93,
                "expression-node": 94,
                "template-line-number": 341,
                "node-pos": 165
            }
        ],
        "rule-32": [
            {
                "part": null,
                "replacement-node": 96,
                "expression-node": 97,
                "template-line-number": 369,
                "node-pos": 176
            }
        ],
        "rule-33": [
            {
                "part": null,
                "replacement-node": 99,
                "template-line-number": 376,
                "node-pos": 180
            }
        ],
        "rule-34": [
            {
                "part": null,
                "replacement-node": 102,
                "template-line-number": 386,
                "node-pos": 184
            }
        ],
        "rule-35": {
            "name": "RespondentLegalName",
            "subs": [
                {
                    "name": "RespondentLegalName",
                    "part": "1",
                    "replacement-node": 6,
                    "expression-node": 7,
                    "template-line-number": 42,
                    "node-pos": 21
                }
            ]
        }
    },
    "line-numbers": {},
    "showifs": {},
    "footnotes": {},
    "standard-rules": [
        "rule-1",
        "rule-2",
        "rule-3",
        "rule-4",
        "rule-5",
        "rule-6",
        "rule-7",
        "rule-8",
        "rule-9",
        "rule-10",
        "rule-11",
        "rule-12",
        "rule-13",
        "rule-14",
        "rule-15",
        "rule-16",
        "rule-17",
        "rule-18",
        "rule-19",
        "rule-20",
        "rule-21",
        "rule-22",
        "rule-23",
        "rule-24",
        "rule-25",
        "rule-26",
        "rule-27",
        "rule-28",
        "rule-29",
        "rule-30",
        "rule-31",
        "rule-32",
        "rule-33",
        "rule-34",
        "rule-35"
    ],
    "footnote-rules": []
}