{
    "substitutions": {
        "rule-2": [
            {
                "part": null,
                "replacement-node": 1,
                "template-line-number": 29,
                "node-pos": 11
            }
        ],
        "rule-3": [
            {
                "part": null,
                "replacement-node": 4,
                "expression-node": 5,
                "template-line-number": 34,
                "node-pos": 15
            }
        ],
        "rule-4": [
            {
                "part": null,
                "replacement-node": 7,
                "template-line-number": 40,
                "node-pos": 19
            }
        ],
        "rule-5": [
            {
                "part": null,
                "replacement-node": 10,
                "template-line-number": 46,
                "node-pos": 23,
                "html": true
            }
        ],
        "rule-6": [
            {
                "part": null,
                "replacement-node": 13,
                "template-line-number": 58,
                "node-pos": 28,
                "html": true
            }
        ],
        "rule-7": [
            {
                "part": null,
                "replacement-node": 16,
                "template-line-number": 69,
                "node-pos": 33
            }
        ],
        "rule-8": [
            {
                "part": null,
                "replacement-node": 19,
                "expression-node": 20,
                "template-line-number": 74,
                "node-pos": 37
            }
        ],
        "rule-9": [
            {
                "part": null,
                "replacement-node": 22,
                "template-line-number": 79,
                "node-pos": 41
            }
        ],
        "rule-10": [
            {
                "part": null,
                "replacement-node": 25,
                "expression-node": 26,
                "template-line-number": 84,
                "node-pos": 45
            }
        ],
        "rule-11": [
            {
                "part": null,
                "replacement-node": 28,
                "expression-node": 29,
                "template-line-number": 89,
                "node-pos": 49
            }
        ],
        "rule-12": [
            {
                "part": null,
                "replacement-node": 31,
                "template-line-number": 99,
                "node-pos": 55
            }
        ],
        "rule-13": [
            {
                "part": null,
                "replacement-node": 34,
                "template-line-number": 110,
                "node-pos": 60,
                "html": true
            }
        ],
        "rule-14": [
            {
                "part": null,
                "replacement-node": 72,
                "expression-node": 73,
                "template-line-number": 271,
                "node-pos": 124
            }
        ],
        "rule-15": [
            {
                "part": null,
                "replacement-node": 75,
                "template-line-number": 276,
                "node-pos": 128
            }
        ],
        "rule-16": [
            {
                "part": null,
                "replacement-node": 78,
                "template-line-number": 285,
                "node-pos": 132
            }
        ],
        "rule-17": {
            "name": "CarrierPropertyItems",
            "subs": [
                {
                    "name": "CarrierPropertyItems",
                    "part": "1",
                    "replacement-node": 45,
                    "template-line-number": 204,
                    "extras": {},
                    "node-pos": 85
                },
                {
                    "name": "CarrierPropertyItems",
                    "part": "2",
                    "replacement-node": 50,
                    "template-line-number": 216,
                    "extras": {},
                    "node-pos": 93
                },
                {
                    "name": "CarrierPropertyItems",
                    "part": "2",
                    "replacement-node": 53,
                    "expression-node": 54,
                    "template-line-number": 225,
                    "node-pos": 97
                },
                {
                    "name": "CarrierPropertyItems",
                    "part": "3",
                    "replacement-node": 56,
                    "expression-node": 57,
                    "template-line-number": 232,
                    "node-pos": 101
                },
                {
                    "name": "CarrierPropertyItems",
                    "part": "4",
                    "replacement-node": 59,
                    "expression-node": 60,
                    "template-line-number": 239,
                    "node-pos": 105
                },
                {
                    "name": "CarrierPropertyItems",
                    "part": "5",
                    "replacement-node": 63,
                    "expression-node": 64,
                    "template-line-number": 247,
                    "node-pos": 110
                },
                {
                    "name": "CarrierPropertyItems",
                    "part": "6",
                    "replacement-node": 48,
                    "template-line-number": 212,
                    "extras": {},
                    "node-pos": 91
                },
                {
                    "name": "CarrierPropertyItems",
                    "part": "6",
                    "replacement-node": 66,
                    "expression-node": 67,
                    "template-line-number": 254,
                    "node-pos": 114
                },
                {
                    "name": "CarrierPropertyItems",
                    "part": "7",
                    "replacement-node": 69,
                    "expression-node": 70,
                    "template-line-number": 261,
                    "node-pos": 118
                }
            ]
        },
        "rule-18": {
            "name": "ColumnHeadings",
            "subs": [
                {
                    "name": "ColumnHeadings",
                    "part": "1",
                    "replacement-node": 38,
                    "template-line-number": 142,
                    "extras": {},
                    "node-pos": 75
                },
                {
                    "name": "ColumnHeadings",
                    "part": "2",
                    "replacement-node": 41,
                    "template-line-number": 149,
                    "extras": {},
                    "node-pos": 79
                }
            ]
        }
    },
    "line-numbers": {},
    "showifs": {
        "rule-1": {
            "type": "showif",
            "template-line-number": 19
        }
    },
    "footnotes": {},
    "standard-rules": [
        "rule-2",
        "rule-3",
        "rule-4",
        "rule-5",
        "rule-6",
        "rule-7",
        "rule-8",
        "rule-9",
        "rule-10",
        "rule-11",
        "rule-12",
        "rule-13",
        "rule-14",
        "rule-15",
        "rule-16",
        "rule-17",
        "rule-18"
    ],
    "footnote-rules": []
}