{
    "substitutions": {
        "rule-2": [
            {
                "part": null,
                "replacement-node": 1,
                "template-line-number": 25,
                "node-pos": 11
            }
        ],
        "rule-3": [
            {
                "part": null,
                "replacement-node": 4,
                "expression-node": 5,
                "template-line-number": 33,
                "node-pos": 15
            }
        ],
        "rule-4": [
            {
                "part": null,
                "replacement-node": 7,
                "template-line-number": 40,
                "node-pos": 19
            }
        ],
        "rule-5": [
            {
                "part": null,
                "replacement-node": 10,
                "template-line-number": 48,
                "node-pos": 23,
                "html": true
            }
        ],
        "rule-6": [
            {
                "part": null,
                "replacement-node": 13,
                "template-line-number": 64,
                "node-pos": 28,
                "html": true
            }
        ],
        "rule-7": [
            {
                "part": null,
                "replacement-node": 16,
                "template-line-number": 81,
                "node-pos": 33
            }
        ],
        "rule-8": [
            {
                "part": null,
                "replacement-node": 19,
                "expression-node": 20,
                "template-line-number": 88,
                "node-pos": 37
            }
        ],
        "rule-9": [
            {
                "part": null,
                "replacement-node": 22,
                "template-line-number": 95,
                "node-pos": 41
            }
        ],
        "rule-10": [
            {
                "part": null,
                "replacement-node": 25,
                "expression-node": 26,
                "template-line-number": 102,
                "node-pos": 45
            }
        ],
        "rule-11": [
            {
                "part": null,
                "replacement-node": 28,
                "expression-node": 29,
                "template-line-number": 108,
                "node-pos": 49
            }
        ],
        "rule-12": [
            {
                "part": null,
                "replacement-node": 31,
                "template-line-number": 119,
                "node-pos": 55
            }
        ],
        "rule-13": [
            {
                "part": null,
                "replacement-node": 34,
                "template-line-number": 130,
                "node-pos": 60,
                "html": true
            }
        ],
        "rule-14": [
            {
                "part": null,
                "replacement-node": 82,
                "expression-node": 83,
                "template-line-number": 371,
                "node-pos": 141
            }
        ],
        "rule-15": [
            {
                "part": null,
                "replacement-node": 85,
                "template-line-number": 376,
                "node-pos": 145
            }
        ],
        "rule-16": [
            {
                "part": null,
                "replacement-node": 88,
                "template-line-number": 385,
                "node-pos": 149
            }
        ],
        "rule-17": {
            "name": "ColumnHeadings",
            "subs": [
                {
                    "name": "ColumnHeadings",
                    "part": "1",
                    "replacement-node": 40,
                    "template-line-number": 185,
                    "extras": {},
                    "node-pos": 82
                },
                {
                    "name": "ColumnHeadings",
                    "part": "2",
                    "replacement-node": 43,
                    "template-line-number": 193,
                    "extras": {},
                    "node-pos": 86
                },
                {
                    "name": "ColumnHeadings",
                    "part": "3",
                    "replacement-node": 38,
                    "template-line-number": 181,
                    "extras": {},
                    "node-pos": 80
                }
            ]
        },
        "rule-18": {
            "name": "CapitalStockChanges",
            "subs": [
                {
                    "name": "CapitalStockChanges",
                    "part": "10",
                    "replacement-node": 73,
                    "expression-node": 74,
                    "template-line-number": 342,
                    "node-pos": 127
                },
                {
                    "name": "CapitalStockChanges",
                    "part": "11",
                    "replacement-node": 76,
                    "expression-node": 77,
                    "template-line-number": 350,
                    "node-pos": 131
                },
                {
                    "name": "CapitalStockChanges",
                    "part": "12",
                    "replacement-node": 79,
                    "expression-node": 80,
                    "template-line-number": 358,
                    "node-pos": 135
                },
                {
                    "name": "CapitalStockChanges",
                    "part": "2",
                    "replacement-node": 49,
                    "expression-node": 50,
                    "template-line-number": 278,
                    "node-pos": 95
                },
                {
                    "name": "CapitalStockChanges",
                    "part": "3",
                    "replacement-node": 52,
                    "expression-node": 53,
                    "template-line-number": 286,
                    "node-pos": 99
                },
                {
                    "name": "CapitalStockChanges",
                    "part": "4",
                    "replacement-node": 55,
                    "expression-node": 56,
                    "template-line-number": 294,
                    "node-pos": 103
                },
                {
                    "name": "CapitalStockChanges",
                    "part": "5",
                    "replacement-node": 58,
                    "expression-node": 59,
                    "template-line-number": 302,
                    "node-pos": 107
                },
                {
                    "name": "CapitalStockChanges",
                    "part": "6",
                    "replacement-node": 61,
                    "expression-node": 62,
                    "template-line-number": 310,
                    "node-pos": 111
                },
                {
                    "name": "CapitalStockChanges",
                    "part": "7",
                    "replacement-node": 64,
                    "expression-node": 65,
                    "template-line-number": 318,
                    "node-pos": 115
                },
                {
                    "name": "CapitalStockChanges",
                    "part": "8",
                    "replacement-node": 67,
                    "expression-node": 68,
                    "template-line-number": 326,
                    "node-pos": 119
                },
                {
                    "name": "CapitalStockChanges",
                    "part": "9",
                    "replacement-node": 70,
                    "expression-node": 71,
                    "template-line-number": 334,
                    "node-pos": 123
                }
            ]
        }
    },
    "line-numbers": {
        "CapitalStockChanges": [
            {
                "line-number-node": 47,
                "start-number": 1,
                "template-line-number": 273
            }
        ]
    },
    "showifs": {
        "rule-1": {
            "type": "showif",
            "template-line-number": 15
        }
    },
    "footnotes": {},
    "standard-rules": [
        "rule-2",
        "rule-3",
        "rule-4",
        "rule-5",
        "rule-6",
        "rule-7",
        "rule-8",
        "rule-9",
        "rule-10",
        "rule-11",
        "rule-12",
        "rule-13",
        "rule-14",
        "rule-15",
        "rule-16",
        "rule-17",
        "rule-18"
    ],
    "footnote-rules": []
}