{
    "substitutions": {
        "rule-2": [
            {
                "part": null,
                "replacement-node": 1,
                "template-line-number": 27,
                "node-pos": 10
            }
        ],
        "rule-3": [
            {
                "part": null,
                "replacement-node": 4,
                "expression-node": 5,
                "template-line-number": 32,
                "node-pos": 14
            }
        ],
        "rule-4": [
            {
                "part": null,
                "replacement-node": 7,
                "template-line-number": 38,
                "node-pos": 18
            }
        ],
        "rule-5": [
            {
                "part": null,
                "replacement-node": 10,
                "template-line-number": 44,
                "node-pos": 22,
                "html": true
            }
        ],
        "rule-6": [
            {
                "part": null,
                "replacement-node": 13,
                "template-line-number": 56,
                "node-pos": 27,
                "html": true
            }
        ],
        "rule-7": [
            {
                "part": null,
                "replacement-node": 16,
                "template-line-number": 67,
                "node-pos": 32
            }
        ],
        "rule-8": [
            {
                "part": null,
                "replacement-node": 19,
                "expression-node": 20,
                "template-line-number": 72,
                "node-pos": 36
            }
        ],
        "rule-9": [
            {
                "part": null,
                "replacement-node": 22,
                "template-line-number": 77,
                "node-pos": 40
            }
        ],
        "rule-10": [
            {
                "part": null,
                "replacement-node": 25,
                "expression-node": 26,
                "template-line-number": 82,
                "node-pos": 44
            }
        ],
        "rule-11": [
            {
                "part": null,
                "replacement-node": 28,
                "expression-node": 29,
                "template-line-number": 87,
                "node-pos": 48
            }
        ],
        "rule-12": [
            {
                "part": null,
                "replacement-node": 31,
                "template-line-number": 97,
                "node-pos": 54
            }
        ],
        "rule-13": [
            {
                "part": null,
                "replacement-node": 34,
                "template-line-number": 108,
                "node-pos": 59,
                "html": true
            }
        ],
        "rule-14": [
            {
                "part": null,
                "replacement-node": 103,
                "expression-node": 104,
                "template-line-number": 407,
                "node-pos": 170
            }
        ],
        "rule-15": [
            {
                "part": null,
                "replacement-node": 106,
                "template-line-number": 412,
                "node-pos": 174
            }
        ],
        "rule-16": [
            {
                "part": null,
                "replacement-node": 109,
                "template-line-number": 421,
                "node-pos": 178
            }
        ],
        "rule-17": {
            "name": "ISHeadings",
            "subs": [
                {
                    "name": "ISHeadings",
                    "part": "1",
                    "replacement-node": 38,
                    "template-line-number": 155,
                    "extras": {},
                    "node-pos": 85
                },
                {
                    "name": "ISHeadings",
                    "part": "2",
                    "replacement-node": 41,
                    "template-line-number": 162,
                    "extras": {},
                    "node-pos": 89
                }
            ]
        },
        "rule-18": {
            "name": "ISLineItems",
            "subs": [
                {
                    "name": "ISLineItems",
                    "part": "1",
                    "replacement-node": 45,
                    "template-line-number": 241,
                    "extras": {},
                    "node-pos": 95
                },
                {
                    "name": "ISLineItems",
                    "part": "10",
                    "replacement-node": 83,
                    "expression-node": 84,
                    "template-line-number": 338,
                    "node-pos": 144
                },
                {
                    "name": "ISLineItems",
                    "part": "11",
                    "replacement-node": 88,
                    "expression-node": 89,
                    "template-line-number": 354,
                    "node-pos": 150
                },
                {
                    "name": "ISLineItems",
                    "part": "12",
                    "replacement-node": 93,
                    "expression-node": 94,
                    "template-line-number": 370,
                    "node-pos": 156
                },
                {
                    "name": "ISLineItems",
                    "part": "13",
                    "replacement-node": 98,
                    "expression-node": 99,
                    "template-line-number": 386,
                    "node-pos": 162
                },
                {
                    "name": "ISLineItems",
                    "part": "2",
                    "replacement-node": 50,
                    "template-line-number": 252,
                    "extras": {},
                    "node-pos": 103
                },
                {
                    "name": "ISLineItems",
                    "part": "3",
                    "replacement-node": 54,
                    "template-line-number": 259,
                    "extras": {},
                    "node-pos": 108
                },
                {
                    "name": "ISLineItems",
                    "part": "4",
                    "replacement-node": 57,
                    "expression-node": 58,
                    "template-line-number": 269,
                    "node-pos": 112
                },
                {
                    "name": "ISLineItems",
                    "part": "5",
                    "replacement-node": 61,
                    "expression-node": 62,
                    "template-line-number": 278,
                    "node-pos": 117
                },
                {
                    "name": "ISLineItems",
                    "part": "6",
                    "replacement-node": 48,
                    "template-line-number": 248,
                    "extras": {},
                    "node-pos": 101
                },
                {
                    "name": "ISLineItems",
                    "part": "6",
                    "replacement-node": 65,
                    "expression-node": 66,
                    "template-line-number": 287,
                    "node-pos": 122
                },
                {
                    "name": "ISLineItems",
                    "part": "7",
                    "replacement-node": 69,
                    "expression-node": 70,
                    "template-line-number": 296,
                    "node-pos": 127
                },
                {
                    "name": "ISLineItems",
                    "part": "8",
                    "replacement-node": 73,
                    "expression-node": 74,
                    "template-line-number": 305,
                    "node-pos": 132
                },
                {
                    "name": "ISLineItems",
                    "part": "9",
                    "replacement-node": 78,
                    "expression-node": 79,
                    "template-line-number": 321,
                    "node-pos": 138
                }
            ]
        }
    },
    "line-numbers": {},
    "showifs": {
        "rule-1": {
            "type": "showif",
            "template-line-number": 17
        }
    },
    "footnotes": {},
    "standard-rules": [
        "rule-2",
        "rule-3",
        "rule-4",
        "rule-5",
        "rule-6",
        "rule-7",
        "rule-8",
        "rule-9",
        "rule-10",
        "rule-11",
        "rule-12",
        "rule-13",
        "rule-14",
        "rule-15",
        "rule-16",
        "rule-17",
        "rule-18"
    ],
    "footnote-rules": []
}