{
    "substitutions": {
        "rule-1": [
            {
                "part": null,
                "replacement-node": 0,
                "template-line-number": 22,
                "node-pos": 10
            }
        ],
        "rule-2": [
            {
                "part": null,
                "replacement-node": 3,
                "expression-node": 4,
                "template-line-number": 27,
                "node-pos": 14
            }
        ],
        "rule-3": [
            {
                "part": null,
                "replacement-node": 6,
                "template-line-number": 33,
                "node-pos": 18
            }
        ],
        "rule-4": [
            {
                "part": null,
                "replacement-node": 9,
                "template-line-number": 39,
                "node-pos": 22,
                "html": true
            }
        ],
        "rule-5": [
            {
                "part": null,
                "replacement-node": 12,
                "template-line-number": 51,
                "node-pos": 27,
                "html": true
            }
        ],
        "rule-6": [
            {
                "part": null,
                "replacement-node": 15,
                "template-line-number": 62,
                "node-pos": 32
            }
        ],
        "rule-7": [
            {
                "part": null,
                "replacement-node": 18,
                "expression-node": 19,
                "template-line-number": 67,
                "node-pos": 36
            }
        ],
        "rule-8": [
            {
                "part": null,
                "replacement-node": 21,
                "template-line-number": 72,
                "node-pos": 40
            }
        ],
        "rule-9": [
            {
                "part": null,
                "replacement-node": 24,
                "expression-node": 25,
                "template-line-number": 77,
                "node-pos": 44
            }
        ],
        "rule-10": [
            {
                "part": null,
                "replacement-node": 27,
                "expression-node": 28,
                "template-line-number": 82,
                "node-pos": 48
            }
        ],
        "rule-11": [
            {
                "part": null,
                "replacement-node": 30,
                "template-line-number": 92,
                "node-pos": 54
            }
        ],
        "rule-12": [
            {
                "part": null,
                "replacement-node": 33,
                "template-line-number": 103,
                "node-pos": 59,
                "html": true
            }
        ],
        "rule-13": [
            {
                "part": null,
                "replacement-node": 58,
                "expression-node": 59,
                "template-line-number": 284,
                "node-pos": 99
            }
        ],
        "rule-14": [
            {
                "part": null,
                "replacement-node": 61,
                "template-line-number": 289,
                "node-pos": 103
            }
        ],
        "rule-15": [
            {
                "part": null,
                "replacement-node": 64,
                "template-line-number": 299,
                "node-pos": 107
            }
        ],
        "rule-16": {
            "name": "officer",
            "subs": [
                {
                    "name": "officer",
                    "part": "2",
                    "replacement-node": 46,
                    "expression-node": 47,
                    "template-line-number": 256,
                    "node-pos": 81
                },
                {
                    "name": "officer",
                    "part": "3",
                    "replacement-node": 49,
                    "expression-node": 50,
                    "template-line-number": 261,
                    "node-pos": 85
                },
                {
                    "name": "officer",
                    "part": "4",
                    "replacement-node": 52,
                    "expression-node": 53,
                    "template-line-number": 266,
                    "node-pos": 89
                },
                {
                    "name": "officer",
                    "part": "5",
                    "replacement-node": 55,
                    "expression-node": 56,
                    "template-line-number": 271,
                    "node-pos": 93
                }
            ]
        },
        "rule-17": {
            "name": "ISHeadings",
            "subs": [
                {
                    "name": "ISHeadings",
                    "part": "1",
                    "replacement-node": 37,
                    "template-line-number": 128,
                    "extras": {},
                    "node-pos": 68
                },
                {
                    "name": "ISHeadings",
                    "part": "2",
                    "replacement-node": 40,
                    "template-line-number": 135,
                    "extras": {},
                    "node-pos": 72
                }
            ]
        }
    },
    "line-numbers": {
        "officer": [
            {
                "line-number-node": 44,
                "start-number": 1,
                "template-line-number": 253
            }
        ]
    },
    "showifs": {},
    "footnotes": {},
    "standard-rules": [
        "rule-1",
        "rule-2",
        "rule-3",
        "rule-4",
        "rule-5",
        "rule-6",
        "rule-7",
        "rule-8",
        "rule-9",
        "rule-10",
        "rule-11",
        "rule-12",
        "rule-13",
        "rule-14",
        "rule-15",
        "rule-16",
        "rule-17"
    ],
    "footnote-rules": []
}