{
    "substitutions": {
        "rule-1": [
            {
                "part": null,
                "replacement-node": 0,
                "template-line-number": 19,
                "node-pos": 9
            }
        ],
        "rule-2": [
            {
                "part": null,
                "replacement-node": 3,
                "expression-node": 4,
                "template-line-number": 26,
                "node-pos": 13
            }
        ],
        "rule-3": [
            {
                "part": null,
                "replacement-node": 6,
                "template-line-number": 33,
                "node-pos": 17
            }
        ],
        "rule-4": [
            {
                "part": null,
                "replacement-node": 9,
                "template-line-number": 41,
                "node-pos": 21,
                "html": true
            }
        ],
        "rule-5": [
            {
                "part": null,
                "replacement-node": 12,
                "template-line-number": 58,
                "node-pos": 26,
                "html": true
            }
        ],
        "rule-6": [
            {
                "part": null,
                "replacement-node": 15,
                "template-line-number": 76,
                "node-pos": 31
            }
        ],
        "rule-7": [
            {
                "part": null,
                "replacement-node": 18,
                "expression-node": 19,
                "template-line-number": 83,
                "node-pos": 35
            }
        ],
        "rule-8": [
            {
                "part": null,
                "replacement-node": 21,
                "template-line-number": 90,
                "node-pos": 39
            }
        ],
        "rule-9": [
            {
                "part": null,
                "replacement-node": 24,
                "expression-node": 25,
                "template-line-number": 97,
                "node-pos": 43
            }
        ],
        "rule-10": [
            {
                "part": null,
                "replacement-node": 27,
                "expression-node": 28,
                "template-line-number": 103,
                "node-pos": 47
            }
        ],
        "rule-11": [
            {
                "part": null,
                "replacement-node": 30,
                "template-line-number": 115,
                "node-pos": 53
            }
        ],
        "rule-12": [
            {
                "part": null,
                "replacement-node": 33,
                "template-line-number": 126,
                "node-pos": 58,
                "html": true
            }
        ],
        "rule-13": [
            {
                "part": null,
                "replacement-node": 43,
                "template-line-number": 177,
                "node-pos": 79
            }
        ],
        "rule-14": [
            {
                "part": null,
                "replacement-node": 46,
                "expression-node": 47,
                "template-line-number": 187,
                "node-pos": 83
            }
        ],
        "rule-15": [
            {
                "part": null,
                "replacement-node": 49,
                "expression-node": 50,
                "template-line-number": 198,
                "node-pos": 87
            }
        ],
        "rule-16": [
            {
                "part": null,
                "replacement-node": 52,
                "expression-node": 53,
                "template-line-number": 209,
                "node-pos": 91
            }
        ],
        "rule-17": [
            {
                "part": null,
                "replacement-node": 55,
                "template-line-number": 223,
                "node-pos": 97
            }
        ],
        "rule-18": [
            {
                "part": null,
                "replacement-node": 58,
                "expression-node": 59,
                "template-line-number": 233,
                "node-pos": 101
            }
        ],
        "rule-19": [
            {
                "part": null,
                "replacement-node": 61,
                "expression-node": 62,
                "template-line-number": 244,
                "node-pos": 105
            }
        ],
        "rule-20": [
            {
                "part": null,
                "replacement-node": 64,
                "expression-node": 65,
                "template-line-number": 255,
                "node-pos": 109
            }
        ],
        "rule-21": [
            {
                "part": null,
                "replacement-node": 67,
                "template-line-number": 269,
                "node-pos": 115
            }
        ],
        "rule-22": [
            {
                "part": null,
                "replacement-node": 70,
                "expression-node": 71,
                "template-line-number": 279,
                "node-pos": 119
            }
        ],
        "rule-23": [
            {
                "part": null,
                "replacement-node": 73,
                "expression-node": 74,
                "template-line-number": 290,
                "node-pos": 123
            }
        ],
        "rule-24": [
            {
                "part": null,
                "replacement-node": 76,
                "expression-node": 77,
                "template-line-number": 301,
                "node-pos": 127
            }
        ],
        "rule-25": [
            {
                "part": null,
                "replacement-node": 79,
                "template-line-number": 315,
                "node-pos": 133
            }
        ],
        "rule-26": [
            {
                "part": null,
                "replacement-node": 82,
                "template-line-number": 331,
                "node-pos": 142
            }
        ],
        "rule-27": [
            {
                "part": null,
                "replacement-node": 85,
                "expression-node": 86,
                "template-line-number": 341,
                "node-pos": 146
            }
        ],
        "rule-28": [
            {
                "part": null,
                "replacement-node": 88,
                "expression-node": 89,
                "template-line-number": 352,
                "node-pos": 150
            }
        ],
        "rule-29": [
            {
                "part": null,
                "replacement-node": 91,
                "expression-node": 92,
                "template-line-number": 363,
                "node-pos": 154
            }
        ],
        "rule-30": [
            {
                "part": null,
                "replacement-node": 94,
                "template-line-number": 377,
                "node-pos": 160
            }
        ],
        "rule-31": [
            {
                "part": null,
                "replacement-node": 97,
                "template-line-number": 393,
                "node-pos": 169
            }
        ],
        "rule-32": [
            {
                "part": null,
                "replacement-node": 100,
                "expression-node": 101,
                "template-line-number": 403,
                "node-pos": 173
            }
        ],
        "rule-33": [
            {
                "part": null,
                "replacement-node": 103,
                "expression-node": 104,
                "template-line-number": 414,
                "node-pos": 177
            }
        ],
        "rule-34": [
            {
                "part": null,
                "replacement-node": 106,
                "expression-node": 107,
                "template-line-number": 425,
                "node-pos": 181
            }
        ],
        "rule-35": [
            {
                "part": null,
                "replacement-node": 109,
                "template-line-number": 439,
                "node-pos": 187
            }
        ],
        "rule-36": [
            {
                "part": null,
                "replacement-node": 112,
                "expression-node": 113,
                "template-line-number": 449,
                "node-pos": 191
            }
        ],
        "rule-37": [
            {
                "part": null,
                "replacement-node": 115,
                "expression-node": 116,
                "template-line-number": 460,
                "node-pos": 195
            }
        ],
        "rule-38": [
            {
                "part": null,
                "replacement-node": 118,
                "expression-node": 119,
                "template-line-number": 471,
                "node-pos": 199
            }
        ],
        "rule-39": [
            {
                "part": null,
                "replacement-node": 121,
                "template-line-number": 485,
                "node-pos": 205
            }
        ],
        "rule-40": [
            {
                "part": null,
                "replacement-node": 124,
                "expression-node": 125,
                "template-line-number": 495,
                "node-pos": 209
            }
        ],
        "rule-41": [
            {
                "part": null,
                "replacement-node": 127,
                "expression-node": 128,
                "template-line-number": 506,
                "node-pos": 213
            }
        ],
        "rule-42": [
            {
                "part": null,
                "replacement-node": 130,
                "expression-node": 131,
                "template-line-number": 517,
                "node-pos": 217
            }
        ],
        "rule-43": [
            {
                "part": null,
                "replacement-node": 133,
                "template-line-number": 531,
                "node-pos": 223
            }
        ],
        "rule-44": [
            {
                "part": null,
                "replacement-node": 136,
                "expression-node": 137,
                "template-line-number": 541,
                "node-pos": 227
            }
        ],
        "rule-45": [
            {
                "part": null,
                "replacement-node": 139,
                "expression-node": 140,
                "template-line-number": 552,
                "node-pos": 231
            }
        ],
        "rule-46": [
            {
                "part": null,
                "replacement-node": 142,
                "expression-node": 143,
                "template-line-number": 563,
                "node-pos": 235
            }
        ],
        "rule-47": [
            {
                "part": null,
                "replacement-node": 145,
                "template-line-number": 577,
                "node-pos": 241
            }
        ],
        "rule-48": [
            {
                "part": null,
                "replacement-node": 148,
                "expression-node": 149,
                "template-line-number": 587,
                "node-pos": 245
            }
        ],
        "rule-49": [
            {
                "part": null,
                "replacement-node": 151,
                "expression-node": 152,
                "template-line-number": 598,
                "node-pos": 249
            }
        ],
        "rule-50": [
            {
                "part": null,
                "replacement-node": 154,
                "expression-node": 155,
                "template-line-number": 609,
                "node-pos": 253
            }
        ],
        "rule-51": [
            {
                "part": null,
                "replacement-node": 157,
                "template-line-number": 623,
                "node-pos": 259
            }
        ],
        "rule-52": [
            {
                "part": null,
                "replacement-node": 160,
                "expression-node": 161,
                "template-line-number": 633,
                "node-pos": 263
            }
        ],
        "rule-53": [
            {
                "part": null,
                "replacement-node": 163,
                "expression-node": 164,
                "template-line-number": 644,
                "node-pos": 267
            }
        ],
        "rule-54": [
            {
                "part": null,
                "replacement-node": 166,
                "template-line-number": 659,
                "node-pos": 274
            }
        ],
        "rule-55": [
            {
                "part": null,
                "replacement-node": 169,
                "expression-node": 170,
                "template-line-number": 669,
                "node-pos": 278
            }
        ],
        "rule-56": [
            {
                "part": null,
                "replacement-node": 172,
                "expression-node": 173,
                "template-line-number": 680,
                "node-pos": 282
            }
        ],
        "rule-57": [
            {
                "part": null,
                "replacement-node": 175,
                "expression-node": 176,
                "template-line-number": 691,
                "node-pos": 286
            }
        ],
        "rule-58": [
            {
                "part": null,
                "replacement-node": 178,
                "template-line-number": 705,
                "node-pos": 292
            }
        ],
        "rule-59": [
            {
                "part": null,
                "replacement-node": 181,
                "expression-node": 182,
                "template-line-number": 715,
                "node-pos": 296
            }
        ],
        "rule-60": [
            {
                "part": null,
                "replacement-node": 184,
                "expression-node": 185,
                "template-line-number": 726,
                "node-pos": 300
            }
        ],
        "rule-61": [
            {
                "part": null,
                "replacement-node": 187,
                "expression-node": 188,
                "template-line-number": 737,
                "node-pos": 304
            }
        ],
        "rule-62": [
            {
                "part": null,
                "replacement-node": 190,
                "template-line-number": 751,
                "node-pos": 310
            }
        ],
        "rule-63": [
            {
                "part": null,
                "replacement-node": 193,
                "expression-node": 194,
                "template-line-number": 761,
                "node-pos": 314
            }
        ],
        "rule-64": [
            {
                "part": null,
                "replacement-node": 196,
                "expression-node": 197,
                "template-line-number": 772,
                "node-pos": 318
            }
        ],
        "rule-65": [
            {
                "part": null,
                "replacement-node": 199,
                "expression-node": 200,
                "template-line-number": 783,
                "node-pos": 322
            }
        ],
        "rule-66": [
            {
                "part": null,
                "replacement-node": 202,
                "template-line-number": 797,
                "node-pos": 328
            }
        ],
        "rule-67": [
            {
                "part": null,
                "replacement-node": 205,
                "expression-node": 206,
                "template-line-number": 807,
                "node-pos": 332
            }
        ],
        "rule-68": [
            {
                "part": null,
                "replacement-node": 208,
                "expression-node": 209,
                "template-line-number": 818,
                "node-pos": 336
            }
        ],
        "rule-69": [
            {
                "part": null,
                "replacement-node": 211,
                "expression-node": 212,
                "template-line-number": 829,
                "node-pos": 340
            }
        ],
        "rule-70": [
            {
                "part": null,
                "replacement-node": 229,
                "template-line-number": 934,
                "node-pos": 367
            }
        ],
        "rule-71": [
            {
                "part": null,
                "replacement-node": 232,
                "expression-node": 233,
                "template-line-number": 944,
                "node-pos": 371
            }
        ],
        "rule-72": [
            {
                "part": null,
                "replacement-node": 235,
                "expression-node": 236,
                "template-line-number": 955,
                "node-pos": 375
            }
        ],
        "rule-73": [
            {
                "part": null,
                "replacement-node": 238,
                "expression-node": 239,
                "template-line-number": 971,
                "node-pos": 382
            }
        ],
        "rule-74": [
            {
                "part": null,
                "replacement-node": 241,
                "template-line-number": 976,
                "node-pos": 386
            }
        ],
        "rule-75": [
            {
                "part": null,
                "replacement-node": 244,
                "template-line-number": 985,
                "node-pos": 390
            }
        ],
        "rule-76": {
            "name": "MatsAndSuppsOtherClasses",
            "subs": [
                {
                    "name": "MatsAndSuppsOtherClasses",
                    "part": "2",
                    "replacement-node": 217,
                    "expression-node": 218,
                    "template-line-number": 895,
                    "node-pos": 349
                },
                {
                    "name": "MatsAndSuppsOtherClasses",
                    "part": "3",
                    "replacement-node": 220,
                    "expression-node": 221,
                    "template-line-number": 904,
                    "node-pos": 353
                },
                {
                    "name": "MatsAndSuppsOtherClasses",
                    "part": "4",
                    "replacement-node": 223,
                    "expression-node": 224,
                    "template-line-number": 913,
                    "node-pos": 357
                },
                {
                    "name": "MatsAndSuppsOtherClasses",
                    "part": "5",
                    "replacement-node": 226,
                    "expression-node": 227,
                    "template-line-number": 921,
                    "node-pos": 361
                }
            ]
        },
        "rule-77": {
            "name": "ColumnHeadeings",
            "subs": [
                {
                    "name": "ColumnHeadeings",
                    "part": "1",
                    "replacement-node": 37,
                    "template-line-number": 159,
                    "extras": {},
                    "node-pos": 69
                },
                {
                    "name": "ColumnHeadeings",
                    "part": "2",
                    "replacement-node": 40,
                    "template-line-number": 166,
                    "extras": {},
                    "node-pos": 73
                }
            ]
        }
    },
    "line-numbers": {
        "MatsAndSuppsOtherClasses": [
            {
                "line-number-node": 215,
                "start-number": 17,
                "template-line-number": 888
            }
        ]
    },
    "showifs": {},
    "footnotes": {},
    "standard-rules": [
        "rule-1",
        "rule-2",
        "rule-3",
        "rule-4",
        "rule-5",
        "rule-6",
        "rule-7",
        "rule-8",
        "rule-9",
        "rule-10",
        "rule-11",
        "rule-12",
        "rule-13",
        "rule-14",
        "rule-15",
        "rule-16",
        "rule-17",
        "rule-18",
        "rule-19",
        "rule-20",
        "rule-21",
        "rule-22",
        "rule-23",
        "rule-24",
        "rule-25",
        "rule-26",
        "rule-27",
        "rule-28",
        "rule-29",
        "rule-30",
        "rule-31",
        "rule-32",
        "rule-33",
        "rule-34",
        "rule-35",
        "rule-36",
        "rule-37",
        "rule-38",
        "rule-39",
        "rule-40",
        "rule-41",
        "rule-42",
        "rule-43",
        "rule-44",
        "rule-45",
        "rule-46",
        "rule-47",
        "rule-48",
        "rule-49",
        "rule-50",
        "rule-51",
        "rule-52",
        "rule-53",
        "rule-54",
        "rule-55",
        "rule-56",
        "rule-57",
        "rule-58",
        "rule-59",
        "rule-60",
        "rule-61",
        "rule-62",
        "rule-63",
        "rule-64",
        "rule-65",
        "rule-66",
        "rule-67",
        "rule-68",
        "rule-69",
        "rule-70",
        "rule-71",
        "rule-72",
        "rule-73",
        "rule-74",
        "rule-75",
        "rule-76",
        "rule-77"
    ],
    "footnote-rules": []
}