{
    "substitutions": {
        "rule-1": [
            {
                "part": null,
                "replacement-node": 0,
                "template-line-number": 25,
                "node-pos": 10
            }
        ],
        "rule-2": [
            {
                "part": null,
                "replacement-node": 3,
                "template-line-number": 38,
                "node-pos": 15
            }
        ],
        "rule-3": [
            {
                "part": null,
                "replacement-node": 9,
                "template-line-number": 56,
                "node-pos": 23
            }
        ],
        "rule-4": [
            {
                "part": null,
                "replacement-node": 12,
                "expression-node": 13,
                "template-line-number": 66,
                "node-pos": 28
            }
        ],
        "rule-5": [
            {
                "part": null,
                "replacement-node": 15,
                "expression-node": 16,
                "template-line-number": 71,
                "node-pos": 32
            }
        ],
        "rule-6": [
            {
                "part": null,
                "replacement-node": 18,
                "template-line-number": 79,
                "node-pos": 37
            }
        ],
        "rule-7": [
            {
                "part": null,
                "replacement-node": 21,
                "expression-node": 22,
                "template-line-number": 87,
                "node-pos": 42
            }
        ],
        "rule-8": [
            {
                "part": null,
                "replacement-node": 24,
                "expression-node": 25,
                "template-line-number": 95,
                "node-pos": 46
            }
        ],
        "rule-9": [
            {
                "part": null,
                "replacement-node": 27,
                "template-line-number": 104,
                "node-pos": 51
            }
        ],
        "rule-10": [
            {
                "part": null,
                "replacement-node": 30,
                "expression-node": 31,
                "template-line-number": 112,
                "node-pos": 56
            }
        ],
        "rule-11": [
            {
                "part": null,
                "replacement-node": 33,
                "template-line-number": 124,
                "node-pos": 61
            }
        ],
        "rule-12": [
            {
                "part": null,
                "replacement-node": 36,
                "expression-node": 37,
                "template-line-number": 132,
                "node-pos": 65
            }
        ],
        "rule-13": [
            {
                "part": null,
                "replacement-node": 39,
                "template-line-number": 142,
                "node-pos": 69
            }
        ],
        "rule-14": [
            {
                "part": null,
                "replacement-node": 42,
                "expression-node": 43,
                "template-line-number": 150,
                "node-pos": 73
            }
        ],
        "rule-15": [
            {
                "part": null,
                "replacement-node": 45,
                "template-line-number": 162,
                "node-pos": 78
            }
        ],
        "rule-16": [
            {
                "part": null,
                "replacement-node": 48,
                "expression-node": 49,
                "template-line-number": 170,
                "node-pos": 83
            }
        ],
        "rule-17": [
            {
                "part": null,
                "replacement-node": 51,
                "template-line-number": 182,
                "node-pos": 88
            }
        ],
        "rule-18": [
            {
                "part": null,
                "replacement-node": 54,
                "expression-node": 55,
                "template-line-number": 190,
                "node-pos": 93
            }
        ],
        "rule-19": [
            {
                "part": null,
                "replacement-node": 57,
                "template-line-number": 200,
                "node-pos": 97
            }
        ],
        "rule-20": [
            {
                "part": null,
                "replacement-node": 60,
                "template-line-number": 210,
                "node-pos": 101,
                "html": true
            }
        ],
        "rule-21": [
            {
                "part": null,
                "replacement-node": 63,
                "template-line-number": 222,
                "node-pos": 106,
                "html": true
            }
        ],
        "rule-22": [
            {
                "part": null,
                "replacement-node": 66,
                "template-line-number": 234,
                "node-pos": 111
            }
        ],
        "rule-23": [
            {
                "part": null,
                "replacement-node": 69,
                "expression-node": 70,
                "template-line-number": 242,
                "node-pos": 116
            }
        ],
        "rule-24": [
            {
                "part": null,
                "replacement-node": 72,
                "template-line-number": 254,
                "node-pos": 121
            }
        ],
        "rule-25": [
            {
                "part": null,
                "replacement-node": 75,
                "expression-node": 76,
                "template-line-number": 262,
                "node-pos": 125
            }
        ],
        "rule-26": [
            {
                "part": null,
                "replacement-node": 78,
                "template-line-number": 272,
                "node-pos": 129
            }
        ],
        "rule-27": [
            {
                "part": null,
                "replacement-node": 81,
                "expression-node": 82,
                "template-line-number": 280,
                "node-pos": 133
            }
        ],
        "rule-28": [
            {
                "part": null,
                "replacement-node": 84,
                "template-line-number": 292,
                "node-pos": 138
            }
        ],
        "rule-29": [
            {
                "part": null,
                "replacement-node": 87,
                "expression-node": 88,
                "template-line-number": 300,
                "node-pos": 143
            }
        ],
        "rule-30": [
            {
                "part": null,
                "replacement-node": 90,
                "template-line-number": 313,
                "node-pos": 148
            }
        ],
        "rule-31": [
            {
                "part": null,
                "replacement-node": 93,
                "expression-node": 94,
                "template-line-number": 321,
                "node-pos": 152
            }
        ],
        "rule-32": [
            {
                "part": null,
                "replacement-node": 96,
                "template-line-number": 332,
                "node-pos": 156
            }
        ],
        "rule-33": [
            {
                "part": null,
                "replacement-node": 99,
                "expression-node": 100,
                "template-line-number": 340,
                "node-pos": 161
            }
        ],
        "rule-34": [
            {
                "part": null,
                "replacement-node": 102,
                "template-line-number": 350,
                "node-pos": 165
            }
        ],
        "rule-35": [
            {
                "part": null,
                "replacement-node": 105,
                "expression-node": 106,
                "template-line-number": 358,
                "node-pos": 169
            }
        ],
        "rule-36": [
            {
                "part": null,
                "replacement-node": 108,
                "template-line-number": 370,
                "node-pos": 174
            }
        ],
        "rule-37": [
            {
                "part": null,
                "replacement-node": 111,
                "expression-node": 112,
                "template-line-number": 378,
                "node-pos": 178
            }
        ],
        "rule-38": [
            {
                "part": null,
                "replacement-node": 114,
                "expression-node": 115,
                "template-line-number": 395,
                "node-pos": 184
            }
        ],
        "rule-39": [
            {
                "part": null,
                "replacement-node": 117,
                "template-line-number": 400,
                "node-pos": 188
            }
        ],
        "rule-40": [
            {
                "part": null,
                "replacement-node": 120,
                "template-line-number": 410,
                "node-pos": 192
            }
        ],
        "rule-41": {
            "name": "RespondentLegalName",
            "subs": [
                {
                    "name": "RespondentLegalName",
                    "part": "1",
                    "replacement-node": 6,
                    "expression-node": 7,
                    "template-line-number": 46,
                    "node-pos": 19
                }
            ]
        }
    },
    "line-numbers": {},
    "showifs": {},
    "footnotes": {},
    "standard-rules": [
        "rule-1",
        "rule-2",
        "rule-3",
        "rule-4",
        "rule-5",
        "rule-6",
        "rule-7",
        "rule-8",
        "rule-9",
        "rule-10",
        "rule-11",
        "rule-12",
        "rule-13",
        "rule-14",
        "rule-15",
        "rule-16",
        "rule-17",
        "rule-18",
        "rule-19",
        "rule-20",
        "rule-21",
        "rule-22",
        "rule-23",
        "rule-24",
        "rule-25",
        "rule-26",
        "rule-27",
        "rule-28",
        "rule-29",
        "rule-30",
        "rule-31",
        "rule-32",
        "rule-33",
        "rule-34",
        "rule-35",
        "rule-36",
        "rule-37",
        "rule-38",
        "rule-39",
        "rule-40",
        "rule-41"
    ],
    "footnote-rules": []
}