{
    "substitutions": {
        "rule-2": [
            {
                "part": null,
                "replacement-node": 1,
                "template-line-number": 27,
                "node-pos": 10
            }
        ],
        "rule-3": [
            {
                "part": null,
                "replacement-node": 4,
                "expression-node": 5,
                "template-line-number": 32,
                "node-pos": 14
            }
        ],
        "rule-4": [
            {
                "part": null,
                "replacement-node": 7,
                "template-line-number": 38,
                "node-pos": 18
            }
        ],
        "rule-5": [
            {
                "part": null,
                "replacement-node": 10,
                "template-line-number": 44,
                "node-pos": 22,
                "html": true
            }
        ],
        "rule-6": [
            {
                "part": null,
                "replacement-node": 13,
                "template-line-number": 56,
                "node-pos": 27,
                "html": true
            }
        ],
        "rule-7": [
            {
                "part": null,
                "replacement-node": 16,
                "template-line-number": 67,
                "node-pos": 32
            }
        ],
        "rule-8": [
            {
                "part": null,
                "replacement-node": 19,
                "expression-node": 20,
                "template-line-number": 71,
                "node-pos": 36
            }
        ],
        "rule-9": [
            {
                "part": null,
                "replacement-node": 22,
                "template-line-number": 76,
                "node-pos": 40
            }
        ],
        "rule-10": [
            {
                "part": null,
                "replacement-node": 25,
                "expression-node": 26,
                "template-line-number": 80,
                "node-pos": 44
            }
        ],
        "rule-11": [
            {
                "part": null,
                "replacement-node": 28,
                "expression-node": 29,
                "template-line-number": 85,
                "node-pos": 48
            }
        ],
        "rule-12": [
            {
                "part": null,
                "replacement-node": 31,
                "template-line-number": 95,
                "node-pos": 54
            }
        ],
        "rule-13": [
            {
                "part": null,
                "replacement-node": 58,
                "expression-node": 59,
                "template-line-number": 199,
                "node-pos": 96
            }
        ],
        "rule-14": [
            {
                "part": null,
                "replacement-node": 61,
                "template-line-number": 204,
                "node-pos": 100
            }
        ],
        "rule-15": [
            {
                "part": null,
                "replacement-node": 64,
                "template-line-number": 213,
                "node-pos": 104
            }
        ],
        "rule-16": {
            "name": "GSHeadings",
            "subs": [
                {
                    "name": "GSHeadings",
                    "part": "1",
                    "replacement-node": 35,
                    "template-line-number": 118,
                    "extras": {},
                    "node-pos": 62
                },
                {
                    "name": "GSHeadings",
                    "part": "2",
                    "replacement-node": 38,
                    "template-line-number": 125,
                    "extras": {},
                    "node-pos": 66
                }
            ]
        },
        "rule-17": {
            "name": "GSLineItems",
            "subs": [
                {
                    "name": "GSLineItems",
                    "part": "1",
                    "replacement-node": 42,
                    "template-line-number": 161,
                    "extras": {},
                    "node-pos": 72
                },
                {
                    "name": "GSLineItems",
                    "part": "2",
                    "replacement-node": 47,
                    "template-line-number": 172,
                    "extras": {},
                    "node-pos": 80
                },
                {
                    "name": "GSLineItems",
                    "part": "4",
                    "replacement-node": 52,
                    "expression-node": 53,
                    "template-line-number": 182,
                    "node-pos": 86
                },
                {
                    "name": "GSLineItems",
                    "part": "5",
                    "replacement-node": 55,
                    "expression-node": 56,
                    "template-line-number": 188,
                    "node-pos": 90
                },
                {
                    "name": "GSLineItems",
                    "part": "6",
                    "replacement-node": 45,
                    "template-line-number": 168,
                    "extras": {},
                    "node-pos": 78
                }
            ]
        }
    },
    "line-numbers": {},
    "showifs": {
        "rule-1": {
            "type": "showif",
            "template-line-number": 17
        }
    },
    "footnotes": {},
    "standard-rules": [
        "rule-2",
        "rule-3",
        "rule-4",
        "rule-5",
        "rule-6",
        "rule-7",
        "rule-8",
        "rule-9",
        "rule-10",
        "rule-11",
        "rule-12",
        "rule-13",
        "rule-14",
        "rule-15",
        "rule-16",
        "rule-17"
    ],
    "footnote-rules": []
}