{
    "substitutions": {
        "rule-2": [
            {
                "part": null,
                "replacement-node": 1,
                "template-line-number": 28,
                "node-pos": 11
            }
        ],
        "rule-3": [
            {
                "part": null,
                "replacement-node": 4,
                "expression-node": 5,
                "template-line-number": 34,
                "node-pos": 15
            }
        ],
        "rule-4": [
            {
                "part": null,
                "replacement-node": 7,
                "template-line-number": 40,
                "node-pos": 19
            }
        ],
        "rule-5": [
            {
                "part": null,
                "replacement-node": 10,
                "template-line-number": 46,
                "node-pos": 23,
                "html": true
            }
        ],
        "rule-6": [
            {
                "part": null,
                "replacement-node": 13,
                "template-line-number": 58,
                "node-pos": 28,
                "html": true
            }
        ],
        "rule-7": [
            {
                "part": null,
                "replacement-node": 16,
                "template-line-number": 69,
                "node-pos": 33
            }
        ],
        "rule-8": [
            {
                "part": null,
                "replacement-node": 19,
                "expression-node": 20,
                "template-line-number": 74,
                "node-pos": 37
            }
        ],
        "rule-9": [
            {
                "part": null,
                "replacement-node": 22,
                "template-line-number": 79,
                "node-pos": 41
            }
        ],
        "rule-10": [
            {
                "part": null,
                "replacement-node": 25,
                "expression-node": 26,
                "template-line-number": 84,
                "node-pos": 45
            }
        ],
        "rule-11": [
            {
                "part": null,
                "replacement-node": 28,
                "expression-node": 29,
                "template-line-number": 89,
                "node-pos": 49
            }
        ],
        "rule-12": [
            {
                "part": null,
                "replacement-node": 31,
                "template-line-number": 99,
                "node-pos": 55
            }
        ],
        "rule-13": [
            {
                "part": null,
                "replacement-node": 34,
                "template-line-number": 110,
                "node-pos": 60,
                "html": true
            }
        ],
        "rule-14": [
            {
                "part": null,
                "replacement-node": 76,
                "template-line-number": 293,
                "node-pos": 135
            }
        ],
        "rule-15": [
            {
                "part": null,
                "replacement-node": 79,
                "expression-node": 80,
                "template-line-number": 304,
                "node-pos": 140
            }
        ],
        "rule-16": [
            {
                "part": null,
                "replacement-node": 82,
                "expression-node": 83,
                "template-line-number": 314,
                "node-pos": 144
            }
        ],
        "rule-17": [
            {
                "part": null,
                "replacement-node": 85,
                "expression-node": 86,
                "template-line-number": 324,
                "node-pos": 148
            }
        ],
        "rule-18": [
            {
                "part": null,
                "replacement-node": 88,
                "expression-node": 89,
                "template-line-number": 334,
                "node-pos": 152
            }
        ],
        "rule-19": [
            {
                "part": null,
                "replacement-node": 91,
                "expression-node": 92,
                "template-line-number": 344,
                "node-pos": 156
            }
        ],
        "rule-20": [
            {
                "part": null,
                "replacement-node": 94,
                "expression-node": 95,
                "template-line-number": 354,
                "node-pos": 160
            }
        ],
        "rule-21": [
            {
                "part": null,
                "replacement-node": 97,
                "expression-node": 98,
                "template-line-number": 364,
                "node-pos": 164
            }
        ],
        "rule-22": [
            {
                "part": null,
                "replacement-node": 100,
                "expression-node": 101,
                "template-line-number": 374,
                "node-pos": 168
            }
        ],
        "rule-23": [
            {
                "part": null,
                "replacement-node": 103,
                "expression-node": 104,
                "template-line-number": 388,
                "node-pos": 174
            }
        ],
        "rule-24": [
            {
                "part": null,
                "replacement-node": 106,
                "template-line-number": 393,
                "node-pos": 178
            }
        ],
        "rule-25": [
            {
                "part": null,
                "replacement-node": 109,
                "template-line-number": 402,
                "node-pos": 182
            }
        ],
        "rule-26": {
            "name": "ColumnHeadings",
            "subs": [
                {
                    "name": "ColumnHeadings",
                    "part": "1",
                    "replacement-node": 40,
                    "template-line-number": 157,
                    "extras": {},
                    "node-pos": 84
                },
                {
                    "name": "ColumnHeadings",
                    "part": "2",
                    "replacement-node": 43,
                    "template-line-number": 165,
                    "extras": {},
                    "node-pos": 88
                },
                {
                    "name": "ColumnHeadings",
                    "part": "3",
                    "replacement-node": 38,
                    "template-line-number": 153,
                    "extras": {},
                    "node-pos": 82
                }
            ]
        },
        "rule-27": {
            "name": "AmortizationBaseReserve",
            "subs": [
                {
                    "name": "AmortizationBaseReserve",
                    "part": "10",
                    "replacement-node": 73,
                    "expression-node": 74,
                    "template-line-number": 281,
                    "node-pos": 129
                },
                {
                    "name": "AmortizationBaseReserve",
                    "part": "2",
                    "replacement-node": 49,
                    "expression-node": 50,
                    "template-line-number": 241,
                    "node-pos": 97
                },
                {
                    "name": "AmortizationBaseReserve",
                    "part": "3",
                    "replacement-node": 52,
                    "expression-node": 53,
                    "template-line-number": 246,
                    "node-pos": 101
                },
                {
                    "name": "AmortizationBaseReserve",
                    "part": "4",
                    "replacement-node": 55,
                    "expression-node": 56,
                    "template-line-number": 251,
                    "node-pos": 105
                },
                {
                    "name": "AmortizationBaseReserve",
                    "part": "5",
                    "replacement-node": 58,
                    "expression-node": 59,
                    "template-line-number": 256,
                    "node-pos": 109
                },
                {
                    "name": "AmortizationBaseReserve",
                    "part": "6",
                    "replacement-node": 61,
                    "expression-node": 62,
                    "template-line-number": 261,
                    "node-pos": 113
                },
                {
                    "name": "AmortizationBaseReserve",
                    "part": "7",
                    "replacement-node": 64,
                    "expression-node": 65,
                    "template-line-number": 266,
                    "node-pos": 117
                },
                {
                    "name": "AmortizationBaseReserve",
                    "part": "8",
                    "replacement-node": 67,
                    "expression-node": 68,
                    "template-line-number": 271,
                    "node-pos": 121
                },
                {
                    "name": "AmortizationBaseReserve",
                    "part": "9",
                    "replacement-node": 70,
                    "expression-node": 71,
                    "template-line-number": 276,
                    "node-pos": 125
                }
            ]
        }
    },
    "line-numbers": {
        "AmortizationBaseReserve": [
            {
                "line-number-node": 47,
                "start-number": 1,
                "template-line-number": 238
            }
        ]
    },
    "showifs": {
        "rule-1": {
            "type": "showif",
            "template-line-number": 18
        }
    },
    "footnotes": {},
    "standard-rules": [
        "rule-2",
        "rule-3",
        "rule-4",
        "rule-5",
        "rule-6",
        "rule-7",
        "rule-8",
        "rule-9",
        "rule-10",
        "rule-11",
        "rule-12",
        "rule-13",
        "rule-14",
        "rule-15",
        "rule-16",
        "rule-17",
        "rule-18",
        "rule-19",
        "rule-20",
        "rule-21",
        "rule-22",
        "rule-23",
        "rule-24",
        "rule-25",
        "rule-26",
        "rule-27"
    ],
    "footnote-rules": []
}