{
    "substitutions": {
        "rule-1": [
            {
                "part": null,
                "replacement-node": 0,
                "template-line-number": 23,
                "node-pos": 10
            }
        ],
        "rule-2": [
            {
                "part": null,
                "replacement-node": 3,
                "expression-node": 4,
                "template-line-number": 28,
                "node-pos": 14
            }
        ],
        "rule-3": [
            {
                "part": null,
                "replacement-node": 6,
                "template-line-number": 34,
                "node-pos": 18
            }
        ],
        "rule-4": [
            {
                "part": null,
                "replacement-node": 9,
                "template-line-number": 40,
                "node-pos": 22,
                "html": true
            }
        ],
        "rule-5": [
            {
                "part": null,
                "replacement-node": 12,
                "template-line-number": 52,
                "node-pos": 27,
                "html": true
            }
        ],
        "rule-6": [
            {
                "part": null,
                "replacement-node": 15,
                "template-line-number": 63,
                "node-pos": 32
            }
        ],
        "rule-7": [
            {
                "part": null,
                "replacement-node": 18,
                "expression-node": 19,
                "template-line-number": 68,
                "node-pos": 36
            }
        ],
        "rule-8": [
            {
                "part": null,
                "replacement-node": 21,
                "template-line-number": 73,
                "node-pos": 40
            }
        ],
        "rule-9": [
            {
                "part": null,
                "replacement-node": 24,
                "expression-node": 25,
                "template-line-number": 78,
                "node-pos": 44
            }
        ],
        "rule-10": [
            {
                "part": null,
                "replacement-node": 27,
                "expression-node": 28,
                "template-line-number": 83,
                "node-pos": 48
            }
        ],
        "rule-11": [
            {
                "part": null,
                "replacement-node": 30,
                "template-line-number": 98,
                "node-pos": 56
            }
        ],
        "rule-12": [
            {
                "part": null,
                "replacement-node": 33,
                "template-line-number": 113,
                "node-pos": 61,
                "html": true
            }
        ],
        "rule-13": [
            {
                "part": null,
                "replacement-node": 56,
                "expression-node": 57,
                "template-line-number": 214,
                "node-pos": 99
            }
        ],
        "rule-14": [
            {
                "part": null,
                "replacement-node": 59,
                "template-line-number": 221,
                "node-pos": 103
            }
        ],
        "rule-15": [
            {
                "part": null,
                "replacement-node": 62,
                "template-line-number": 231,
                "node-pos": 107
            }
        ],
        "rule-16": {
            "name": "ElectricOperationsAndMaintenanceExpensesLineItems",
            "subs": [
                {
                    "name": "ElectricOperationsAndMaintenanceExpensesLineItems",
                    "part": "1",
                    "replacement-node": 44,
                    "template-line-number": 181,
                    "extras": {},
                    "node-pos": 80
                },
                {
                    "name": "ElectricOperationsAndMaintenanceExpensesLineItems",
                    "part": "2",
                    "replacement-node": 47,
                    "template-line-number": 188,
                    "extras": {},
                    "node-pos": 86
                },
                {
                    "name": "ElectricOperationsAndMaintenanceExpensesLineItems",
                    "part": "3",
                    "replacement-node": 49,
                    "template-line-number": 192,
                    "extras": {},
                    "node-pos": 88
                },
                {
                    "name": "ElectricOperationsAndMaintenanceExpensesLineItems",
                    "part": "4",
                    "replacement-node": 53,
                    "expression-node": 54,
                    "template-line-number": 201,
                    "node-pos": 93
                }
            ]
        },
        "rule-17": {
            "name": "ColumnHeadings",
            "subs": [
                {
                    "name": "ColumnHeadings",
                    "part": "1",
                    "replacement-node": 37,
                    "template-line-number": 137,
                    "extras": {},
                    "node-pos": 70
                },
                {
                    "name": "ColumnHeadings",
                    "part": "2",
                    "replacement-node": 40,
                    "template-line-number": 144,
                    "extras": {},
                    "node-pos": 74
                }
            ]
        }
    },
    "line-numbers": {},
    "showifs": {},
    "footnotes": {},
    "standard-rules": [
        "rule-1",
        "rule-2",
        "rule-3",
        "rule-4",
        "rule-5",
        "rule-6",
        "rule-7",
        "rule-8",
        "rule-9",
        "rule-10",
        "rule-11",
        "rule-12",
        "rule-13",
        "rule-14",
        "rule-15",
        "rule-16",
        "rule-17"
    ],
    "footnote-rules": []
}