{
    "substitutions": {
        "rule-2": [
            {
                "part": null,
                "replacement-node": 1,
                "template-line-number": 27,
                "node-pos": 10
            }
        ],
        "rule-3": [
            {
                "part": null,
                "replacement-node": 4,
                "expression-node": 5,
                "template-line-number": 32,
                "node-pos": 15
            }
        ],
        "rule-4": [
            {
                "part": null,
                "replacement-node": 7,
                "template-line-number": 38,
                "node-pos": 19
            }
        ],
        "rule-5": [
            {
                "part": null,
                "replacement-node": 10,
                "template-line-number": 44,
                "node-pos": 23,
                "html": true
            }
        ],
        "rule-6": [
            {
                "part": null,
                "replacement-node": 13,
                "template-line-number": 56,
                "node-pos": 28,
                "html": true
            }
        ],
        "rule-7": [
            {
                "part": null,
                "replacement-node": 16,
                "template-line-number": 67,
                "node-pos": 33
            }
        ],
        "rule-8": [
            {
                "part": null,
                "replacement-node": 19,
                "expression-node": 20,
                "template-line-number": 71,
                "node-pos": 37
            }
        ],
        "rule-9": [
            {
                "part": null,
                "replacement-node": 22,
                "template-line-number": 76,
                "node-pos": 41
            }
        ],
        "rule-10": [
            {
                "part": null,
                "replacement-node": 25,
                "expression-node": 26,
                "template-line-number": 80,
                "node-pos": 45
            }
        ],
        "rule-11": [
            {
                "part": null,
                "replacement-node": 28,
                "expression-node": 29,
                "template-line-number": 85,
                "node-pos": 49
            }
        ],
        "rule-12": [
            {
                "part": null,
                "replacement-node": 31,
                "template-line-number": 95,
                "node-pos": 55
            }
        ],
        "rule-13": [
            {
                "part": null,
                "replacement-node": 34,
                "template-line-number": 106,
                "node-pos": 60,
                "html": true
            }
        ],
        "rule-14": [
            {
                "part": null,
                "replacement-node": 86,
                "template-line-number": 315,
                "node-pos": 141
            }
        ],
        "rule-15": [
            {
                "part": null,
                "replacement-node": 89,
                "expression-node": 90,
                "template-line-number": 327,
                "node-pos": 146
            }
        ],
        "rule-16": [
            {
                "part": null,
                "replacement-node": 92,
                "expression-node": 93,
                "template-line-number": 336,
                "node-pos": 150
            }
        ],
        "rule-17": [
            {
                "part": null,
                "replacement-node": 95,
                "expression-node": 96,
                "template-line-number": 345,
                "node-pos": 154
            }
        ],
        "rule-18": [
            {
                "part": null,
                "replacement-node": 98,
                "expression-node": 99,
                "template-line-number": 354,
                "node-pos": 158
            }
        ],
        "rule-19": [
            {
                "part": null,
                "replacement-node": 101,
                "template-line-number": 367,
                "node-pos": 164
            }
        ],
        "rule-20": [
            {
                "part": null,
                "replacement-node": 104,
                "expression-node": 105,
                "template-line-number": 379,
                "node-pos": 169
            }
        ],
        "rule-21": [
            {
                "part": null,
                "replacement-node": 107,
                "expression-node": 108,
                "template-line-number": 388,
                "node-pos": 173
            }
        ],
        "rule-22": [
            {
                "part": null,
                "replacement-node": 110,
                "expression-node": 111,
                "template-line-number": 397,
                "node-pos": 177
            }
        ],
        "rule-23": [
            {
                "part": null,
                "replacement-node": 113,
                "expression-node": 114,
                "template-line-number": 406,
                "node-pos": 181
            }
        ],
        "rule-24": [
            {
                "part": null,
                "replacement-node": 116,
                "expression-node": 117,
                "template-line-number": 419,
                "node-pos": 187
            }
        ],
        "rule-25": [
            {
                "part": null,
                "replacement-node": 119,
                "template-line-number": 424,
                "node-pos": 191
            }
        ],
        "rule-26": [
            {
                "part": null,
                "replacement-node": 122,
                "template-line-number": 433,
                "node-pos": 195
            }
        ],
        "rule-27": {
            "name": "DistributionHeadings",
            "subs": [
                {
                    "name": "DistributionHeadings",
                    "part": "1",
                    "replacement-node": 38,
                    "template-line-number": 134,
                    "extras": {},
                    "node-pos": 73
                },
                {
                    "name": "DistributionHeadings",
                    "part": "2",
                    "replacement-node": 41,
                    "template-line-number": 141,
                    "extras": {},
                    "node-pos": 77
                }
            ]
        },
        "rule-28": {
            "name": "OtherAccountLineItems",
            "subs": [
                {
                    "name": "OtherAccountLineItems",
                    "part": "2",
                    "replacement-node": 71,
                    "expression-node": 72,
                    "template-line-number": 284,
                    "node-pos": 119
                },
                {
                    "name": "OtherAccountLineItems",
                    "part": "3",
                    "replacement-node": 74,
                    "expression-node": 75,
                    "template-line-number": 289,
                    "node-pos": 123
                },
                {
                    "name": "OtherAccountLineItems",
                    "part": "4",
                    "replacement-node": 77,
                    "expression-node": 78,
                    "template-line-number": 294,
                    "node-pos": 127
                },
                {
                    "name": "OtherAccountLineItems",
                    "part": "5",
                    "replacement-node": 80,
                    "expression-node": 81,
                    "template-line-number": 299,
                    "node-pos": 131
                },
                {
                    "name": "OtherAccountLineItems",
                    "part": "6",
                    "replacement-node": 83,
                    "expression-node": 84,
                    "template-line-number": 304,
                    "node-pos": 135
                }
            ]
        },
        "rule-29": {
            "name": "DistributionLineItems",
            "subs": [
                {
                    "name": "DistributionLineItems",
                    "part": "1",
                    "replacement-node": 45,
                    "template-line-number": 191,
                    "extras": {},
                    "node-pos": 83
                },
                {
                    "name": "DistributionLineItems",
                    "part": "2",
                    "replacement-node": 50,
                    "template-line-number": 202,
                    "extras": {},
                    "node-pos": 91
                },
                {
                    "name": "DistributionLineItems",
                    "part": "5",
                    "replacement-node": 55,
                    "expression-node": 56,
                    "template-line-number": 212,
                    "node-pos": 97
                },
                {
                    "name": "DistributionLineItems",
                    "part": "6",
                    "replacement-node": 48,
                    "template-line-number": 198,
                    "extras": {},
                    "node-pos": 89
                },
                {
                    "name": "DistributionLineItems",
                    "part": "6",
                    "replacement-node": 58,
                    "expression-node": 59,
                    "template-line-number": 219,
                    "node-pos": 101
                },
                {
                    "name": "DistributionLineItems",
                    "part": "7",
                    "replacement-node": 61,
                    "expression-node": 62,
                    "template-line-number": 225,
                    "node-pos": 105
                },
                {
                    "name": "DistributionLineItems",
                    "part": "8",
                    "replacement-node": 64,
                    "expression-node": 65,
                    "template-line-number": 232,
                    "node-pos": 109
                }
            ]
        }
    },
    "line-numbers": {
        "OtherAccountLineItems": [
            {
                "line-number-node": 68,
                "start-number": 75,
                "template-line-number": 281,
                "sub-number": true
            }
        ]
    },
    "showifs": {
        "rule-1": {
            "type": "showif",
            "template-line-number": 17
        }
    },
    "footnotes": {},
    "standard-rules": [
        "rule-2",
        "rule-3",
        "rule-4",
        "rule-5",
        "rule-6",
        "rule-7",
        "rule-8",
        "rule-9",
        "rule-10",
        "rule-11",
        "rule-12",
        "rule-13",
        "rule-14",
        "rule-15",
        "rule-16",
        "rule-17",
        "rule-18",
        "rule-19",
        "rule-20",
        "rule-21",
        "rule-22",
        "rule-23",
        "rule-24",
        "rule-25",
        "rule-26",
        "rule-27",
        "rule-28",
        "rule-29"
    ],
    "footnote-rules": []
}