{
    "templates": [
        {
            "name": "Form 6 - 000 - Cover",
            "template": "templates/t0/t0-template.html",
            "xule-rule-set": "templates/t0/t0-xule-rule-set.zip",
            "xule-text": "templates/t0/t0-xule-text.xule",
            "rule-meta-data": "templates/t0/t0-rule-meta-data.json"
        },
        {
            "name": "Form 6 - 000 - Instructions",
            "template": "templates/t1/t1-template.html",
            "xule-rule-set": "templates/t1/t1-xule-rule-set.zip",
            "xule-text": "templates/t1/t1-xule-text.xule",
            "rule-meta-data": "templates/t1/t1-rule-meta-data.json"
        },
        {
            "name": "Form 6 - 001 - Identification",
            "template": "templates/t2/t2-template.html",
            "xule-rule-set": "templates/t2/t2-xule-rule-set.zip",
            "xule-text": "templates/t2/t2-xule-text.xule",
            "rule-meta-data": "templates/t2/t2-rule-meta-data.json"
        },
        {
            "name": "Form 6 - 002 - 6Q - List of Schedules",
            "template": "templates/t3/t3-template.html",
            "xule-rule-set": "templates/t3/t3-xule-rule-set.zip",
            "xule-text": "templates/t3/t3-xule-text.xule",
            "rule-meta-data": "templates/t3/t3-rule-meta-data.json"
        },
        {
            "name": "Form 6 - 108 - Important Changes During QuarterYear",
            "template": "templates/t4/t4-template.html",
            "xule-rule-set": "templates/t4/t4-xule-rule-set.zip",
            "xule-text": "templates/t4/t4-xule-text.xule",
            "rule-meta-data": "templates/t4/t4-rule-meta-data.json"
        },
        {
            "name": "Form 6 - 110 - Comparative Balance Sheet",
            "template": "templates/t5/t5-template.html",
            "xule-rule-set": "templates/t5/t5-xule-rule-set.zip",
            "xule-text": "templates/t5/t5-xule-text.xule",
            "rule-meta-data": "templates/t5/t5-rule-meta-data.json"
        },
        {
            "name": "Form 6 - 114 - Income Statement",
            "template": "templates/t6/t6-template.html",
            "xule-rule-set": "templates/t6/t6-xule-rule-set.zip",
            "xule-text": "templates/t6/t6-xule-text.xule",
            "rule-meta-data": "templates/t6/t6-rule-meta-data.json"
        },
        {
            "name": "Form 6 - 116 - Statement of Accumulated Other Comprehensive Income and Hedging Activities",
            "template": "templates/t7/t7-template.html",
            "xule-rule-set": "templates/t7/t7-xule-rule-set.zip",
            "xule-text": "templates/t7/t7-xule-text.xule",
            "rule-meta-data": "templates/t7/t7-rule-meta-data.json"
        },
        {
            "name": "Form 6 - 119 - Unappropriated Retained Income Statement",
            "template": "templates/t8/t8-template.html",
            "xule-rule-set": "templates/t8/t8-xule-rule-set.zip",
            "xule-text": "templates/t8/t8-xule-text.xule",
            "rule-meta-data": "templates/t8/t8-rule-meta-data.json"
        },
        {
            "name": "Form 6 - 120 - Statement of Cash Flows",
            "template": "templates/t9/t9-template.html",
            "xule-rule-set": "templates/t9/t9-xule-rule-set.zip",
            "xule-text": "templates/t9/t9-xule-text.xule",
            "rule-meta-data": "templates/t9/t9-rule-meta-data.json"
        },
        {
            "name": "Form 6 - 122 - Notes to Financial Statements",
            "template": "templates/t10/t10-template.html",
            "xule-rule-set": "templates/t10/t10-xule-rule-set.zip",
            "xule-text": "templates/t10/t10-xule-text.xule",
            "rule-meta-data": "templates/t10/t10-rule-meta-data.json"
        },
        {
            "name": "Form 6 - 300 - Operating Revenues",
            "template": "templates/t11/t11-template.html",
            "xule-rule-set": "templates/t11/t11-xule-rule-set.zip",
            "xule-text": "templates/t11/t11-xule-text.xule",
            "rule-meta-data": "templates/t11/t11-rule-meta-data.json"
        },
        {
            "name": "Form 6 - 302 - Operating Expense Accounts",
            "template": "templates/t12/t12-template.html",
            "xule-rule-set": "templates/t12/t12-xule-rule-set.zip",
            "xule-text": "templates/t12/t12-xule-text.xule",
            "rule-meta-data": "templates/t12/t12-rule-meta-data.json"
        },
        {
            "name": "Form 6 - 600 - Statistics of Operations",
            "template": "templates/t13/t13-template.html",
            "xule-rule-set": "templates/t13/t13-xule-rule-set.zip",
            "xule-text": "templates/t13/t13-xule-text.xule",
            "rule-meta-data": "templates/t13/t13-rule-meta-data.json"
        },
        {
            "name": "Form 6 - 600a - Statistics of Operations",
            "template": "templates/t14/t14-template.html",
            "xule-rule-set": "templates/t14/t14-xule-rule-set.zip",
            "xule-text": "templates/t14/t14-xule-text.xule",
            "rule-meta-data": "templates/t14/t14-rule-meta-data.json"
        }
    ],
    "css": [
        "form-template.css"
    ]
}