{
    "substitutions": {
        "rule-1": [
            {
                "part": null,
                "replacement-node": 0,
                "template-line-number": 23,
                "node-pos": 10
            }
        ],
        "rule-2": [
            {
                "part": null,
                "replacement-node": 3,
                "expression-node": 4,
                "template-line-number": 28,
                "node-pos": 14
            }
        ],
        "rule-3": [
            {
                "part": null,
                "replacement-node": 6,
                "template-line-number": 34,
                "node-pos": 18
            }
        ],
        "rule-4": [
            {
                "part": null,
                "replacement-node": 9,
                "template-line-number": 40,
                "node-pos": 22,
                "html": true
            }
        ],
        "rule-5": [
            {
                "part": null,
                "replacement-node": 12,
                "template-line-number": 52,
                "node-pos": 27,
                "html": true
            }
        ],
        "rule-6": [
            {
                "part": null,
                "replacement-node": 15,
                "template-line-number": 63,
                "node-pos": 32
            }
        ],
        "rule-7": [
            {
                "part": null,
                "replacement-node": 18,
                "expression-node": 19,
                "template-line-number": 68,
                "node-pos": 36
            }
        ],
        "rule-8": [
            {
                "part": null,
                "replacement-node": 21,
                "template-line-number": 73,
                "node-pos": 40
            }
        ],
        "rule-9": [
            {
                "part": null,
                "replacement-node": 24,
                "expression-node": 25,
                "template-line-number": 78,
                "node-pos": 44
            }
        ],
        "rule-10": [
            {
                "part": null,
                "replacement-node": 27,
                "expression-node": 28,
                "template-line-number": 83,
                "node-pos": 48
            }
        ],
        "rule-11": [
            {
                "part": null,
                "replacement-node": 30,
                "template-line-number": 93,
                "node-pos": 54
            }
        ],
        "rule-12": [
            {
                "part": null,
                "replacement-node": 33,
                "template-line-number": 104,
                "node-pos": 59,
                "html": true
            }
        ],
        "rule-13": [
            {
                "part": null,
                "replacement-node": 43,
                "template-line-number": 149,
                "node-pos": 81
            }
        ],
        "rule-14": [
            {
                "part": null,
                "replacement-node": 46,
                "template-line-number": 162,
                "node-pos": 86
            }
        ],
        "rule-15": [
            {
                "part": null,
                "replacement-node": 49,
                "expression-node": 50,
                "template-line-number": 175,
                "node-pos": 91
            }
        ],
        "rule-16": [
            {
                "part": null,
                "replacement-node": 52,
                "expression-node": 53,
                "template-line-number": 185,
                "node-pos": 95
            }
        ],
        "rule-17": [
            {
                "part": null,
                "replacement-node": 55,
                "template-line-number": 198,
                "node-pos": 101
            }
        ],
        "rule-18": [
            {
                "part": null,
                "replacement-node": 58,
                "template-line-number": 210,
                "node-pos": 106
            }
        ],
        "rule-19": [
            {
                "part": null,
                "replacement-node": 61,
                "expression-node": 62,
                "template-line-number": 222,
                "node-pos": 111
            }
        ],
        "rule-20": [
            {
                "part": null,
                "replacement-node": 64,
                "expression-node": 65,
                "template-line-number": 232,
                "node-pos": 115
            }
        ],
        "rule-21": [
            {
                "part": null,
                "replacement-node": 67,
                "template-line-number": 245,
                "node-pos": 121
            }
        ],
        "rule-22": [
            {
                "part": null,
                "replacement-node": 70,
                "template-line-number": 257,
                "node-pos": 126
            }
        ],
        "rule-23": [
            {
                "part": null,
                "replacement-node": 73,
                "expression-node": 74,
                "template-line-number": 269,
                "node-pos": 131
            }
        ],
        "rule-24": [
            {
                "part": null,
                "replacement-node": 76,
                "expression-node": 77,
                "template-line-number": 279,
                "node-pos": 135
            }
        ],
        "rule-25": [
            {
                "part": null,
                "replacement-node": 79,
                "template-line-number": 292,
                "node-pos": 141
            }
        ],
        "rule-26": [
            {
                "part": null,
                "replacement-node": 82,
                "template-line-number": 304,
                "node-pos": 146
            }
        ],
        "rule-27": [
            {
                "part": null,
                "replacement-node": 85,
                "expression-node": 86,
                "template-line-number": 316,
                "node-pos": 151
            }
        ],
        "rule-28": [
            {
                "part": null,
                "replacement-node": 88,
                "expression-node": 89,
                "template-line-number": 326,
                "node-pos": 155
            }
        ],
        "rule-29": [
            {
                "part": null,
                "replacement-node": 91,
                "template-line-number": 342,
                "node-pos": 162
            }
        ],
        "rule-30": [
            {
                "part": null,
                "replacement-node": 94,
                "expression-node": 95,
                "template-line-number": 354,
                "node-pos": 167
            }
        ],
        "rule-31": [
            {
                "part": null,
                "replacement-node": 97,
                "expression-node": 98,
                "template-line-number": 365,
                "node-pos": 171
            }
        ],
        "rule-32": [
            {
                "part": null,
                "replacement-node": 100,
                "expression-node": 101,
                "template-line-number": 380,
                "node-pos": 177
            }
        ],
        "rule-33": [
            {
                "part": null,
                "replacement-node": 103,
                "template-line-number": 386,
                "node-pos": 181
            }
        ],
        "rule-34": [
            {
                "part": null,
                "replacement-node": 106,
                "template-line-number": 395,
                "node-pos": 185
            }
        ],
        "rule-35": {
            "name": "ColumnHeadings",
            "subs": [
                {
                    "name": "ColumnHeadings",
                    "part": "1",
                    "replacement-node": 37,
                    "template-line-number": 131,
                    "extras": {},
                    "node-pos": 71
                },
                {
                    "name": "ColumnHeadings",
                    "part": "2",
                    "replacement-node": 40,
                    "template-line-number": 138,
                    "extras": {},
                    "node-pos": 75
                }
            ]
        }
    },
    "line-numbers": {},
    "showifs": {},
    "footnotes": {},
    "standard-rules": [
        "rule-1",
        "rule-2",
        "rule-3",
        "rule-4",
        "rule-5",
        "rule-6",
        "rule-7",
        "rule-8",
        "rule-9",
        "rule-10",
        "rule-11",
        "rule-12",
        "rule-13",
        "rule-14",
        "rule-15",
        "rule-16",
        "rule-17",
        "rule-18",
        "rule-19",
        "rule-20",
        "rule-21",
        "rule-22",
        "rule-23",
        "rule-24",
        "rule-25",
        "rule-26",
        "rule-27",
        "rule-28",
        "rule-29",
        "rule-30",
        "rule-31",
        "rule-32",
        "rule-33",
        "rule-34",
        "rule-35"
    ],
    "footnote-rules": []
}