{
    "substitutions": {
        "rule-1": [
            {
                "part": null,
                "replacement-node": 0,
                "template-line-number": 22,
                "node-pos": 9
            }
        ],
        "rule-2": [
            {
                "part": null,
                "replacement-node": 3,
                "expression-node": 4,
                "template-line-number": 27,
                "node-pos": 13
            }
        ],
        "rule-3": [
            {
                "part": null,
                "replacement-node": 6,
                "template-line-number": 33,
                "node-pos": 17
            }
        ],
        "rule-4": [
            {
                "part": null,
                "replacement-node": 9,
                "template-line-number": 39,
                "node-pos": 21,
                "html": true
            }
        ],
        "rule-5": [
            {
                "part": null,
                "replacement-node": 12,
                "template-line-number": 51,
                "node-pos": 26,
                "html": true
            }
        ],
        "rule-6": [
            {
                "part": null,
                "replacement-node": 15,
                "template-line-number": 62,
                "node-pos": 31
            }
        ],
        "rule-7": [
            {
                "part": null,
                "replacement-node": 18,
                "expression-node": 19,
                "template-line-number": 67,
                "node-pos": 35
            }
        ],
        "rule-8": [
            {
                "part": null,
                "replacement-node": 21,
                "template-line-number": 72,
                "node-pos": 39
            }
        ],
        "rule-9": [
            {
                "part": null,
                "replacement-node": 24,
                "expression-node": 25,
                "template-line-number": 77,
                "node-pos": 43
            }
        ],
        "rule-10": [
            {
                "part": null,
                "replacement-node": 27,
                "expression-node": 28,
                "template-line-number": 82,
                "node-pos": 47
            }
        ],
        "rule-11": [
            {
                "part": null,
                "replacement-node": 30,
                "template-line-number": 92,
                "node-pos": 53
            }
        ],
        "rule-12": [
            {
                "part": null,
                "replacement-node": 33,
                "template-line-number": 103,
                "node-pos": 58,
                "html": true
            }
        ],
        "rule-13": [
            {
                "part": null,
                "replacement-node": 64,
                "expression-node": 65,
                "template-line-number": 279,
                "node-pos": 108
            }
        ],
        "rule-14": [
            {
                "part": null,
                "replacement-node": 67,
                "template-line-number": 286,
                "node-pos": 112
            }
        ],
        "rule-15": [
            {
                "part": null,
                "replacement-node": 70,
                "template-line-number": 296,
                "node-pos": 116
            }
        ],
        "rule-16": {
            "name": "NuclearFuelHeadings",
            "subs": [
                {
                    "name": "NuclearFuelHeadings",
                    "part": "1",
                    "replacement-node": 37,
                    "template-line-number": 129,
                    "extras": {},
                    "node-pos": 69
                },
                {
                    "name": "NuclearFuelHeadings",
                    "part": "2",
                    "replacement-node": 40,
                    "template-line-number": 136,
                    "extras": {},
                    "node-pos": 73
                }
            ]
        },
        "rule-17": {
            "name": "NuclearFuelItems",
            "subs": [
                {
                    "name": "NuclearFuelItems",
                    "part": "1",
                    "replacement-node": 44,
                    "template-line-number": 221,
                    "extras": {},
                    "node-pos": 79
                },
                {
                    "name": "NuclearFuelItems",
                    "part": "1",
                    "replacement-node": 47,
                    "template-line-number": 227,
                    "extras": {},
                    "node-pos": 83
                },
                {
                    "name": "NuclearFuelItems",
                    "part": "2",
                    "replacement-node": 49,
                    "expression-node": 50,
                    "template-line-number": 234,
                    "node-pos": 86
                },
                {
                    "name": "NuclearFuelItems",
                    "part": "3",
                    "replacement-node": 52,
                    "expression-node": 53,
                    "template-line-number": 242,
                    "node-pos": 90
                },
                {
                    "name": "NuclearFuelItems",
                    "part": "4",
                    "replacement-node": 55,
                    "expression-node": 56,
                    "template-line-number": 250,
                    "node-pos": 94
                },
                {
                    "name": "NuclearFuelItems",
                    "part": "5",
                    "replacement-node": 58,
                    "expression-node": 59,
                    "template-line-number": 258,
                    "node-pos": 98
                },
                {
                    "name": "NuclearFuelItems",
                    "part": "6",
                    "replacement-node": 61,
                    "expression-node": 62,
                    "template-line-number": 266,
                    "node-pos": 102
                }
            ]
        }
    },
    "line-numbers": {},
    "showifs": {},
    "footnotes": {},
    "standard-rules": [
        "rule-1",
        "rule-2",
        "rule-3",
        "rule-4",
        "rule-5",
        "rule-6",
        "rule-7",
        "rule-8",
        "rule-9",
        "rule-10",
        "rule-11",
        "rule-12",
        "rule-13",
        "rule-14",
        "rule-15",
        "rule-16",
        "rule-17"
    ],
    "footnote-rules": []
}