{
    "substitutions": {
        "rule-2": [
            {
                "part": null,
                "replacement-node": 1,
                "template-line-number": 26,
                "node-pos": 10
            }
        ],
        "rule-3": [
            {
                "part": null,
                "replacement-node": 4,
                "expression-node": 5,
                "template-line-number": 30,
                "node-pos": 14
            }
        ],
        "rule-4": [
            {
                "part": null,
                "replacement-node": 7,
                "template-line-number": 36,
                "node-pos": 18
            }
        ],
        "rule-5": [
            {
                "part": null,
                "replacement-node": 10,
                "template-line-number": 42,
                "node-pos": 22,
                "html": true
            }
        ],
        "rule-6": [
            {
                "part": null,
                "replacement-node": 13,
                "template-line-number": 54,
                "node-pos": 27,
                "html": true
            }
        ],
        "rule-7": [
            {
                "part": null,
                "replacement-node": 16,
                "template-line-number": 65,
                "node-pos": 32
            }
        ],
        "rule-8": [
            {
                "part": null,
                "replacement-node": 19,
                "expression-node": 20,
                "template-line-number": 69,
                "node-pos": 36
            }
        ],
        "rule-9": [
            {
                "part": null,
                "replacement-node": 22,
                "template-line-number": 74,
                "node-pos": 40
            }
        ],
        "rule-10": [
            {
                "part": null,
                "replacement-node": 25,
                "expression-node": 26,
                "template-line-number": 78,
                "node-pos": 44
            }
        ],
        "rule-11": [
            {
                "part": null,
                "replacement-node": 28,
                "expression-node": 29,
                "template-line-number": 83,
                "node-pos": 48
            }
        ],
        "rule-12": [
            {
                "part": null,
                "replacement-node": 31,
                "template-line-number": 93,
                "node-pos": 54
            }
        ],
        "rule-13": [
            {
                "part": null,
                "replacement-node": 34,
                "template-line-number": 104,
                "node-pos": 59,
                "html": true
            }
        ],
        "rule-14": [
            {
                "part": null,
                "replacement-node": 37,
                "expression-node": 38,
                "template-line-number": 119,
                "node-pos": 68,
                "html": true
            }
        ],
        "rule-15": [
            {
                "part": null,
                "replacement-node": 40,
                "expression-node": 41,
                "template-line-number": 130,
                "node-pos": 73,
                "html": true
            }
        ],
        "rule-16": [
            {
                "part": null,
                "replacement-node": 43,
                "expression-node": 44,
                "template-line-number": 141,
                "node-pos": 78,
                "html": true
            }
        ],
        "rule-17": [
            {
                "part": null,
                "replacement-node": 46,
                "expression-node": 47,
                "template-line-number": 152,
                "node-pos": 83,
                "html": true
            }
        ],
        "rule-18": [
            {
                "part": null,
                "replacement-node": 49,
                "expression-node": 50,
                "template-line-number": 165,
                "node-pos": 89
            }
        ],
        "rule-19": [
            {
                "part": null,
                "replacement-node": 52,
                "template-line-number": 170,
                "node-pos": 93
            }
        ],
        "rule-20": [
            {
                "part": null,
                "replacement-node": 55,
                "template-line-number": 179,
                "node-pos": 97
            }
        ]
    },
    "line-numbers": {},
    "showifs": {
        "rule-1": {
            "type": "showif",
            "template-line-number": 16
        }
    },
    "footnotes": {},
    "standard-rules": [
        "rule-2",
        "rule-3",
        "rule-4",
        "rule-5",
        "rule-6",
        "rule-7",
        "rule-8",
        "rule-9",
        "rule-10",
        "rule-11",
        "rule-12",
        "rule-13",
        "rule-14",
        "rule-15",
        "rule-16",
        "rule-17",
        "rule-18",
        "rule-19",
        "rule-20"
    ],
    "footnote-rules": []
}