{
    "substitutions": {
        "rule-1": [
            {
                "part": null,
                "replacement-node": 0,
                "expression-node": 1,
                "template-line-number": 30,
                "node-pos": 15
            }
        ],
        "rule-2": [
            {
                "part": null,
                "replacement-node": 3,
                "template-line-number": 37,
                "node-pos": 19
            }
        ],
        "rule-3": [
            {
                "part": null,
                "replacement-node": 6,
                "expression-node": 7,
                "template-line-number": 42,
                "node-pos": 22
            }
        ],
        "rule-4": [
            {
                "part": null,
                "replacement-node": 9,
                "template-line-number": 47,
                "node-pos": 26
            }
        ],
        "rule-5": [
            {
                "part": null,
                "replacement-node": 12,
                "expression-node": 13,
                "template-line-number": 52,
                "node-pos": 29
            }
        ],
        "rule-6": [
            {
                "part": null,
                "replacement-node": 15,
                "template-line-number": 62,
                "node-pos": 35
            }
        ],
        "rule-7": [
            {
                "part": null,
                "replacement-node": 18,
                "template-line-number": 73,
                "node-pos": 40,
                "html": true
            }
        ],
        "rule-8": [
            {
                "part": null,
                "replacement-node": 63,
                "expression-node": 64,
                "template-line-number": 249,
                "node-pos": 119
            }
        ],
        "rule-9": [
            {
                "part": null,
                "replacement-node": 66,
                "expression-node": 67,
                "template-line-number": 254,
                "node-pos": 123
            }
        ],
        "rule-10": [
            {
                "part": null,
                "replacement-node": 69,
                "expression-node": 70,
                "template-line-number": 259,
                "node-pos": 127
            }
        ],
        "rule-11": [
            {
                "part": null,
                "replacement-node": 72,
                "template-line-number": 284,
                "node-pos": 139
            }
        ],
        "rule-12": {
            "name": "GenPlants",
            "subs": [
                {
                    "name": "GenPlants",
                    "part": "1",
                    "replacement-node": 33,
                    "template-line-number": 188,
                    "extras": {},
                    "node-pos": 76
                },
                {
                    "name": "GenPlants",
                    "part": "2",
                    "replacement-node": 36,
                    "expression-node": 37,
                    "template-line-number": 193,
                    "node-pos": 80
                },
                {
                    "name": "GenPlants",
                    "part": "3",
                    "replacement-node": 39,
                    "expression-node": 40,
                    "template-line-number": 198,
                    "node-pos": 84
                },
                {
                    "name": "GenPlants",
                    "part": "4",
                    "replacement-node": 42,
                    "expression-node": 43,
                    "template-line-number": 203,
                    "node-pos": 88
                },
                {
                    "name": "GenPlants",
                    "part": "5",
                    "replacement-node": 45,
                    "expression-node": 46,
                    "template-line-number": 209,
                    "node-pos": 92
                },
                {
                    "name": "GenPlants",
                    "part": "6",
                    "replacement-node": 48,
                    "expression-node": 49,
                    "template-line-number": 214,
                    "node-pos": 96
                },
                {
                    "name": "GenPlants",
                    "part": "7",
                    "replacement-node": 51,
                    "expression-node": 52,
                    "template-line-number": 219,
                    "node-pos": 100
                },
                {
                    "name": "GenPlants",
                    "part": "8",
                    "replacement-node": 54,
                    "expression-node": 55,
                    "template-line-number": 224,
                    "node-pos": 104
                },
                {
                    "name": "GenPlants",
                    "part": "8",
                    "replacement-node": 57,
                    "expression-node": 58,
                    "template-line-number": 229,
                    "node-pos": 108
                },
                {
                    "name": "GenPlants",
                    "part": "8",
                    "replacement-node": 60,
                    "expression-node": 61,
                    "template-line-number": 234,
                    "node-pos": 112
                }
            ]
        },
        "rule-13": {
            "name": "GenPlantsHead",
            "subs": [
                {
                    "name": "GenPlantsHead",
                    "part": "1",
                    "replacement-node": 24,
                    "template-line-number": 113,
                    "extras": {},
                    "node-pos": 63
                },
                {
                    "name": "GenPlantsHead",
                    "part": "2",
                    "replacement-node": 27,
                    "template-line-number": 122,
                    "extras": {},
                    "node-pos": 67
                },
                {
                    "name": "GenPlantsHead",
                    "part": "3",
                    "replacement-node": 22,
                    "template-line-number": 109,
                    "extras": {},
                    "node-pos": 61
                }
            ]
        }
    },
    "line-numbers": {
        "GenPlants": [
            {
                "line-number-node": 31,
                "start-number": 1,
                "template-line-number": 185
            }
        ]
    },
    "showifs": {},
    "footnotes": {},
    "standard-rules": [
        "rule-1",
        "rule-2",
        "rule-3",
        "rule-4",
        "rule-5",
        "rule-6",
        "rule-7",
        "rule-8",
        "rule-9",
        "rule-10",
        "rule-11",
        "rule-12",
        "rule-13"
    ],
    "footnote-rules": []
}