{
    "substitutions": {
        "rule-2": [
            {
                "part": null,
                "replacement-node": 1,
                "template-line-number": 27,
                "node-pos": 10
            }
        ],
        "rule-3": [
            {
                "part": null,
                "replacement-node": 4,
                "expression-node": 5,
                "template-line-number": 31,
                "node-pos": 14
            }
        ],
        "rule-4": [
            {
                "part": null,
                "replacement-node": 7,
                "template-line-number": 37,
                "node-pos": 18
            }
        ],
        "rule-5": [
            {
                "part": null,
                "replacement-node": 10,
                "template-line-number": 43,
                "node-pos": 22,
                "html": true
            }
        ],
        "rule-6": [
            {
                "part": null,
                "replacement-node": 13,
                "template-line-number": 55,
                "node-pos": 27,
                "html": true
            }
        ],
        "rule-7": [
            {
                "part": null,
                "replacement-node": 16,
                "template-line-number": 66,
                "node-pos": 32
            }
        ],
        "rule-8": [
            {
                "part": null,
                "replacement-node": 19,
                "expression-node": 20,
                "template-line-number": 70,
                "node-pos": 36
            }
        ],
        "rule-9": [
            {
                "part": null,
                "replacement-node": 22,
                "template-line-number": 75,
                "node-pos": 40
            }
        ],
        "rule-10": [
            {
                "part": null,
                "replacement-node": 25,
                "expression-node": 26,
                "template-line-number": 79,
                "node-pos": 44
            }
        ],
        "rule-11": [
            {
                "part": null,
                "replacement-node": 28,
                "expression-node": 29,
                "template-line-number": 84,
                "node-pos": 48
            }
        ],
        "rule-12": [
            {
                "part": null,
                "replacement-node": 31,
                "template-line-number": 94,
                "node-pos": 54
            }
        ],
        "rule-13": [
            {
                "part": null,
                "replacement-node": 34,
                "template-line-number": 105,
                "node-pos": 59,
                "html": true
            }
        ],
        "rule-14": [
            {
                "part": null,
                "replacement-node": 46,
                "template-line-number": 161,
                "node-pos": 86
            }
        ],
        "rule-15": [
            {
                "part": null,
                "replacement-node": 64,
                "template-line-number": 260,
                "node-pos": 117
            }
        ],
        "rule-16": [
            {
                "part": null,
                "replacement-node": 67,
                "expression-node": 68,
                "template-line-number": 274,
                "node-pos": 124
            }
        ],
        "rule-17": [
            {
                "part": null,
                "replacement-node": 70,
                "template-line-number": 287,
                "node-pos": 130
            }
        ],
        "rule-18": [
            {
                "part": null,
                "replacement-node": 88,
                "template-line-number": 389,
                "node-pos": 161
            }
        ],
        "rule-19": [
            {
                "part": null,
                "replacement-node": 91,
                "expression-node": 92,
                "template-line-number": 403,
                "node-pos": 168
            }
        ],
        "rule-20": [
            {
                "part": null,
                "replacement-node": 94,
                "expression-node": 95,
                "template-line-number": 416,
                "node-pos": 174
            }
        ],
        "rule-21": [
            {
                "part": null,
                "replacement-node": 97,
                "template-line-number": 421,
                "node-pos": 178
            }
        ],
        "rule-22": [
            {
                "part": null,
                "replacement-node": 100,
                "template-line-number": 430,
                "node-pos": 182
            }
        ],
        "rule-23": {
            "name": "HeadingRow",
            "subs": [
                {
                    "name": "HeadingRow",
                    "part": "1",
                    "replacement-node": 40,
                    "template-line-number": 140,
                    "extras": {},
                    "node-pos": 76
                },
                {
                    "name": "HeadingRow",
                    "part": "2",
                    "replacement-node": 43,
                    "template-line-number": 149,
                    "extras": {},
                    "node-pos": 80
                },
                {
                    "name": "HeadingRow",
                    "part": "3",
                    "replacement-node": 38,
                    "template-line-number": 136,
                    "extras": {},
                    "node-pos": 74
                }
            ]
        },
        "rule-24": {
            "name": "Transactions",
            "subs": [
                {
                    "name": "Transactions",
                    "part": "2",
                    "replacement-node": 52,
                    "expression-node": 53,
                    "template-line-number": 234,
                    "node-pos": 99
                },
                {
                    "name": "Transactions",
                    "part": "3",
                    "replacement-node": 55,
                    "expression-node": 56,
                    "template-line-number": 239,
                    "node-pos": 103
                },
                {
                    "name": "Transactions",
                    "part": "4",
                    "replacement-node": 58,
                    "expression-node": 59,
                    "template-line-number": 244,
                    "node-pos": 107
                },
                {
                    "name": "Transactions",
                    "part": "5",
                    "replacement-node": 61,
                    "expression-node": 62,
                    "template-line-number": 249,
                    "node-pos": 111
                }
            ]
        },
        "rule-25": {
            "name": "Transactions2",
            "subs": [
                {
                    "name": "Transactions2",
                    "part": "2",
                    "replacement-node": 76,
                    "expression-node": 77,
                    "template-line-number": 363,
                    "node-pos": 143
                },
                {
                    "name": "Transactions2",
                    "part": "3",
                    "replacement-node": 79,
                    "expression-node": 80,
                    "template-line-number": 368,
                    "node-pos": 147
                },
                {
                    "name": "Transactions2",
                    "part": "4",
                    "replacement-node": 82,
                    "expression-node": 83,
                    "template-line-number": 373,
                    "node-pos": 151
                },
                {
                    "name": "Transactions2",
                    "part": "5",
                    "replacement-node": 85,
                    "expression-node": 86,
                    "template-line-number": 378,
                    "node-pos": 155
                }
            ]
        }
    },
    "line-numbers": {
        "Transactions": [
            {
                "line-number-node": 50,
                "start-number": 2,
                "template-line-number": 230
            }
        ],
        "Transactions2": [
            {
                "line-number-node": 74,
                "start-number": 21,
                "template-line-number": 359
            }
        ]
    },
    "showifs": {
        "rule-1": {
            "type": "showif",
            "template-line-number": 17
        }
    },
    "footnotes": {},
    "standard-rules": [
        "rule-2",
        "rule-3",
        "rule-4",
        "rule-5",
        "rule-6",
        "rule-7",
        "rule-8",
        "rule-9",
        "rule-10",
        "rule-11",
        "rule-12",
        "rule-13",
        "rule-14",
        "rule-15",
        "rule-16",
        "rule-17",
        "rule-18",
        "rule-19",
        "rule-20",
        "rule-21",
        "rule-22",
        "rule-23",
        "rule-24",
        "rule-25"
    ],
    "footnote-rules": []
}