{
    "substitutions": {
        "rule-1": [
            {
                "part": null,
                "replacement-node": 0,
                "template-line-number": 22,
                "node-pos": 9
            }
        ],
        "rule-2": [
            {
                "part": null,
                "replacement-node": 3,
                "expression-node": 4,
                "template-line-number": 27,
                "node-pos": 13
            }
        ],
        "rule-3": [
            {
                "part": null,
                "replacement-node": 6,
                "template-line-number": 33,
                "node-pos": 17
            }
        ],
        "rule-4": [
            {
                "part": null,
                "replacement-node": 9,
                "template-line-number": 39,
                "node-pos": 21,
                "html": true
            }
        ],
        "rule-5": [
            {
                "part": null,
                "replacement-node": 12,
                "template-line-number": 51,
                "node-pos": 26,
                "html": true
            }
        ],
        "rule-6": [
            {
                "part": null,
                "replacement-node": 15,
                "template-line-number": 62,
                "node-pos": 31
            }
        ],
        "rule-7": [
            {
                "part": null,
                "replacement-node": 18,
                "expression-node": 19,
                "template-line-number": 67,
                "node-pos": 35
            }
        ],
        "rule-8": [
            {
                "part": null,
                "replacement-node": 21,
                "template-line-number": 72,
                "node-pos": 39
            }
        ],
        "rule-9": [
            {
                "part": null,
                "replacement-node": 24,
                "expression-node": 25,
                "template-line-number": 77,
                "node-pos": 43
            }
        ],
        "rule-10": [
            {
                "part": null,
                "replacement-node": 27,
                "expression-node": 28,
                "template-line-number": 82,
                "node-pos": 47
            }
        ],
        "rule-11": [
            {
                "part": null,
                "replacement-node": 30,
                "template-line-number": 92,
                "node-pos": 53
            }
        ],
        "rule-12": [
            {
                "part": null,
                "replacement-node": 33,
                "template-line-number": 103,
                "node-pos": 58,
                "html": true
            }
        ],
        "rule-13": [
            {
                "part": null,
                "replacement-node": 157,
                "expression-node": 158,
                "template-line-number": 876,
                "node-pos": 242
            }
        ],
        "rule-14": [
            {
                "part": null,
                "replacement-node": 160,
                "template-line-number": 881,
                "node-pos": 246
            }
        ],
        "rule-15": [
            {
                "part": null,
                "replacement-node": 163,
                "template-line-number": 890,
                "node-pos": 250
            }
        ],
        "rule-16": [
            {
                "part": null,
                "replacement-node": 166,
                "template-line-number": 897,
                "node-pos": 253
            }
        ],
        "rule-17": {
            "name": "ColumnHeadings",
            "subs": [
                {
                    "name": "ColumnHeadings",
                    "part": "1",
                    "replacement-node": 39,
                    "template-line-number": 158,
                    "extras": {},
                    "node-pos": 90
                },
                {
                    "name": "ColumnHeadings",
                    "part": "2",
                    "replacement-node": 42,
                    "template-line-number": 167,
                    "extras": {},
                    "node-pos": 94
                },
                {
                    "name": "ColumnHeadings",
                    "part": "3",
                    "replacement-node": 37,
                    "template-line-number": 154,
                    "extras": {},
                    "node-pos": 88
                }
            ]
        },
        "rule-18": {
            "name": "AllowanceInventryLineItems2",
            "subs": [
                {
                    "name": "AllowanceInventryLineItems2",
                    "part": "1",
                    "replacement-node": 102,
                    "template-line-number": 774,
                    "extras": {},
                    "node-pos": 171
                },
                {
                    "name": "AllowanceInventryLineItems2",
                    "part": "10",
                    "replacement-node": 133,
                    "expression-node": 134,
                    "template-line-number": 828,
                    "node-pos": 210
                },
                {
                    "name": "AllowanceInventryLineItems2",
                    "part": "11",
                    "replacement-node": 137,
                    "expression-node": 138,
                    "template-line-number": 835,
                    "node-pos": 215
                },
                {
                    "name": "AllowanceInventryLineItems2",
                    "part": "12",
                    "replacement-node": 141,
                    "expression-node": 142,
                    "template-line-number": 842,
                    "node-pos": 220
                },
                {
                    "name": "AllowanceInventryLineItems2",
                    "part": "13",
                    "replacement-node": 145,
                    "expression-node": 146,
                    "template-line-number": 849,
                    "node-pos": 225
                },
                {
                    "name": "AllowanceInventryLineItems2",
                    "part": "14",
                    "replacement-node": 149,
                    "expression-node": 150,
                    "template-line-number": 856,
                    "node-pos": 230
                },
                {
                    "name": "AllowanceInventryLineItems2",
                    "part": "15",
                    "replacement-node": 153,
                    "expression-node": 154,
                    "template-line-number": 863,
                    "node-pos": 235
                },
                {
                    "name": "AllowanceInventryLineItems2",
                    "part": "2",
                    "replacement-node": 105,
                    "expression-node": 106,
                    "template-line-number": 779,
                    "node-pos": 175
                },
                {
                    "name": "AllowanceInventryLineItems2",
                    "part": "3",
                    "replacement-node": 109,
                    "expression-node": 110,
                    "template-line-number": 786,
                    "node-pos": 180
                },
                {
                    "name": "AllowanceInventryLineItems2",
                    "part": "4",
                    "replacement-node": 113,
                    "expression-node": 114,
                    "template-line-number": 793,
                    "node-pos": 185
                },
                {
                    "name": "AllowanceInventryLineItems2",
                    "part": "6",
                    "replacement-node": 117,
                    "expression-node": 118,
                    "template-line-number": 800,
                    "node-pos": 190
                },
                {
                    "name": "AllowanceInventryLineItems2",
                    "part": "7",
                    "replacement-node": 121,
                    "expression-node": 122,
                    "template-line-number": 807,
                    "node-pos": 195
                },
                {
                    "name": "AllowanceInventryLineItems2",
                    "part": "8",
                    "replacement-node": 125,
                    "expression-node": 126,
                    "template-line-number": 814,
                    "node-pos": 200
                },
                {
                    "name": "AllowanceInventryLineItems2",
                    "part": "9",
                    "replacement-node": 129,
                    "expression-node": 130,
                    "template-line-number": 821,
                    "node-pos": 205
                }
            ]
        },
        "rule-19": {
            "name": "AllowanceInventryLineItems",
            "subs": [
                {
                    "name": "AllowanceInventryLineItems",
                    "part": "1",
                    "replacement-node": 46,
                    "template-line-number": 559,
                    "extras": {},
                    "node-pos": 100
                },
                {
                    "name": "AllowanceInventryLineItems",
                    "part": "10",
                    "replacement-node": 77,
                    "expression-node": 78,
                    "template-line-number": 616,
                    "node-pos": 139
                },
                {
                    "name": "AllowanceInventryLineItems",
                    "part": "11",
                    "replacement-node": 81,
                    "expression-node": 82,
                    "template-line-number": 623,
                    "node-pos": 144
                },
                {
                    "name": "AllowanceInventryLineItems",
                    "part": "12",
                    "replacement-node": 85,
                    "expression-node": 86,
                    "template-line-number": 630,
                    "node-pos": 149
                },
                {
                    "name": "AllowanceInventryLineItems",
                    "part": "13",
                    "replacement-node": 89,
                    "expression-node": 90,
                    "template-line-number": 637,
                    "node-pos": 154
                },
                {
                    "name": "AllowanceInventryLineItems",
                    "part": "14",
                    "replacement-node": 93,
                    "expression-node": 94,
                    "template-line-number": 644,
                    "node-pos": 159
                },
                {
                    "name": "AllowanceInventryLineItems",
                    "part": "15",
                    "replacement-node": 97,
                    "expression-node": 98,
                    "template-line-number": 651,
                    "node-pos": 164
                },
                {
                    "name": "AllowanceInventryLineItems",
                    "part": "2",
                    "replacement-node": 49,
                    "expression-node": 50,
                    "template-line-number": 566,
                    "node-pos": 104
                },
                {
                    "name": "AllowanceInventryLineItems",
                    "part": "3",
                    "replacement-node": 53,
                    "expression-node": 54,
                    "template-line-number": 574,
                    "node-pos": 109
                },
                {
                    "name": "AllowanceInventryLineItems",
                    "part": "4",
                    "replacement-node": 57,
                    "expression-node": 58,
                    "template-line-number": 581,
                    "node-pos": 114
                },
                {
                    "name": "AllowanceInventryLineItems",
                    "part": "6",
                    "replacement-node": 61,
                    "expression-node": 62,
                    "template-line-number": 588,
                    "node-pos": 119
                },
                {
                    "name": "AllowanceInventryLineItems",
                    "part": "7",
                    "replacement-node": 65,
                    "expression-node": 66,
                    "template-line-number": 595,
                    "node-pos": 124
                },
                {
                    "name": "AllowanceInventryLineItems",
                    "part": "8",
                    "replacement-node": 69,
                    "expression-node": 70,
                    "template-line-number": 602,
                    "node-pos": 129
                },
                {
                    "name": "AllowanceInventryLineItems",
                    "part": "9",
                    "replacement-node": 73,
                    "expression-node": 74,
                    "template-line-number": 609,
                    "node-pos": 134
                }
            ]
        }
    },
    "line-numbers": {},
    "showifs": {},
    "footnotes": {},
    "standard-rules": [
        "rule-1",
        "rule-2",
        "rule-3",
        "rule-4",
        "rule-5",
        "rule-6",
        "rule-7",
        "rule-8",
        "rule-9",
        "rule-10",
        "rule-11",
        "rule-12",
        "rule-13",
        "rule-14",
        "rule-15",
        "rule-16",
        "rule-17",
        "rule-18",
        "rule-19"
    ],
    "footnote-rules": []
}