{
    "substitutions": {
        "rule-2": [
            {
                "part": null,
                "replacement-node": 1,
                "template-line-number": 27,
                "node-pos": 10
            }
        ],
        "rule-3": [
            {
                "part": null,
                "replacement-node": 4,
                "expression-node": 5,
                "template-line-number": 31,
                "node-pos": 14
            }
        ],
        "rule-4": [
            {
                "part": null,
                "replacement-node": 7,
                "template-line-number": 37,
                "node-pos": 18
            }
        ],
        "rule-5": [
            {
                "part": null,
                "replacement-node": 10,
                "template-line-number": 43,
                "node-pos": 22,
                "html": true
            }
        ],
        "rule-6": [
            {
                "part": null,
                "replacement-node": 13,
                "template-line-number": 55,
                "node-pos": 27,
                "html": true
            }
        ],
        "rule-7": [
            {
                "part": null,
                "replacement-node": 16,
                "template-line-number": 66,
                "node-pos": 32
            }
        ],
        "rule-8": [
            {
                "part": null,
                "replacement-node": 19,
                "expression-node": 20,
                "template-line-number": 70,
                "node-pos": 36
            }
        ],
        "rule-9": [
            {
                "part": null,
                "replacement-node": 22,
                "template-line-number": 75,
                "node-pos": 40
            }
        ],
        "rule-10": [
            {
                "part": null,
                "replacement-node": 25,
                "expression-node": 26,
                "template-line-number": 79,
                "node-pos": 44
            }
        ],
        "rule-11": [
            {
                "part": null,
                "replacement-node": 28,
                "expression-node": 29,
                "template-line-number": 84,
                "node-pos": 48
            }
        ],
        "rule-12": [
            {
                "part": null,
                "replacement-node": 31,
                "template-line-number": 94,
                "node-pos": 54
            }
        ],
        "rule-13": [
            {
                "part": null,
                "replacement-node": 34,
                "template-line-number": 105,
                "node-pos": 59,
                "html": true
            }
        ],
        "rule-14": [
            {
                "part": null,
                "replacement-node": 82,
                "template-line-number": 312,
                "node-pos": 144
            }
        ],
        "rule-15": [
            {
                "part": null,
                "replacement-node": 85,
                "expression-node": 86,
                "template-line-number": 326,
                "node-pos": 151
            }
        ],
        "rule-16": [
            {
                "part": null,
                "replacement-node": 88,
                "expression-node": 89,
                "template-line-number": 335,
                "node-pos": 155
            }
        ],
        "rule-17": [
            {
                "part": null,
                "replacement-node": 91,
                "expression-node": 92,
                "template-line-number": 344,
                "node-pos": 159
            }
        ],
        "rule-18": [
            {
                "part": null,
                "replacement-node": 94,
                "expression-node": 95,
                "template-line-number": 353,
                "node-pos": 163
            }
        ],
        "rule-19": [
            {
                "part": null,
                "replacement-node": 97,
                "expression-node": 98,
                "template-line-number": 362,
                "node-pos": 167
            }
        ],
        "rule-20": [
            {
                "part": null,
                "replacement-node": 100,
                "expression-node": 101,
                "template-line-number": 371,
                "node-pos": 171
            }
        ],
        "rule-21": [
            {
                "part": null,
                "replacement-node": 103,
                "expression-node": 104,
                "template-line-number": 380,
                "node-pos": 175
            }
        ],
        "rule-22": [
            {
                "part": null,
                "replacement-node": 106,
                "expression-node": 107,
                "template-line-number": 389,
                "node-pos": 179
            }
        ],
        "rule-23": [
            {
                "part": null,
                "replacement-node": 109,
                "expression-node": 110,
                "template-line-number": 403,
                "node-pos": 185
            }
        ],
        "rule-24": [
            {
                "part": null,
                "replacement-node": 112,
                "template-line-number": 408,
                "node-pos": 189
            }
        ],
        "rule-25": [
            {
                "part": null,
                "replacement-node": 115,
                "template-line-number": 417,
                "node-pos": 193
            }
        ],
        "rule-26": {
            "name": "NTRTANOHeadings",
            "subs": [
                {
                    "name": "NTRTANOHeadings",
                    "part": "1",
                    "replacement-node": 40,
                    "template-line-number": 150,
                    "extras": {},
                    "node-pos": 85
                },
                {
                    "name": "NTRTANOHeadings",
                    "part": "2",
                    "replacement-node": 43,
                    "template-line-number": 159,
                    "extras": {},
                    "node-pos": 89
                },
                {
                    "name": "NTRTANOHeadings",
                    "part": "3",
                    "replacement-node": 38,
                    "template-line-number": 146,
                    "extras": {},
                    "node-pos": 83
                }
            ]
        },
        "rule-27": {
            "name": "NonTraditionalRate",
            "subs": [
                {
                    "name": "NonTraditionalRate",
                    "part": "10",
                    "replacement-node": 73,
                    "expression-node": 74,
                    "template-line-number": 289,
                    "node-pos": 130
                },
                {
                    "name": "NonTraditionalRate",
                    "part": "11",
                    "replacement-node": 76,
                    "expression-node": 77,
                    "template-line-number": 295,
                    "node-pos": 134
                },
                {
                    "name": "NonTraditionalRate",
                    "part": "12",
                    "replacement-node": 79,
                    "expression-node": 80,
                    "template-line-number": 301,
                    "node-pos": 138
                },
                {
                    "name": "NonTraditionalRate",
                    "part": "2",
                    "replacement-node": 49,
                    "expression-node": 50,
                    "template-line-number": 241,
                    "node-pos": 98
                },
                {
                    "name": "NonTraditionalRate",
                    "part": "3",
                    "replacement-node": 52,
                    "expression-node": 53,
                    "template-line-number": 247,
                    "node-pos": 102
                },
                {
                    "name": "NonTraditionalRate",
                    "part": "4",
                    "replacement-node": 55,
                    "expression-node": 56,
                    "template-line-number": 253,
                    "node-pos": 106
                },
                {
                    "name": "NonTraditionalRate",
                    "part": "5",
                    "replacement-node": 58,
                    "expression-node": 59,
                    "template-line-number": 259,
                    "node-pos": 110
                },
                {
                    "name": "NonTraditionalRate",
                    "part": "6",
                    "replacement-node": 61,
                    "expression-node": 62,
                    "template-line-number": 265,
                    "node-pos": 114
                },
                {
                    "name": "NonTraditionalRate",
                    "part": "7",
                    "replacement-node": 64,
                    "expression-node": 65,
                    "template-line-number": 271,
                    "node-pos": 118
                },
                {
                    "name": "NonTraditionalRate",
                    "part": "8",
                    "replacement-node": 67,
                    "expression-node": 68,
                    "template-line-number": 277,
                    "node-pos": 122
                },
                {
                    "name": "NonTraditionalRate",
                    "part": "9",
                    "replacement-node": 70,
                    "expression-node": 71,
                    "template-line-number": 283,
                    "node-pos": 126
                }
            ]
        }
    },
    "line-numbers": {
        "NonTraditionalRate": [
            {
                "line-number-node": 47,
                "start-number": 1,
                "template-line-number": 237
            }
        ]
    },
    "showifs": {
        "rule-1": {
            "type": "showif",
            "template-line-number": 17
        }
    },
    "footnotes": {},
    "standard-rules": [
        "rule-2",
        "rule-3",
        "rule-4",
        "rule-5",
        "rule-6",
        "rule-7",
        "rule-8",
        "rule-9",
        "rule-10",
        "rule-11",
        "rule-12",
        "rule-13",
        "rule-14",
        "rule-15",
        "rule-16",
        "rule-17",
        "rule-18",
        "rule-19",
        "rule-20",
        "rule-21",
        "rule-22",
        "rule-23",
        "rule-24",
        "rule-25",
        "rule-26",
        "rule-27"
    ],
    "footnote-rules": []
}