{
    "substitutions": {
        "rule-1": [
            {
                "part": null,
                "replacement-node": 0,
                "expression-node": 1,
                "template-line-number": 29,
                "node-pos": 15
            }
        ],
        "rule-2": [
            {
                "part": null,
                "replacement-node": 3,
                "template-line-number": 36,
                "node-pos": 19
            }
        ],
        "rule-3": [
            {
                "part": null,
                "replacement-node": 6,
                "expression-node": 7,
                "template-line-number": 41,
                "node-pos": 22
            }
        ],
        "rule-4": [
            {
                "part": null,
                "replacement-node": 9,
                "template-line-number": 46,
                "node-pos": 26
            }
        ],
        "rule-5": [
            {
                "part": null,
                "replacement-node": 12,
                "expression-node": 13,
                "template-line-number": 51,
                "node-pos": 29
            }
        ],
        "rule-6": [
            {
                "part": null,
                "replacement-node": 15,
                "template-line-number": 61,
                "node-pos": 35
            }
        ],
        "rule-7": [
            {
                "part": null,
                "replacement-node": 18,
                "template-line-number": 72,
                "node-pos": 40,
                "html": true
            }
        ],
        "rule-8": [
            {
                "part": null,
                "replacement-node": 107,
                "template-line-number": 284,
                "node-pos": 172
            }
        ],
        "rule-9": {
            "name": "GenPlantsHead",
            "subs": [
                {
                    "name": "GenPlantsHead",
                    "part": "2",
                    "replacement-node": 22,
                    "template-line-number": 101,
                    "extras": {},
                    "node-pos": 56
                },
                {
                    "name": "GenPlantsHead",
                    "part": "2",
                    "replacement-node": 25,
                    "template-line-number": 108,
                    "extras": {},
                    "node-pos": 60
                }
            ]
        },
        "rule-10": {
            "name": "GenPlants",
            "subs": [
                {
                    "name": "GenPlants",
                    "part": "2",
                    "replacement-node": 29,
                    "template-line-number": 146,
                    "extras": {},
                    "node-pos": 66
                },
                {
                    "name": "GenPlants",
                    "part": "3",
                    "replacement-node": 32,
                    "expression-node": 33,
                    "template-line-number": 151,
                    "node-pos": 70
                },
                {
                    "name": "GenPlants",
                    "part": "3",
                    "replacement-node": 62,
                    "expression-node": 63,
                    "template-line-number": 201,
                    "node-pos": 110
                },
                {
                    "name": "GenPlants",
                    "part": "4",
                    "replacement-node": 35,
                    "expression-node": 36,
                    "template-line-number": 156,
                    "node-pos": 74
                },
                {
                    "name": "GenPlants",
                    "part": "4",
                    "replacement-node": 44,
                    "expression-node": 45,
                    "template-line-number": 171,
                    "node-pos": 86
                },
                {
                    "name": "GenPlants",
                    "part": "4",
                    "replacement-node": 53,
                    "expression-node": 54,
                    "template-line-number": 186,
                    "node-pos": 98
                },
                {
                    "name": "GenPlants",
                    "part": "4",
                    "replacement-node": 65,
                    "expression-node": 66,
                    "template-line-number": 206,
                    "node-pos": 114
                },
                {
                    "name": "GenPlants",
                    "part": "4",
                    "replacement-node": 74,
                    "expression-node": 75,
                    "template-line-number": 221,
                    "node-pos": 126
                },
                {
                    "name": "GenPlants",
                    "part": "4",
                    "replacement-node": 83,
                    "expression-node": 84,
                    "template-line-number": 236,
                    "node-pos": 138
                },
                {
                    "name": "GenPlants",
                    "part": "5",
                    "replacement-node": 38,
                    "expression-node": 39,
                    "template-line-number": 161,
                    "node-pos": 78
                },
                {
                    "name": "GenPlants",
                    "part": "5",
                    "replacement-node": 41,
                    "expression-node": 42,
                    "template-line-number": 166,
                    "node-pos": 82
                },
                {
                    "name": "GenPlants",
                    "part": "5",
                    "replacement-node": 47,
                    "expression-node": 48,
                    "template-line-number": 176,
                    "node-pos": 90
                },
                {
                    "name": "GenPlants",
                    "part": "5",
                    "replacement-node": 50,
                    "expression-node": 51,
                    "template-line-number": 181,
                    "node-pos": 94
                },
                {
                    "name": "GenPlants",
                    "part": "5",
                    "replacement-node": 56,
                    "expression-node": 57,
                    "template-line-number": 191,
                    "node-pos": 102
                },
                {
                    "name": "GenPlants",
                    "part": "5",
                    "replacement-node": 59,
                    "expression-node": 60,
                    "template-line-number": 196,
                    "node-pos": 106
                },
                {
                    "name": "GenPlants",
                    "part": "5",
                    "replacement-node": 68,
                    "expression-node": 69,
                    "template-line-number": 211,
                    "node-pos": 118
                },
                {
                    "name": "GenPlants",
                    "part": "5",
                    "replacement-node": 71,
                    "expression-node": 72,
                    "template-line-number": 216,
                    "node-pos": 122
                },
                {
                    "name": "GenPlants",
                    "part": "5",
                    "replacement-node": 77,
                    "expression-node": 78,
                    "template-line-number": 226,
                    "node-pos": 130
                },
                {
                    "name": "GenPlants",
                    "part": "5",
                    "replacement-node": 80,
                    "expression-node": 81,
                    "template-line-number": 231,
                    "node-pos": 134
                },
                {
                    "name": "GenPlants",
                    "part": "5",
                    "replacement-node": 86,
                    "expression-node": 87,
                    "template-line-number": 241,
                    "node-pos": 142
                },
                {
                    "name": "GenPlants",
                    "part": "5",
                    "replacement-node": 89,
                    "expression-node": 90,
                    "template-line-number": 246,
                    "node-pos": 146
                },
                {
                    "name": "GenPlants",
                    "part": "5",
                    "replacement-node": 92,
                    "expression-node": 93,
                    "template-line-number": 251,
                    "node-pos": 150
                },
                {
                    "name": "GenPlants",
                    "part": "5",
                    "replacement-node": 95,
                    "expression-node": 96,
                    "template-line-number": 256,
                    "node-pos": 154
                },
                {
                    "name": "GenPlants",
                    "part": "5",
                    "replacement-node": 98,
                    "expression-node": 99,
                    "template-line-number": 261,
                    "node-pos": 158
                },
                {
                    "name": "GenPlants",
                    "part": "5",
                    "replacement-node": 101,
                    "expression-node": 102,
                    "template-line-number": 266,
                    "node-pos": 162
                },
                {
                    "name": "GenPlants",
                    "part": "5",
                    "replacement-node": 104,
                    "expression-node": 105,
                    "template-line-number": 271,
                    "node-pos": 166
                }
            ]
        }
    },
    "line-numbers": {},
    "showifs": {},
    "footnotes": {},
    "standard-rules": [
        "rule-1",
        "rule-2",
        "rule-3",
        "rule-4",
        "rule-5",
        "rule-6",
        "rule-7",
        "rule-8",
        "rule-9",
        "rule-10"
    ],
    "footnote-rules": []
}