{
    "substitutions": {
        "rule-2": [
            {
                "part": null,
                "replacement-node": 1,
                "template-line-number": 31,
                "node-pos": 10
            }
        ],
        "rule-3": [
            {
                "part": null,
                "replacement-node": 4,
                "expression-node": 5,
                "template-line-number": 35,
                "node-pos": 14
            }
        ],
        "rule-4": [
            {
                "part": null,
                "replacement-node": 7,
                "template-line-number": 41,
                "node-pos": 18
            }
        ],
        "rule-5": [
            {
                "part": null,
                "replacement-node": 10,
                "template-line-number": 47,
                "node-pos": 22,
                "html": true
            }
        ],
        "rule-6": [
            {
                "part": null,
                "replacement-node": 13,
                "template-line-number": 59,
                "node-pos": 27,
                "html": true
            }
        ],
        "rule-7": [
            {
                "part": null,
                "replacement-node": 16,
                "template-line-number": 70,
                "node-pos": 32
            }
        ],
        "rule-8": [
            {
                "part": null,
                "replacement-node": 19,
                "expression-node": 20,
                "template-line-number": 74,
                "node-pos": 36
            }
        ],
        "rule-9": [
            {
                "part": null,
                "replacement-node": 22,
                "template-line-number": 79,
                "node-pos": 40
            }
        ],
        "rule-10": [
            {
                "part": null,
                "replacement-node": 25,
                "expression-node": 26,
                "template-line-number": 83,
                "node-pos": 44
            }
        ],
        "rule-11": [
            {
                "part": null,
                "replacement-node": 28,
                "expression-node": 29,
                "template-line-number": 88,
                "node-pos": 48
            }
        ],
        "rule-12": [
            {
                "part": null,
                "replacement-node": 31,
                "template-line-number": 98,
                "node-pos": 54
            }
        ],
        "rule-13": [
            {
                "part": null,
                "replacement-node": 34,
                "template-line-number": 110,
                "node-pos": 59,
                "html": true
            }
        ],
        "rule-14": [
            {
                "part": null,
                "replacement-node": 75,
                "expression-node": 76,
                "template-line-number": 270,
                "node-pos": 121
            }
        ],
        "rule-15": [
            {
                "part": null,
                "replacement-node": 78,
                "template-line-number": 277,
                "node-pos": 125
            }
        ],
        "rule-16": [
            {
                "part": null,
                "replacement-node": 81,
                "template-line-number": 287,
                "node-pos": 129
            }
        ],
        "rule-17": {
            "name": "APHeadings",
            "subs": [
                {
                    "name": "APHeadings",
                    "part": "1",
                    "replacement-node": 38,
                    "template-line-number": 133,
                    "extras": {},
                    "node-pos": 68
                },
                {
                    "name": "APHeadings",
                    "part": "2",
                    "replacement-node": 41,
                    "template-line-number": 140,
                    "extras": {},
                    "node-pos": 72
                }
            ]
        },
        "rule-18": {
            "name": "APLineItems",
            "subs": [
                {
                    "name": "APLineItems",
                    "part": "1",
                    "replacement-node": 45,
                    "template-line-number": 202,
                    "extras": {},
                    "node-pos": 78
                },
                {
                    "name": "APLineItems",
                    "part": "2",
                    "replacement-node": 50,
                    "template-line-number": 213,
                    "extras": {},
                    "node-pos": 86
                },
                {
                    "name": "APLineItems",
                    "part": "3",
                    "replacement-node": 54,
                    "expression-node": 55,
                    "template-line-number": 222,
                    "node-pos": 91
                },
                {
                    "name": "APLineItems",
                    "part": "4",
                    "replacement-node": 57,
                    "expression-node": 58,
                    "template-line-number": 228,
                    "node-pos": 95
                },
                {
                    "name": "APLineItems",
                    "part": "5",
                    "replacement-node": 60,
                    "expression-node": 61,
                    "template-line-number": 234,
                    "node-pos": 99
                },
                {
                    "name": "APLineItems",
                    "part": "6",
                    "replacement-node": 63,
                    "expression-node": 64,
                    "template-line-number": 240,
                    "node-pos": 103
                },
                {
                    "name": "APLineItems",
                    "part": "7",
                    "replacement-node": 66,
                    "expression-node": 67,
                    "template-line-number": 246,
                    "node-pos": 107
                },
                {
                    "name": "APLineItems",
                    "part": "8",
                    "replacement-node": 48,
                    "template-line-number": 209,
                    "extras": {},
                    "node-pos": 84
                },
                {
                    "name": "APLineItems",
                    "part": "8",
                    "replacement-node": 69,
                    "expression-node": 70,
                    "template-line-number": 252,
                    "node-pos": 111
                },
                {
                    "name": "APLineItems",
                    "part": "9",
                    "replacement-node": 72,
                    "expression-node": 73,
                    "template-line-number": 258,
                    "node-pos": 115
                }
            ]
        }
    },
    "line-numbers": {},
    "showifs": {
        "rule-1": {
            "type": "showif",
            "template-line-number": 18
        }
    },
    "footnotes": {},
    "standard-rules": [
        "rule-2",
        "rule-3",
        "rule-4",
        "rule-5",
        "rule-6",
        "rule-7",
        "rule-8",
        "rule-9",
        "rule-10",
        "rule-11",
        "rule-12",
        "rule-13",
        "rule-14",
        "rule-15",
        "rule-16",
        "rule-17",
        "rule-18"
    ],
    "footnote-rules": []
}