{
    "substitutions": {
        "rule-1": [
            {
                "part": null,
                "replacement-node": 0,
                "template-line-number": 22,
                "node-pos": 10
            }
        ],
        "rule-2": [
            {
                "part": null,
                "replacement-node": 3,
                "expression-node": 4,
                "template-line-number": 29,
                "node-pos": 14
            }
        ],
        "rule-3": [
            {
                "part": null,
                "replacement-node": 6,
                "template-line-number": 36,
                "node-pos": 18
            }
        ],
        "rule-4": [
            {
                "part": null,
                "replacement-node": 9,
                "template-line-number": 44,
                "node-pos": 22,
                "html": true
            }
        ],
        "rule-5": [
            {
                "part": null,
                "replacement-node": 12,
                "template-line-number": 61,
                "node-pos": 27,
                "html": true
            }
        ],
        "rule-6": [
            {
                "part": null,
                "replacement-node": 15,
                "template-line-number": 79,
                "node-pos": 32
            }
        ],
        "rule-7": [
            {
                "part": null,
                "replacement-node": 18,
                "expression-node": 19,
                "template-line-number": 86,
                "node-pos": 36
            }
        ],
        "rule-8": [
            {
                "part": null,
                "replacement-node": 21,
                "template-line-number": 93,
                "node-pos": 40
            }
        ],
        "rule-9": [
            {
                "part": null,
                "replacement-node": 24,
                "expression-node": 25,
                "template-line-number": 100,
                "node-pos": 44
            }
        ],
        "rule-10": [
            {
                "part": null,
                "replacement-node": 27,
                "expression-node": 28,
                "template-line-number": 106,
                "node-pos": 48
            }
        ],
        "rule-11": [
            {
                "part": null,
                "replacement-node": 30,
                "template-line-number": 117,
                "node-pos": 54
            }
        ],
        "rule-12": [
            {
                "part": null,
                "replacement-node": 33,
                "template-line-number": 128,
                "node-pos": 59,
                "html": true
            }
        ],
        "rule-13": [
            {
                "part": null,
                "replacement-node": 66,
                "expression-node": 67,
                "template-line-number": 297,
                "node-pos": 113
            }
        ],
        "rule-14": [
            {
                "part": null,
                "replacement-node": 69,
                "expression-node": 70,
                "template-line-number": 307,
                "node-pos": 117
            }
        ],
        "rule-15": [
            {
                "part": null,
                "replacement-node": 72,
                "expression-node": 73,
                "template-line-number": 317,
                "node-pos": 121
            }
        ],
        "rule-16": [
            {
                "part": null,
                "replacement-node": 75,
                "expression-node": 76,
                "template-line-number": 327,
                "node-pos": 125
            }
        ],
        "rule-17": [
            {
                "part": null,
                "replacement-node": 78,
                "expression-node": 79,
                "template-line-number": 337,
                "node-pos": 129
            }
        ],
        "rule-18": [
            {
                "part": null,
                "replacement-node": 81,
                "expression-node": 82,
                "template-line-number": 351,
                "node-pos": 135
            }
        ],
        "rule-19": [
            {
                "part": null,
                "replacement-node": 84,
                "template-line-number": 357,
                "node-pos": 139
            }
        ],
        "rule-20": [
            {
                "part": null,
                "replacement-node": 87,
                "template-line-number": 366,
                "node-pos": 143
            }
        ],
        "rule-21": {
            "name": "ColumnHeadings",
            "subs": [
                {
                    "name": "ColumnHeadings",
                    "part": "1",
                    "replacement-node": 39,
                    "template-line-number": 167,
                    "extras": {},
                    "node-pos": 73
                },
                {
                    "name": "ColumnHeadings",
                    "part": "2",
                    "replacement-node": 42,
                    "template-line-number": 175,
                    "extras": {},
                    "node-pos": 77
                },
                {
                    "name": "ColumnHeadings",
                    "part": "3",
                    "replacement-node": 37,
                    "template-line-number": 163,
                    "extras": {},
                    "node-pos": 71
                }
            ]
        },
        "rule-22": {
            "name": "AnalysisofBillingNonAssociateCompanies",
            "subs": [
                {
                    "name": "AnalysisofBillingNonAssociateCompanies",
                    "part": "2",
                    "replacement-node": 48,
                    "expression-node": 49,
                    "template-line-number": 244,
                    "node-pos": 86
                },
                {
                    "name": "AnalysisofBillingNonAssociateCompanies",
                    "part": "3",
                    "replacement-node": 51,
                    "expression-node": 52,
                    "template-line-number": 252,
                    "node-pos": 90
                },
                {
                    "name": "AnalysisofBillingNonAssociateCompanies",
                    "part": "4",
                    "replacement-node": 54,
                    "expression-node": 55,
                    "template-line-number": 260,
                    "node-pos": 94
                },
                {
                    "name": "AnalysisofBillingNonAssociateCompanies",
                    "part": "5",
                    "replacement-node": 57,
                    "expression-node": 58,
                    "template-line-number": 268,
                    "node-pos": 98
                },
                {
                    "name": "AnalysisofBillingNonAssociateCompanies",
                    "part": "6",
                    "replacement-node": 60,
                    "expression-node": 61,
                    "template-line-number": 276,
                    "node-pos": 102
                },
                {
                    "name": "AnalysisofBillingNonAssociateCompanies",
                    "part": "7",
                    "replacement-node": 63,
                    "expression-node": 64,
                    "template-line-number": 284,
                    "node-pos": 106
                }
            ]
        }
    },
    "line-numbers": {
        "AnalysisofBillingNonAssociateCompanies": [
            {
                "line-number-node": 46,
                "start-number": 1,
                "template-line-number": 239
            }
        ]
    },
    "showifs": {},
    "footnotes": {},
    "standard-rules": [
        "rule-1",
        "rule-2",
        "rule-3",
        "rule-4",
        "rule-5",
        "rule-6",
        "rule-7",
        "rule-8",
        "rule-9",
        "rule-10",
        "rule-11",
        "rule-12",
        "rule-13",
        "rule-14",
        "rule-15",
        "rule-16",
        "rule-17",
        "rule-18",
        "rule-19",
        "rule-20",
        "rule-21",
        "rule-22"
    ],
    "footnote-rules": []
}