{
    "substitutions": {
        "rule-2": [
            {
                "part": null,
                "replacement-node": 1,
                "template-line-number": 27,
                "node-pos": 10
            }
        ],
        "rule-3": [
            {
                "part": null,
                "replacement-node": 4,
                "expression-node": 5,
                "template-line-number": 31,
                "node-pos": 14
            }
        ],
        "rule-4": [
            {
                "part": null,
                "replacement-node": 7,
                "template-line-number": 37,
                "node-pos": 18
            }
        ],
        "rule-5": [
            {
                "part": null,
                "replacement-node": 10,
                "template-line-number": 43,
                "node-pos": 22,
                "html": true
            }
        ],
        "rule-6": [
            {
                "part": null,
                "replacement-node": 13,
                "template-line-number": 55,
                "node-pos": 27,
                "html": true
            }
        ],
        "rule-7": [
            {
                "part": null,
                "replacement-node": 16,
                "template-line-number": 66,
                "node-pos": 32
            }
        ],
        "rule-8": [
            {
                "part": null,
                "replacement-node": 19,
                "expression-node": 20,
                "template-line-number": 70,
                "node-pos": 36
            }
        ],
        "rule-9": [
            {
                "part": null,
                "replacement-node": 22,
                "template-line-number": 75,
                "node-pos": 40
            }
        ],
        "rule-10": [
            {
                "part": null,
                "replacement-node": 25,
                "expression-node": 26,
                "template-line-number": 79,
                "node-pos": 44
            }
        ],
        "rule-11": [
            {
                "part": null,
                "replacement-node": 28,
                "expression-node": 29,
                "template-line-number": 84,
                "node-pos": 48
            }
        ],
        "rule-12": [
            {
                "part": null,
                "replacement-node": 31,
                "template-line-number": 96,
                "node-pos": 54
            }
        ],
        "rule-13": [
            {
                "part": null,
                "replacement-node": 34,
                "template-line-number": 107,
                "node-pos": 59,
                "html": true
            }
        ],
        "rule-14": [
            {
                "part": null,
                "replacement-node": 55,
                "template-line-number": 213,
                "node-pos": 97
            }
        ],
        "rule-15": [
            {
                "part": null,
                "replacement-node": 58,
                "expression-node": 59,
                "template-line-number": 225,
                "node-pos": 102
            }
        ],
        "rule-16": [
            {
                "part": null,
                "replacement-node": 61,
                "template-line-number": 243,
                "node-pos": 110,
                "html": true
            }
        ],
        "rule-17": [
            {
                "part": null,
                "replacement-node": 84,
                "template-line-number": 349,
                "node-pos": 150
            }
        ],
        "rule-18": [
            {
                "part": null,
                "replacement-node": 87,
                "expression-node": 88,
                "template-line-number": 361,
                "node-pos": 155
            }
        ],
        "rule-19": [
            {
                "part": null,
                "replacement-node": 90,
                "expression-node": 91,
                "template-line-number": 374,
                "node-pos": 161
            }
        ],
        "rule-20": [
            {
                "part": null,
                "replacement-node": 93,
                "template-line-number": 379,
                "node-pos": 165
            }
        ],
        "rule-21": [
            {
                "part": null,
                "replacement-node": 96,
                "template-line-number": 388,
                "node-pos": 169
            }
        ],
        "rule-22": {
            "name": "CapitalStockExpense",
            "subs": [
                {
                    "name": "CapitalStockExpense",
                    "part": "2",
                    "replacement-node": 78,
                    "expression-node": 79,
                    "template-line-number": 333,
                    "node-pos": 140
                },
                {
                    "name": "CapitalStockExpense",
                    "part": "3",
                    "replacement-node": 81,
                    "expression-node": 82,
                    "template-line-number": 338,
                    "node-pos": 144
                }
            ]
        },
        "rule-23": {
            "name": "CapitalStock",
            "subs": [
                {
                    "name": "CapitalStock",
                    "part": "2",
                    "replacement-node": 49,
                    "expression-node": 50,
                    "template-line-number": 197,
                    "node-pos": 87
                },
                {
                    "name": "CapitalStock",
                    "part": "3",
                    "replacement-node": 52,
                    "expression-node": 53,
                    "template-line-number": 202,
                    "node-pos": 91
                }
            ]
        },
        "rule-24": {
            "name": "DiscCapHeadings",
            "subs": [
                {
                    "name": "DiscCapHeadings",
                    "part": "1",
                    "replacement-node": 40,
                    "template-line-number": 141,
                    "extras": {},
                    "node-pos": 74
                },
                {
                    "name": "DiscCapHeadings",
                    "part": "2",
                    "replacement-node": 43,
                    "template-line-number": 150,
                    "extras": {},
                    "node-pos": 78
                },
                {
                    "name": "DiscCapHeadings",
                    "part": "3",
                    "replacement-node": 38,
                    "template-line-number": 137,
                    "extras": {},
                    "node-pos": 72
                }
            ]
        },
        "rule-25": {
            "name": "ExpcCapHeadings",
            "subs": [
                {
                    "name": "ExpcCapHeadings",
                    "part": "1",
                    "replacement-node": 67,
                    "template-line-number": 276,
                    "extras": {},
                    "node-pos": 125
                },
                {
                    "name": "ExpcCapHeadings",
                    "part": "2",
                    "replacement-node": 70,
                    "template-line-number": 285,
                    "extras": {},
                    "node-pos": 129
                },
                {
                    "name": "ExpcCapHeadings",
                    "part": "3",
                    "replacement-node": 65,
                    "template-line-number": 272,
                    "extras": {},
                    "node-pos": 123
                }
            ]
        }
    },
    "line-numbers": {
        "CapitalStock": [
            {
                "line-number-node": 47,
                "start-number": 1,
                "template-line-number": 194
            }
        ],
        "CapitalStockExpense": [
            {
                "line-number-node": 74,
                "start-number": 16,
                "template-line-number": 329
            }
        ]
    },
    "showifs": {
        "rule-1": {
            "type": "showif",
            "template-line-number": 17
        }
    },
    "footnotes": {},
    "standard-rules": [
        "rule-2",
        "rule-3",
        "rule-4",
        "rule-5",
        "rule-6",
        "rule-7",
        "rule-8",
        "rule-9",
        "rule-10",
        "rule-11",
        "rule-12",
        "rule-13",
        "rule-14",
        "rule-15",
        "rule-16",
        "rule-17",
        "rule-18",
        "rule-19",
        "rule-20",
        "rule-21",
        "rule-22",
        "rule-23",
        "rule-24",
        "rule-25"
    ],
    "footnote-rules": []
}