{
    "substitutions": {
        "rule-1": [
            {
                "part": null,
                "replacement-node": 0,
                "template-line-number": 32,
                "node-pos": 15,
                "html": true
            }
        ],
        "rule-2": [
            {
                "part": null,
                "replacement-node": 3,
                "template-line-number": 44,
                "node-pos": 20,
                "html": true
            }
        ],
        "rule-3": [
            {
                "part": null,
                "replacement-node": 6,
                "template-line-number": 76,
                "node-pos": 37,
                "html": true
            }
        ],
        "rule-4": [
            {
                "part": null,
                "replacement-node": 8,
                "expression-node": 9,
                "template-line-number": 122,
                "node-pos": 52
            }
        ],
        "rule-5": [
            {
                "part": null,
                "replacement-node": 11,
                "template-line-number": 130,
                "node-pos": 56
            }
        ],
        "rule-6": [
            {
                "part": null,
                "replacement-node": 14,
                "expression-node": 15,
                "template-line-number": 137,
                "node-pos": 60
            }
        ],
        "rule-7": [
            {
                "part": null,
                "replacement-node": 17,
                "expression-node": 18,
                "template-line-number": 143,
                "node-pos": 64
            }
        ],
        "rule-8": [
            {
                "part": null,
                "replacement-node": 20,
                "expression-node": 21,
                "template-line-number": 155,
                "node-pos": 70
            }
        ],
        "rule-9": [
            {
                "part": null,
                "replacement-node": 23,
                "template-line-number": 162,
                "node-pos": 74
            }
        ]
    },
    "line-numbers": {},
    "showifs": {},
    "footnotes": {},
    "standard-rules": [
        "rule-1",
        "rule-2",
        "rule-3",
        "rule-4",
        "rule-5",
        "rule-6",
        "rule-7",
        "rule-8",
        "rule-9"
    ],
    "footnote-rules": []
}