{
    "substitutions": {
        "rule-1": [
            {
                "part": null,
                "replacement-node": 0,
                "expression-node": 1,
                "template-line-number": 28,
                "node-pos": 16
            }
        ],
        "rule-2": [
            {
                "part": null,
                "replacement-node": 3,
                "template-line-number": 41,
                "node-pos": 23
            }
        ],
        "rule-3": [
            {
                "part": null,
                "replacement-node": 6,
                "template-line-number": 59,
                "node-pos": 33,
                "html": true
            }
        ],
        "rule-4": [
            {
                "part": null,
                "replacement-node": 9,
                "template-line-number": 68,
                "node-pos": 37,
                "html": true
            }
        ],
        "rule-5": [
            {
                "part": null,
                "replacement-node": 12,
                "template-line-number": 82,
                "node-pos": 45
            }
        ],
        "rule-6": [
            {
                "part": null,
                "replacement-node": 15,
                "expression-node": 16,
                "template-line-number": 89,
                "node-pos": 49
            }
        ],
        "rule-7": [
            {
                "part": null,
                "replacement-node": 18,
                "template-line-number": 97,
                "node-pos": 53
            }
        ],
        "rule-8": [
            {
                "part": null,
                "replacement-node": 21,
                "expression-node": 22,
                "template-line-number": 104,
                "node-pos": 57
            }
        ],
        "rule-9": [
            {
                "part": null,
                "replacement-node": 24,
                "expression-node": 25,
                "template-line-number": 113,
                "node-pos": 61
            }
        ],
        "rule-10": [
            {
                "part": null,
                "replacement-node": 27,
                "template-line-number": 131,
                "node-pos": 69
            }
        ],
        "rule-11": [
            {
                "part": null,
                "replacement-node": 30,
                "template-line-number": 150,
                "node-pos": 78,
                "html": true
            }
        ],
        "rule-12": [
            {
                "part": null,
                "replacement-node": 33,
                "template-line-number": 163,
                "node-pos": 82
            }
        ],
        "rule-13": [
            {
                "part": null,
                "replacement-node": 36,
                "template-line-number": 178,
                "node-pos": 90,
                "html": true
            }
        ],
        "rule-14": [
            {
                "part": null,
                "replacement-node": 39,
                "template-line-number": 190,
                "node-pos": 95
            }
        ],
        "rule-15": [
            {
                "part": null,
                "replacement-node": 42,
                "expression-node": 43,
                "template-line-number": 197,
                "node-pos": 99
            }
        ],
        "rule-16": [
            {
                "part": null,
                "replacement-node": 45,
                "template-line-number": 216,
                "node-pos": 109
            }
        ],
        "rule-17": [
            {
                "part": null,
                "replacement-node": 48,
                "expression-node": 49,
                "template-line-number": 223,
                "node-pos": 113
            }
        ],
        "rule-18": [
            {
                "part": null,
                "replacement-node": 51,
                "expression-node": 52,
                "template-line-number": 234,
                "node-pos": 118
            }
        ],
        "rule-19": [
            {
                "part": null,
                "replacement-node": 54,
                "template-line-number": 245,
                "node-pos": 125
            }
        ],
        "rule-20": [
            {
                "part": null,
                "replacement-node": 57,
                "expression-node": 58,
                "template-line-number": 252,
                "node-pos": 129
            }
        ],
        "rule-21": [
            {
                "part": null,
                "replacement-node": 60,
                "template-line-number": 266,
                "node-pos": 137,
                "html": true
            }
        ],
        "rule-22": [
            {
                "part": null,
                "replacement-node": 63,
                "template-line-number": 280,
                "node-pos": 142
            }
        ],
        "rule-23": [
            {
                "part": null,
                "replacement-node": 66,
                "expression-node": 67,
                "template-line-number": 287,
                "node-pos": 146
            }
        ],
        "rule-24": [
            {
                "part": null,
                "replacement-node": 69,
                "template-line-number": 295,
                "node-pos": 150
            }
        ],
        "rule-25": [
            {
                "part": null,
                "replacement-node": 72,
                "expression-node": 73,
                "template-line-number": 302,
                "node-pos": 154
            }
        ],
        "rule-26": [
            {
                "part": null,
                "replacement-node": 75,
                "expression-node": 76,
                "template-line-number": 324,
                "node-pos": 166
            }
        ],
        "rule-27": [
            {
                "part": null,
                "replacement-node": 78,
                "template-line-number": 337,
                "node-pos": 173
            }
        ],
        "rule-28": [
            {
                "part": null,
                "replacement-node": 81,
                "template-line-number": 352,
                "node-pos": 182
            }
        ],
        "rule-29": [
            {
                "part": null,
                "replacement-node": 84,
                "expression-node": 85,
                "template-line-number": 359,
                "node-pos": 186
            }
        ],
        "rule-30": [
            {
                "part": null,
                "replacement-node": 87,
                "template-line-number": 374,
                "node-pos": 195
            }
        ],
        "rule-31": [
            {
                "part": null,
                "replacement-node": 90,
                "expression-node": 91,
                "template-line-number": 381,
                "node-pos": 199
            }
        ],
        "rule-32": [
            {
                "part": null,
                "replacement-node": 93,
                "template-line-number": 397,
                "node-pos": 208
            }
        ],
        "rule-33": [
            {
                "part": null,
                "replacement-node": 96,
                "expression-node": 97,
                "template-line-number": 404,
                "node-pos": 212
            }
        ],
        "rule-34": [
            {
                "part": null,
                "replacement-node": 99,
                "template-line-number": 417,
                "node-pos": 218
            }
        ],
        "rule-35": [
            {
                "part": null,
                "replacement-node": 102,
                "template-line-number": 425,
                "node-pos": 221,
                "html": true
            }
        ],
        "rule-36": [
            {
                "part": null,
                "replacement-node": 105,
                "template-line-number": 437,
                "node-pos": 225,
                "html": true
            }
        ],
        "rule-37": [
            {
                "part": null,
                "replacement-node": 108,
                "expression-node": 109,
                "template-line-number": 456,
                "node-pos": 233
            }
        ],
        "rule-38": [
            {
                "part": null,
                "replacement-node": 111,
                "template-line-number": 478,
                "node-pos": 241
            }
        ]
    },
    "line-numbers": {},
    "showifs": {},
    "footnotes": {},
    "standard-rules": [
        "rule-1",
        "rule-2",
        "rule-3",
        "rule-4",
        "rule-5",
        "rule-6",
        "rule-7",
        "rule-8",
        "rule-9",
        "rule-10",
        "rule-11",
        "rule-12",
        "rule-13",
        "rule-14",
        "rule-15",
        "rule-16",
        "rule-17",
        "rule-18",
        "rule-19",
        "rule-20",
        "rule-21",
        "rule-22",
        "rule-23",
        "rule-24",
        "rule-25",
        "rule-26",
        "rule-27",
        "rule-28",
        "rule-29",
        "rule-30",
        "rule-31",
        "rule-32",
        "rule-33",
        "rule-34",
        "rule-35",
        "rule-36",
        "rule-37",
        "rule-38"
    ],
    "footnote-rules": []
}