{
    "substitutions": {
        "rule-2": [
            {
                "part": null,
                "replacement-node": 1,
                "template-line-number": 27,
                "node-pos": 10
            }
        ],
        "rule-3": [
            {
                "part": null,
                "replacement-node": 4,
                "expression-node": 5,
                "template-line-number": 32,
                "node-pos": 15
            }
        ],
        "rule-4": [
            {
                "part": null,
                "replacement-node": 7,
                "template-line-number": 38,
                "node-pos": 19
            }
        ],
        "rule-5": [
            {
                "part": null,
                "replacement-node": 10,
                "template-line-number": 44,
                "node-pos": 23,
                "html": true
            }
        ],
        "rule-6": [
            {
                "part": null,
                "replacement-node": 13,
                "template-line-number": 56,
                "node-pos": 28,
                "html": true
            }
        ],
        "rule-7": [
            {
                "part": null,
                "replacement-node": 16,
                "template-line-number": 67,
                "node-pos": 33
            }
        ],
        "rule-8": [
            {
                "part": null,
                "replacement-node": 19,
                "expression-node": 20,
                "template-line-number": 72,
                "node-pos": 38
            }
        ],
        "rule-9": [
            {
                "part": null,
                "replacement-node": 22,
                "template-line-number": 77,
                "node-pos": 42
            }
        ],
        "rule-10": [
            {
                "part": null,
                "replacement-node": 25,
                "expression-node": 26,
                "template-line-number": 82,
                "node-pos": 47
            }
        ],
        "rule-11": [
            {
                "part": null,
                "replacement-node": 28,
                "expression-node": 29,
                "template-line-number": 87,
                "node-pos": 51
            }
        ],
        "rule-12": [
            {
                "part": null,
                "replacement-node": 31,
                "template-line-number": 97,
                "node-pos": 57
            }
        ],
        "rule-13": [
            {
                "part": null,
                "replacement-node": 34,
                "template-line-number": 108,
                "node-pos": 62,
                "html": true
            }
        ],
        "rule-14": [
            {
                "part": null,
                "replacement-node": 46,
                "template-line-number": 160,
                "node-pos": 86
            }
        ],
        "rule-15": [
            {
                "part": null,
                "replacement-node": 49,
                "template-line-number": 178,
                "node-pos": 96
            }
        ],
        "rule-16": [
            {
                "part": null,
                "replacement-node": 68,
                "template-line-number": 266,
                "node-pos": 128
            }
        ],
        "rule-17": [
            {
                "part": null,
                "replacement-node": 87,
                "expression-node": 88,
                "template-line-number": 356,
                "node-pos": 160
            }
        ],
        "rule-18": [
            {
                "part": null,
                "replacement-node": 90,
                "template-line-number": 361,
                "node-pos": 164
            }
        ],
        "rule-19": [
            {
                "part": null,
                "replacement-node": 93,
                "template-line-number": 370,
                "node-pos": 168
            }
        ],
        "rule-20": {
            "name": "GasPlantInServiceHeadings",
            "subs": [
                {
                    "name": "GasPlantInServiceHeadings",
                    "part": "1",
                    "replacement-node": 40,
                    "template-line-number": 140,
                    "extras": {},
                    "node-pos": 76
                },
                {
                    "name": "GasPlantInServiceHeadings",
                    "part": "2",
                    "replacement-node": 43,
                    "template-line-number": 149,
                    "extras": {},
                    "node-pos": 80
                },
                {
                    "name": "GasPlantInServiceHeadings",
                    "part": "3",
                    "replacement-node": 38,
                    "template-line-number": 136,
                    "extras": {},
                    "node-pos": 74
                }
            ]
        },
        "rule-21": {
            "name": "GasStorageLineItems2",
            "subs": [
                {
                    "name": "GasStorageLineItems2",
                    "part": "2",
                    "replacement-node": 75,
                    "template-line-number": 329,
                    "extras": {},
                    "node-pos": 142
                },
                {
                    "name": "GasStorageLineItems2",
                    "part": "3",
                    "replacement-node": 72,
                    "template-line-number": 323,
                    "extras": {},
                    "node-pos": 138
                },
                {
                    "name": "GasStorageLineItems2",
                    "part": "4",
                    "replacement-node": 78,
                    "expression-node": 79,
                    "template-line-number": 335,
                    "node-pos": 146
                },
                {
                    "name": "GasStorageLineItems2",
                    "part": "5",
                    "replacement-node": 81,
                    "expression-node": 82,
                    "template-line-number": 340,
                    "node-pos": 150
                },
                {
                    "name": "GasStorageLineItems2",
                    "part": "6",
                    "replacement-node": 84,
                    "expression-node": 85,
                    "template-line-number": 345,
                    "node-pos": 154
                }
            ]
        },
        "rule-22": {
            "name": "GasStorageLineItems",
            "subs": [
                {
                    "name": "GasStorageLineItems",
                    "part": "2",
                    "replacement-node": 56,
                    "template-line-number": 239,
                    "extras": {},
                    "node-pos": 110
                },
                {
                    "name": "GasStorageLineItems",
                    "part": "3",
                    "replacement-node": 53,
                    "template-line-number": 233,
                    "extras": {},
                    "node-pos": 106
                },
                {
                    "name": "GasStorageLineItems",
                    "part": "4",
                    "replacement-node": 59,
                    "expression-node": 60,
                    "template-line-number": 245,
                    "node-pos": 114
                },
                {
                    "name": "GasStorageLineItems",
                    "part": "5",
                    "replacement-node": 62,
                    "expression-node": 63,
                    "template-line-number": 250,
                    "node-pos": 118
                },
                {
                    "name": "GasStorageLineItems",
                    "part": "6",
                    "replacement-node": 65,
                    "expression-node": 66,
                    "template-line-number": 255,
                    "node-pos": 122
                }
            ]
        }
    },
    "line-numbers": {},
    "showifs": {
        "rule-1": {
            "type": "showif",
            "template-line-number": 17
        }
    },
    "footnotes": {},
    "standard-rules": [
        "rule-2",
        "rule-3",
        "rule-4",
        "rule-5",
        "rule-6",
        "rule-7",
        "rule-8",
        "rule-9",
        "rule-10",
        "rule-11",
        "rule-12",
        "rule-13",
        "rule-14",
        "rule-15",
        "rule-16",
        "rule-17",
        "rule-18",
        "rule-19",
        "rule-20",
        "rule-21",
        "rule-22"
    ],
    "footnote-rules": []
}