{
    "substitutions": {
        "rule-2": [
            {
                "part": null,
                "replacement-node": 1,
                "template-line-number": 28,
                "node-pos": 10
            }
        ],
        "rule-3": [
            {
                "part": null,
                "replacement-node": 4,
                "expression-node": 5,
                "template-line-number": 32,
                "node-pos": 14
            }
        ],
        "rule-4": [
            {
                "part": null,
                "replacement-node": 7,
                "template-line-number": 38,
                "node-pos": 18
            }
        ],
        "rule-5": [
            {
                "part": null,
                "replacement-node": 10,
                "template-line-number": 44,
                "node-pos": 22,
                "html": true
            }
        ],
        "rule-6": [
            {
                "part": null,
                "replacement-node": 13,
                "template-line-number": 56,
                "node-pos": 27,
                "html": true
            }
        ],
        "rule-7": [
            {
                "part": null,
                "replacement-node": 16,
                "template-line-number": 67,
                "node-pos": 32
            }
        ],
        "rule-8": [
            {
                "part": null,
                "replacement-node": 19,
                "expression-node": 20,
                "template-line-number": 71,
                "node-pos": 36
            }
        ],
        "rule-9": [
            {
                "part": null,
                "replacement-node": 22,
                "template-line-number": 76,
                "node-pos": 40
            }
        ],
        "rule-10": [
            {
                "part": null,
                "replacement-node": 25,
                "expression-node": 26,
                "template-line-number": 80,
                "node-pos": 44
            }
        ],
        "rule-11": [
            {
                "part": null,
                "replacement-node": 28,
                "expression-node": 29,
                "template-line-number": 85,
                "node-pos": 48
            }
        ],
        "rule-12": [
            {
                "part": null,
                "replacement-node": 31,
                "template-line-number": 95,
                "node-pos": 54
            }
        ],
        "rule-13": [
            {
                "part": null,
                "replacement-node": 34,
                "template-line-number": 106,
                "node-pos": 59,
                "html": true
            }
        ],
        "rule-14": [
            {
                "part": null,
                "replacement-node": 90,
                "template-line-number": 399,
                "node-pos": 143
            }
        ],
        "rule-15": [
            {
                "part": null,
                "replacement-node": 93,
                "expression-node": 94,
                "template-line-number": 414,
                "node-pos": 149
            }
        ],
        "rule-16": [
            {
                "part": null,
                "replacement-node": 96,
                "expression-node": 97,
                "template-line-number": 424,
                "node-pos": 153
            }
        ],
        "rule-17": [
            {
                "part": null,
                "replacement-node": 99,
                "expression-node": 100,
                "template-line-number": 434,
                "node-pos": 157
            }
        ],
        "rule-18": [
            {
                "part": null,
                "replacement-node": 102,
                "expression-node": 103,
                "template-line-number": 444,
                "node-pos": 161
            }
        ],
        "rule-19": [
            {
                "part": null,
                "replacement-node": 105,
                "expression-node": 106,
                "template-line-number": 454,
                "node-pos": 165
            }
        ],
        "rule-20": [
            {
                "part": null,
                "replacement-node": 108,
                "expression-node": 109,
                "template-line-number": 464,
                "node-pos": 169
            }
        ],
        "rule-21": [
            {
                "part": null,
                "replacement-node": 111,
                "expression-node": 112,
                "template-line-number": 474,
                "node-pos": 173
            }
        ],
        "rule-22": [
            {
                "part": null,
                "replacement-node": 114,
                "expression-node": 115,
                "template-line-number": 484,
                "node-pos": 177
            }
        ],
        "rule-23": [
            {
                "part": null,
                "replacement-node": 117,
                "expression-node": 118,
                "template-line-number": 494,
                "node-pos": 181
            }
        ],
        "rule-24": [
            {
                "part": null,
                "replacement-node": 120,
                "expression-node": 121,
                "template-line-number": 504,
                "node-pos": 185
            }
        ],
        "rule-25": [
            {
                "part": null,
                "replacement-node": 123,
                "expression-node": 124,
                "template-line-number": 520,
                "node-pos": 192
            }
        ],
        "rule-26": [
            {
                "part": null,
                "replacement-node": 126,
                "template-line-number": 525,
                "node-pos": 196
            }
        ],
        "rule-27": [
            {
                "part": null,
                "replacement-node": 129,
                "template-line-number": 534,
                "node-pos": 200
            }
        ],
        "rule-28": {
            "name": "Compressor",
            "subs": [
                {
                    "name": "Compressor",
                    "part": "10",
                    "replacement-node": 78,
                    "expression-node": 79,
                    "template-line-number": 369,
                    "node-pos": 125
                },
                {
                    "name": "Compressor",
                    "part": "11",
                    "replacement-node": 81,
                    "expression-node": 82,
                    "template-line-number": 375,
                    "node-pos": 129
                },
                {
                    "name": "Compressor",
                    "part": "12",
                    "replacement-node": 84,
                    "expression-node": 85,
                    "template-line-number": 381,
                    "node-pos": 133
                },
                {
                    "name": "Compressor",
                    "part": "13",
                    "replacement-node": 87,
                    "expression-node": 88,
                    "template-line-number": 387,
                    "node-pos": 137
                },
                {
                    "name": "Compressor",
                    "part": "14",
                    "replacement-node": 54,
                    "expression-node": 55,
                    "template-line-number": 321,
                    "node-pos": 93
                },
                {
                    "name": "Compressor",
                    "part": "2",
                    "replacement-node": 49,
                    "expression-node": 50,
                    "template-line-number": 312,
                    "node-pos": 87
                },
                {
                    "name": "Compressor",
                    "part": "3",
                    "replacement-node": 57,
                    "expression-node": 58,
                    "template-line-number": 327,
                    "node-pos": 97
                },
                {
                    "name": "Compressor",
                    "part": "4",
                    "replacement-node": 60,
                    "expression-node": 61,
                    "template-line-number": 333,
                    "node-pos": 101
                },
                {
                    "name": "Compressor",
                    "part": "5",
                    "replacement-node": 63,
                    "expression-node": 64,
                    "template-line-number": 339,
                    "node-pos": 105
                },
                {
                    "name": "Compressor",
                    "part": "6",
                    "replacement-node": 66,
                    "expression-node": 67,
                    "template-line-number": 345,
                    "node-pos": 109
                },
                {
                    "name": "Compressor",
                    "part": "7",
                    "replacement-node": 69,
                    "expression-node": 70,
                    "template-line-number": 351,
                    "node-pos": 113
                },
                {
                    "name": "Compressor",
                    "part": "8",
                    "replacement-node": 72,
                    "expression-node": 73,
                    "template-line-number": 357,
                    "node-pos": 117
                },
                {
                    "name": "Compressor",
                    "part": "9",
                    "replacement-node": 75,
                    "expression-node": 76,
                    "template-line-number": 363,
                    "node-pos": 121
                }
            ]
        },
        "rule-29": {
            "name": "CompressorStationHeadings",
            "subs": [
                {
                    "name": "CompressorStationHeadings",
                    "part": "1",
                    "replacement-node": 40,
                    "template-line-number": 139,
                    "extras": {},
                    "node-pos": 74
                },
                {
                    "name": "CompressorStationHeadings",
                    "part": "2",
                    "replacement-node": 43,
                    "template-line-number": 148,
                    "extras": {},
                    "node-pos": 78
                },
                {
                    "name": "CompressorStationHeadings",
                    "part": "3",
                    "replacement-node": 38,
                    "template-line-number": 135,
                    "extras": {},
                    "node-pos": 72
                }
            ]
        }
    },
    "line-numbers": {
        "Compressor": [
            {
                "line-number-node": 47,
                "start-number": 1,
                "template-line-number": 308
            }
        ]
    },
    "showifs": {
        "rule-1": {
            "type": "showif",
            "template-line-number": 18
        }
    },
    "footnotes": {},
    "standard-rules": [
        "rule-2",
        "rule-3",
        "rule-4",
        "rule-5",
        "rule-6",
        "rule-7",
        "rule-8",
        "rule-9",
        "rule-10",
        "rule-11",
        "rule-12",
        "rule-13",
        "rule-14",
        "rule-15",
        "rule-16",
        "rule-17",
        "rule-18",
        "rule-19",
        "rule-20",
        "rule-21",
        "rule-22",
        "rule-23",
        "rule-24",
        "rule-25",
        "rule-26",
        "rule-27",
        "rule-28",
        "rule-29"
    ],
    "footnote-rules": []
}