{
    "substitutions": {
        "rule-1": [
            {
                "part": null,
                "replacement-node": 0,
                "template-line-number": 22,
                "node-pos": 10
            }
        ],
        "rule-2": [
            {
                "part": null,
                "replacement-node": 3,
                "expression-node": 4,
                "template-line-number": 29,
                "node-pos": 14
            }
        ],
        "rule-3": [
            {
                "part": null,
                "replacement-node": 6,
                "template-line-number": 36,
                "node-pos": 18
            }
        ],
        "rule-4": [
            {
                "part": null,
                "replacement-node": 9,
                "template-line-number": 44,
                "node-pos": 22,
                "html": true
            }
        ],
        "rule-5": [
            {
                "part": null,
                "replacement-node": 12,
                "template-line-number": 61,
                "node-pos": 27,
                "html": true
            }
        ],
        "rule-6": [
            {
                "part": null,
                "replacement-node": 15,
                "template-line-number": 79,
                "node-pos": 32
            }
        ],
        "rule-7": [
            {
                "part": null,
                "replacement-node": 18,
                "expression-node": 19,
                "template-line-number": 86,
                "node-pos": 36
            }
        ],
        "rule-8": [
            {
                "part": null,
                "replacement-node": 21,
                "template-line-number": 93,
                "node-pos": 40
            }
        ],
        "rule-9": [
            {
                "part": null,
                "replacement-node": 24,
                "expression-node": 25,
                "template-line-number": 100,
                "node-pos": 44
            }
        ],
        "rule-10": [
            {
                "part": null,
                "replacement-node": 27,
                "expression-node": 28,
                "template-line-number": 106,
                "node-pos": 48
            }
        ],
        "rule-11": [
            {
                "part": null,
                "replacement-node": 30,
                "template-line-number": 117,
                "node-pos": 54
            }
        ],
        "rule-12": [
            {
                "part": null,
                "replacement-node": 33,
                "template-line-number": 128,
                "node-pos": 59,
                "html": true
            }
        ],
        "rule-13": [
            {
                "part": null,
                "replacement-node": 54,
                "template-line-number": 250,
                "node-pos": 97
            }
        ],
        "rule-14": [
            {
                "part": null,
                "replacement-node": 57,
                "expression-node": 58,
                "template-line-number": 262,
                "node-pos": 102
            }
        ],
        "rule-15": [
            {
                "part": null,
                "replacement-node": 60,
                "expression-node": 61,
                "template-line-number": 277,
                "node-pos": 108
            }
        ],
        "rule-16": [
            {
                "part": null,
                "replacement-node": 63,
                "template-line-number": 283,
                "node-pos": 112
            }
        ],
        "rule-17": [
            {
                "part": null,
                "replacement-node": 66,
                "template-line-number": 292,
                "node-pos": 116
            }
        ],
        "rule-18": {
            "name": "MiscellaneousGeneralExpenses",
            "subs": [
                {
                    "name": "MiscellaneousGeneralExpenses",
                    "part": "2",
                    "replacement-node": 48,
                    "expression-node": 49,
                    "template-line-number": 229,
                    "node-pos": 87
                },
                {
                    "name": "MiscellaneousGeneralExpenses",
                    "part": "3",
                    "replacement-node": 51,
                    "expression-node": 52,
                    "template-line-number": 237,
                    "node-pos": 91
                }
            ]
        },
        "rule-19": {
            "name": "ColumnHeading",
            "subs": [
                {
                    "name": "ColumnHeading",
                    "part": "1",
                    "replacement-node": 39,
                    "template-line-number": 167,
                    "extras": {},
                    "node-pos": 74
                },
                {
                    "name": "ColumnHeading",
                    "part": "2",
                    "replacement-node": 42,
                    "template-line-number": 176,
                    "extras": {},
                    "node-pos": 78
                },
                {
                    "name": "ColumnHeading",
                    "part": "3",
                    "replacement-node": 37,
                    "template-line-number": 163,
                    "extras": {},
                    "node-pos": 72
                }
            ]
        }
    },
    "line-numbers": {
        "MiscellaneousGeneralExpenses": [
            {
                "line-number-node": 46,
                "start-number": 1,
                "template-line-number": 224
            }
        ]
    },
    "showifs": {},
    "footnotes": {},
    "standard-rules": [
        "rule-1",
        "rule-2",
        "rule-3",
        "rule-4",
        "rule-5",
        "rule-6",
        "rule-7",
        "rule-8",
        "rule-9",
        "rule-10",
        "rule-11",
        "rule-12",
        "rule-13",
        "rule-14",
        "rule-15",
        "rule-16",
        "rule-17",
        "rule-18",
        "rule-19"
    ],
    "footnote-rules": []
}