{
    "substitutions": {
        "rule-1": [
            {
                "part": null,
                "replacement-node": 0,
                "template-line-number": 22,
                "node-pos": 9
            }
        ],
        "rule-2": [
            {
                "part": null,
                "replacement-node": 3,
                "expression-node": 4,
                "template-line-number": 27,
                "node-pos": 13
            }
        ],
        "rule-3": [
            {
                "part": null,
                "replacement-node": 6,
                "template-line-number": 33,
                "node-pos": 17
            }
        ],
        "rule-4": [
            {
                "part": null,
                "replacement-node": 9,
                "template-line-number": 39,
                "node-pos": 21,
                "html": true
            }
        ],
        "rule-5": [
            {
                "part": null,
                "replacement-node": 12,
                "template-line-number": 51,
                "node-pos": 26,
                "html": true
            }
        ],
        "rule-6": [
            {
                "part": null,
                "replacement-node": 15,
                "template-line-number": 62,
                "node-pos": 31
            }
        ],
        "rule-7": [
            {
                "part": null,
                "replacement-node": 18,
                "expression-node": 19,
                "template-line-number": 67,
                "node-pos": 35
            }
        ],
        "rule-8": [
            {
                "part": null,
                "replacement-node": 21,
                "template-line-number": 72,
                "node-pos": 39
            }
        ],
        "rule-9": [
            {
                "part": null,
                "replacement-node": 24,
                "expression-node": 25,
                "template-line-number": 77,
                "node-pos": 43
            }
        ],
        "rule-10": [
            {
                "part": null,
                "replacement-node": 27,
                "expression-node": 28,
                "template-line-number": 82,
                "node-pos": 47
            }
        ],
        "rule-11": [
            {
                "part": null,
                "replacement-node": 30,
                "template-line-number": 92,
                "node-pos": 53
            }
        ],
        "rule-12": [
            {
                "part": null,
                "replacement-node": 33,
                "template-line-number": 103,
                "node-pos": 58,
                "html": true
            }
        ],
        "rule-13": [
            {
                "part": null,
                "replacement-node": 36,
                "expression-node": 37,
                "template-line-number": 130,
                "node-pos": 79,
                "html": true
            }
        ],
        "rule-14": [
            {
                "part": null,
                "replacement-node": 39,
                "expression-node": 40,
                "template-line-number": 141,
                "node-pos": 84,
                "html": true
            }
        ],
        "rule-15": [
            {
                "part": null,
                "replacement-node": 42,
                "expression-node": 43,
                "template-line-number": 152,
                "node-pos": 89,
                "html": true
            }
        ],
        "rule-16": [
            {
                "part": null,
                "replacement-node": 45,
                "expression-node": 46,
                "template-line-number": 163,
                "node-pos": 94,
                "html": true
            }
        ],
        "rule-17": [
            {
                "part": null,
                "replacement-node": 48,
                "expression-node": 49,
                "template-line-number": 174,
                "node-pos": 99,
                "html": true
            }
        ],
        "rule-18": [
            {
                "part": null,
                "replacement-node": 51,
                "expression-node": 52,
                "template-line-number": 185,
                "node-pos": 104,
                "html": true
            }
        ],
        "rule-19": [
            {
                "part": null,
                "replacement-node": 54,
                "expression-node": 55,
                "template-line-number": 196,
                "node-pos": 109,
                "html": true
            }
        ],
        "rule-20": [
            {
                "part": null,
                "replacement-node": 57,
                "expression-node": 58,
                "template-line-number": 207,
                "node-pos": 114,
                "html": true
            }
        ],
        "rule-21": [
            {
                "part": null,
                "replacement-node": 60,
                "expression-node": 61,
                "template-line-number": 218,
                "node-pos": 119,
                "html": true
            }
        ],
        "rule-22": [
            {
                "part": null,
                "replacement-node": 63,
                "expression-node": 64,
                "template-line-number": 229,
                "node-pos": 124,
                "html": true
            }
        ],
        "rule-23": [
            {
                "part": null,
                "replacement-node": 66,
                "expression-node": 67,
                "template-line-number": 240,
                "node-pos": 129,
                "html": true
            }
        ],
        "rule-24": [
            {
                "part": null,
                "replacement-node": 69,
                "expression-node": 70,
                "template-line-number": 251,
                "node-pos": 134,
                "html": true
            }
        ],
        "rule-25": [
            {
                "part": null,
                "replacement-node": 72,
                "expression-node": 73,
                "template-line-number": 262,
                "node-pos": 139,
                "html": true
            }
        ],
        "rule-26": [
            {
                "part": null,
                "replacement-node": 75,
                "expression-node": 76,
                "template-line-number": 273,
                "node-pos": 144,
                "html": true
            }
        ],
        "rule-27": [
            {
                "part": null,
                "replacement-node": 78,
                "expression-node": 79,
                "template-line-number": 287,
                "node-pos": 150
            }
        ],
        "rule-28": [
            {
                "part": null,
                "replacement-node": 81,
                "template-line-number": 294,
                "node-pos": 154
            }
        ],
        "rule-29": [
            {
                "part": null,
                "replacement-node": 84,
                "template-line-number": 304,
                "node-pos": 158
            }
        ]
    },
    "line-numbers": {},
    "showifs": {},
    "footnotes": {},
    "standard-rules": [
        "rule-1",
        "rule-2",
        "rule-3",
        "rule-4",
        "rule-5",
        "rule-6",
        "rule-7",
        "rule-8",
        "rule-9",
        "rule-10",
        "rule-11",
        "rule-12",
        "rule-13",
        "rule-14",
        "rule-15",
        "rule-16",
        "rule-17",
        "rule-18",
        "rule-19",
        "rule-20",
        "rule-21",
        "rule-22",
        "rule-23",
        "rule-24",
        "rule-25",
        "rule-26",
        "rule-27",
        "rule-28",
        "rule-29"
    ],
    "footnote-rules": []
}