{
    "substitutions": {
        "rule-1": [
            {
                "part": null,
                "replacement-node": 0,
                "template-line-number": 23,
                "node-pos": 10
            }
        ],
        "rule-2": [
            {
                "part": null,
                "replacement-node": 3,
                "expression-node": 4,
                "template-line-number": 28,
                "node-pos": 14
            }
        ],
        "rule-3": [
            {
                "part": null,
                "replacement-node": 6,
                "template-line-number": 34,
                "node-pos": 18
            }
        ],
        "rule-4": [
            {
                "part": null,
                "replacement-node": 9,
                "template-line-number": 40,
                "node-pos": 22,
                "html": true
            }
        ],
        "rule-5": [
            {
                "part": null,
                "replacement-node": 12,
                "template-line-number": 52,
                "node-pos": 27,
                "html": true
            }
        ],
        "rule-6": [
            {
                "part": null,
                "replacement-node": 15,
                "template-line-number": 63,
                "node-pos": 32
            }
        ],
        "rule-7": [
            {
                "part": null,
                "replacement-node": 18,
                "expression-node": 19,
                "template-line-number": 68,
                "node-pos": 36
            }
        ],
        "rule-8": [
            {
                "part": null,
                "replacement-node": 21,
                "template-line-number": 73,
                "node-pos": 40
            }
        ],
        "rule-9": [
            {
                "part": null,
                "replacement-node": 24,
                "expression-node": 25,
                "template-line-number": 78,
                "node-pos": 44
            }
        ],
        "rule-10": [
            {
                "part": null,
                "replacement-node": 27,
                "expression-node": 28,
                "template-line-number": 83,
                "node-pos": 48
            }
        ],
        "rule-11": [
            {
                "part": null,
                "replacement-node": 30,
                "template-line-number": 93,
                "node-pos": 54
            }
        ],
        "rule-12": [
            {
                "part": null,
                "replacement-node": 60,
                "expression-node": 61,
                "template-line-number": 212,
                "node-pos": 100
            }
        ],
        "rule-13": [
            {
                "part": null,
                "replacement-node": 63,
                "template-line-number": 218,
                "node-pos": 104
            }
        ],
        "rule-14": [
            {
                "part": null,
                "replacement-node": 66,
                "template-line-number": 227,
                "node-pos": 108
            }
        ],
        "rule-15": {
            "name": "ColumnHeadings",
            "subs": [
                {
                    "name": "ColumnHeadings",
                    "part": "1",
                    "replacement-node": 34,
                    "template-line-number": 117,
                    "extras": {},
                    "node-pos": 62
                },
                {
                    "name": "ColumnHeadings",
                    "part": "2",
                    "replacement-node": 37,
                    "template-line-number": 124,
                    "extras": {},
                    "node-pos": 66
                }
            ]
        },
        "rule-16": {
            "name": "ISLineItems",
            "subs": [
                {
                    "name": "ISLineItems",
                    "part": "1",
                    "replacement-node": 41,
                    "template-line-number": 165,
                    "extras": {},
                    "node-pos": 72
                },
                {
                    "name": "ISLineItems",
                    "part": "2",
                    "replacement-node": 48,
                    "template-line-number": 180,
                    "extras": {},
                    "node-pos": 83
                },
                {
                    "name": "ISLineItems",
                    "part": "3",
                    "replacement-node": 44,
                    "template-line-number": 170,
                    "extras": {},
                    "node-pos": 76
                },
                {
                    "name": "ISLineItems",
                    "part": "4",
                    "replacement-node": 52,
                    "expression-node": 53,
                    "template-line-number": 191,
                    "node-pos": 88
                },
                {
                    "name": "ISLineItems",
                    "part": "5",
                    "replacement-node": 56,
                    "expression-node": 57,
                    "template-line-number": 199,
                    "node-pos": 93
                },
                {
                    "name": "ISLineItems",
                    "part": "6",
                    "replacement-node": 46,
                    "template-line-number": 176,
                    "extras": {},
                    "node-pos": 81
                }
            ]
        }
    },
    "line-numbers": {},
    "showifs": {},
    "footnotes": {},
    "standard-rules": [
        "rule-1",
        "rule-2",
        "rule-3",
        "rule-4",
        "rule-5",
        "rule-6",
        "rule-7",
        "rule-8",
        "rule-9",
        "rule-10",
        "rule-11",
        "rule-12",
        "rule-13",
        "rule-14",
        "rule-15",
        "rule-16"
    ],
    "footnote-rules": []
}