{
    "substitutions": {
        "rule-2": [
            {
                "part": null,
                "replacement-node": 1,
                "template-line-number": 27,
                "node-pos": 10
            }
        ],
        "rule-3": [
            {
                "part": null,
                "replacement-node": 4,
                "expression-node": 5,
                "template-line-number": 31,
                "node-pos": 14
            }
        ],
        "rule-4": [
            {
                "part": null,
                "replacement-node": 7,
                "template-line-number": 37,
                "node-pos": 18
            }
        ],
        "rule-5": [
            {
                "part": null,
                "replacement-node": 10,
                "template-line-number": 43,
                "node-pos": 22,
                "html": true
            }
        ],
        "rule-6": [
            {
                "part": null,
                "replacement-node": 13,
                "template-line-number": 55,
                "node-pos": 27,
                "html": true
            }
        ],
        "rule-7": [
            {
                "part": null,
                "replacement-node": 16,
                "template-line-number": 66,
                "node-pos": 32
            }
        ],
        "rule-8": [
            {
                "part": null,
                "replacement-node": 19,
                "expression-node": 20,
                "template-line-number": 70,
                "node-pos": 36
            }
        ],
        "rule-9": [
            {
                "part": null,
                "replacement-node": 22,
                "template-line-number": 75,
                "node-pos": 40
            }
        ],
        "rule-10": [
            {
                "part": null,
                "replacement-node": 25,
                "expression-node": 26,
                "template-line-number": 79,
                "node-pos": 44
            }
        ],
        "rule-11": [
            {
                "part": null,
                "replacement-node": 28,
                "expression-node": 29,
                "template-line-number": 84,
                "node-pos": 48
            }
        ],
        "rule-12": [
            {
                "part": null,
                "replacement-node": 31,
                "template-line-number": 94,
                "node-pos": 54
            }
        ],
        "rule-13": [
            {
                "part": null,
                "replacement-node": 34,
                "template-line-number": 105,
                "node-pos": 59,
                "html": true
            }
        ],
        "rule-14": [
            {
                "part": null,
                "replacement-node": 95,
                "template-line-number": 402,
                "node-pos": 158
            }
        ],
        "rule-15": [
            {
                "part": null,
                "replacement-node": 98,
                "expression-node": 99,
                "template-line-number": 416,
                "node-pos": 165
            }
        ],
        "rule-16": [
            {
                "part": null,
                "replacement-node": 101,
                "expression-node": 102,
                "template-line-number": 426,
                "node-pos": 170
            }
        ],
        "rule-17": [
            {
                "part": null,
                "replacement-node": 104,
                "expression-node": 105,
                "template-line-number": 439,
                "node-pos": 176
            }
        ],
        "rule-18": [
            {
                "part": null,
                "replacement-node": 107,
                "template-line-number": 444,
                "node-pos": 180
            }
        ],
        "rule-19": [
            {
                "part": null,
                "replacement-node": 110,
                "template-line-number": 453,
                "node-pos": 184
            }
        ],
        "rule-20": {
            "name": "CPHeadings",
            "subs": [
                {
                    "name": "CPHeadings",
                    "part": "1",
                    "replacement-node": 38,
                    "template-line-number": 132,
                    "extras": {},
                    "node-pos": 70
                },
                {
                    "name": "CPHeadings",
                    "part": "2",
                    "replacement-node": 41,
                    "template-line-number": 139,
                    "extras": {},
                    "node-pos": 74
                }
            ]
        },
        "rule-21": {
            "name": "LongTermDebtLineItems",
            "subs": [
                {
                    "name": "LongTermDebtLineItems",
                    "part": "2",
                    "replacement-node": 77,
                    "expression-node": 78,
                    "template-line-number": 350,
                    "node-pos": 132
                },
                {
                    "name": "LongTermDebtLineItems",
                    "part": "3",
                    "replacement-node": 80,
                    "expression-node": 81,
                    "template-line-number": 358,
                    "node-pos": 136
                },
                {
                    "name": "LongTermDebtLineItems",
                    "part": "4",
                    "replacement-node": 83,
                    "expression-node": 84,
                    "template-line-number": 366,
                    "node-pos": 140
                },
                {
                    "name": "LongTermDebtLineItems",
                    "part": "5",
                    "replacement-node": 86,
                    "expression-node": 87,
                    "template-line-number": 374,
                    "node-pos": 144
                },
                {
                    "name": "LongTermDebtLineItems",
                    "part": "6",
                    "replacement-node": 89,
                    "expression-node": 90,
                    "template-line-number": 382,
                    "node-pos": 148
                },
                {
                    "name": "LongTermDebtLineItems",
                    "part": "7",
                    "replacement-node": 92,
                    "expression-node": 93,
                    "template-line-number": 390,
                    "node-pos": 152
                }
            ]
        },
        "rule-22": {
            "name": "CapitalStockLineItems",
            "subs": [
                {
                    "name": "CapitalStockLineItems",
                    "part": "2",
                    "replacement-node": 48,
                    "expression-node": 49,
                    "template-line-number": 205,
                    "node-pos": 84
                },
                {
                    "name": "CapitalStockLineItems",
                    "part": "3",
                    "replacement-node": 51,
                    "expression-node": 52,
                    "template-line-number": 213,
                    "node-pos": 88
                },
                {
                    "name": "CapitalStockLineItems",
                    "part": "4",
                    "replacement-node": 54,
                    "expression-node": 55,
                    "template-line-number": 221,
                    "node-pos": 92
                },
                {
                    "name": "CapitalStockLineItems",
                    "part": "5",
                    "replacement-node": 57,
                    "expression-node": 58,
                    "template-line-number": 229,
                    "node-pos": 96
                },
                {
                    "name": "CapitalStockLineItems",
                    "part": "6",
                    "replacement-node": 60,
                    "expression-node": 61,
                    "template-line-number": 237,
                    "node-pos": 100
                },
                {
                    "name": "CapitalStockLineItems",
                    "part": "7",
                    "replacement-node": 63,
                    "expression-node": 64,
                    "template-line-number": 245,
                    "node-pos": 104
                }
            ]
        },
        "rule-23": {
            "name": "LongTermDebtHeadings",
            "subs": [
                {
                    "name": "LongTermDebtHeadings",
                    "part": "1",
                    "replacement-node": 67,
                    "template-line-number": 277,
                    "extras": {},
                    "node-pos": 118
                },
                {
                    "name": "LongTermDebtHeadings",
                    "part": "2",
                    "replacement-node": 70,
                    "template-line-number": 284,
                    "extras": {},
                    "node-pos": 122
                }
            ]
        }
    },
    "line-numbers": {
        "CapitalStockLineItems": [
            {
                "line-number-node": 45,
                "start-number": 1,
                "template-line-number": 200
            }
        ],
        "LongTermDebtLineItems": [
            {
                "line-number-node": 74,
                "start-number": 16,
                "template-line-number": 345
            }
        ]
    },
    "showifs": {
        "rule-1": {
            "type": "showif",
            "template-line-number": 17
        }
    },
    "footnotes": {},
    "standard-rules": [
        "rule-2",
        "rule-3",
        "rule-4",
        "rule-5",
        "rule-6",
        "rule-7",
        "rule-8",
        "rule-9",
        "rule-10",
        "rule-11",
        "rule-12",
        "rule-13",
        "rule-14",
        "rule-15",
        "rule-16",
        "rule-17",
        "rule-18",
        "rule-19",
        "rule-20",
        "rule-21",
        "rule-22",
        "rule-23"
    ],
    "footnote-rules": []
}