{
    "substitutions": {
        "rule-2": [
            {
                "part": null,
                "replacement-node": 1,
                "template-line-number": 27,
                "node-pos": 10
            }
        ],
        "rule-3": [
            {
                "part": null,
                "replacement-node": 4,
                "expression-node": 5,
                "template-line-number": 31,
                "node-pos": 14
            }
        ],
        "rule-4": [
            {
                "part": null,
                "replacement-node": 7,
                "template-line-number": 37,
                "node-pos": 18
            }
        ],
        "rule-5": [
            {
                "part": null,
                "replacement-node": 10,
                "template-line-number": 43,
                "node-pos": 22,
                "html": true
            }
        ],
        "rule-6": [
            {
                "part": null,
                "replacement-node": 13,
                "template-line-number": 55,
                "node-pos": 27,
                "html": true
            }
        ],
        "rule-7": [
            {
                "part": null,
                "replacement-node": 16,
                "template-line-number": 66,
                "node-pos": 32
            }
        ],
        "rule-8": [
            {
                "part": null,
                "replacement-node": 19,
                "expression-node": 20,
                "template-line-number": 70,
                "node-pos": 36
            }
        ],
        "rule-9": [
            {
                "part": null,
                "replacement-node": 22,
                "template-line-number": 75,
                "node-pos": 40
            }
        ],
        "rule-10": [
            {
                "part": null,
                "replacement-node": 25,
                "expression-node": 26,
                "template-line-number": 79,
                "node-pos": 44
            }
        ],
        "rule-11": [
            {
                "part": null,
                "replacement-node": 28,
                "expression-node": 29,
                "template-line-number": 84,
                "node-pos": 48
            }
        ],
        "rule-12": [
            {
                "part": null,
                "replacement-node": 31,
                "template-line-number": 94,
                "node-pos": 54
            }
        ],
        "rule-13": [
            {
                "part": null,
                "replacement-node": 34,
                "template-line-number": 105,
                "node-pos": 59,
                "html": true
            }
        ],
        "rule-14": [
            {
                "part": null,
                "replacement-node": 46,
                "template-line-number": 164,
                "node-pos": 89
            }
        ],
        "rule-15": [
            {
                "part": null,
                "replacement-node": 80,
                "template-line-number": 303,
                "node-pos": 145
            }
        ],
        "rule-16": [
            {
                "part": null,
                "replacement-node": 83,
                "template-line-number": 318,
                "node-pos": 149
            }
        ],
        "rule-17": [
            {
                "part": null,
                "replacement-node": 117,
                "template-line-number": 470,
                "node-pos": 205
            }
        ],
        "rule-18": [
            {
                "part": null,
                "replacement-node": 120,
                "template-line-number": 489,
                "node-pos": 209
            }
        ],
        "rule-19": [
            {
                "part": null,
                "replacement-node": 187,
                "expression-node": 188,
                "template-line-number": 761,
                "node-pos": 312
            }
        ],
        "rule-20": [
            {
                "part": null,
                "replacement-node": 190,
                "template-line-number": 766,
                "node-pos": 316
            }
        ],
        "rule-21": [
            {
                "part": null,
                "replacement-node": 193,
                "template-line-number": 775,
                "node-pos": 320
            }
        ],
        "rule-22": {
            "name": "PremiumLineItems",
            "subs": [
                {
                    "name": "PremiumLineItems",
                    "part": "10",
                    "replacement-node": 114,
                    "expression-node": 115,
                    "template-line-number": 460,
                    "node-pos": 200
                },
                {
                    "name": "PremiumLineItems",
                    "part": "2",
                    "replacement-node": 90,
                    "expression-node": 91,
                    "template-line-number": 412,
                    "node-pos": 168
                },
                {
                    "name": "PremiumLineItems",
                    "part": "3",
                    "replacement-node": 93,
                    "expression-node": 94,
                    "template-line-number": 418,
                    "node-pos": 172
                },
                {
                    "name": "PremiumLineItems",
                    "part": "4",
                    "replacement-node": 96,
                    "expression-node": 97,
                    "template-line-number": 424,
                    "node-pos": 176
                },
                {
                    "name": "PremiumLineItems",
                    "part": "5",
                    "replacement-node": 99,
                    "expression-node": 100,
                    "template-line-number": 430,
                    "node-pos": 180
                },
                {
                    "name": "PremiumLineItems",
                    "part": "6",
                    "replacement-node": 102,
                    "expression-node": 103,
                    "template-line-number": 436,
                    "node-pos": 184
                },
                {
                    "name": "PremiumLineItems",
                    "part": "7",
                    "replacement-node": 105,
                    "expression-node": 106,
                    "template-line-number": 442,
                    "node-pos": 188
                },
                {
                    "name": "PremiumLineItems",
                    "part": "8",
                    "replacement-node": 108,
                    "expression-node": 109,
                    "template-line-number": 448,
                    "node-pos": 192
                },
                {
                    "name": "PremiumLineItems",
                    "part": "9",
                    "replacement-node": 111,
                    "expression-node": 112,
                    "template-line-number": 454,
                    "node-pos": 196
                }
            ]
        },
        "rule-23": {
            "name": "DebtExpense2",
            "subs": [
                {
                    "name": "DebtExpense2",
                    "part": "10",
                    "replacement-node": 77,
                    "expression-node": 78,
                    "template-line-number": 294,
                    "node-pos": 140
                },
                {
                    "name": "DebtExpense2",
                    "part": "2",
                    "replacement-node": 53,
                    "expression-node": 54,
                    "template-line-number": 246,
                    "node-pos": 108
                },
                {
                    "name": "DebtExpense2",
                    "part": "3",
                    "replacement-node": 56,
                    "expression-node": 57,
                    "template-line-number": 252,
                    "node-pos": 112
                },
                {
                    "name": "DebtExpense2",
                    "part": "4",
                    "replacement-node": 59,
                    "expression-node": 60,
                    "template-line-number": 258,
                    "node-pos": 116
                },
                {
                    "name": "DebtExpense2",
                    "part": "5",
                    "replacement-node": 62,
                    "expression-node": 63,
                    "template-line-number": 264,
                    "node-pos": 120
                },
                {
                    "name": "DebtExpense2",
                    "part": "6",
                    "replacement-node": 65,
                    "expression-node": 66,
                    "template-line-number": 270,
                    "node-pos": 124
                },
                {
                    "name": "DebtExpense2",
                    "part": "7",
                    "replacement-node": 68,
                    "expression-node": 69,
                    "template-line-number": 276,
                    "node-pos": 128
                },
                {
                    "name": "DebtExpense2",
                    "part": "8",
                    "replacement-node": 71,
                    "expression-node": 72,
                    "template-line-number": 282,
                    "node-pos": 132
                },
                {
                    "name": "DebtExpense2",
                    "part": "9",
                    "replacement-node": 74,
                    "expression-node": 75,
                    "template-line-number": 288,
                    "node-pos": 136
                }
            ]
        },
        "rule-24": {
            "name": "DiscountLineItems",
            "subs": [
                {
                    "name": "DiscountLineItems",
                    "part": "10",
                    "replacement-node": 151,
                    "expression-node": 152,
                    "template-line-number": 628,
                    "node-pos": 260
                },
                {
                    "name": "DiscountLineItems",
                    "part": "2",
                    "replacement-node": 127,
                    "expression-node": 128,
                    "template-line-number": 588,
                    "node-pos": 228
                },
                {
                    "name": "DiscountLineItems",
                    "part": "3",
                    "replacement-node": 130,
                    "expression-node": 131,
                    "template-line-number": 593,
                    "node-pos": 232
                },
                {
                    "name": "DiscountLineItems",
                    "part": "4",
                    "replacement-node": 133,
                    "expression-node": 134,
                    "template-line-number": 598,
                    "node-pos": 236
                },
                {
                    "name": "DiscountLineItems",
                    "part": "5",
                    "replacement-node": 136,
                    "expression-node": 137,
                    "template-line-number": 603,
                    "node-pos": 240
                },
                {
                    "name": "DiscountLineItems",
                    "part": "6",
                    "replacement-node": 139,
                    "expression-node": 140,
                    "template-line-number": 608,
                    "node-pos": 244
                },
                {
                    "name": "DiscountLineItems",
                    "part": "7",
                    "replacement-node": 142,
                    "expression-node": 143,
                    "template-line-number": 613,
                    "node-pos": 248
                },
                {
                    "name": "DiscountLineItems",
                    "part": "8",
                    "replacement-node": 145,
                    "expression-node": 146,
                    "template-line-number": 618,
                    "node-pos": 252
                },
                {
                    "name": "DiscountLineItems",
                    "part": "9",
                    "replacement-node": 148,
                    "expression-node": 149,
                    "template-line-number": 623,
                    "node-pos": 256
                }
            ]
        },
        "rule-25": {
            "name": "ColumnHeadings",
            "subs": [
                {
                    "name": "ColumnHeadings",
                    "part": "1",
                    "replacement-node": 40,
                    "template-line-number": 143,
                    "extras": {},
                    "node-pos": 79,
                    "html": true
                },
                {
                    "name": "ColumnHeadings",
                    "part": "2",
                    "replacement-node": 43,
                    "template-line-number": 152,
                    "extras": {},
                    "node-pos": 83
                },
                {
                    "name": "ColumnHeadings",
                    "part": "3",
                    "replacement-node": 38,
                    "template-line-number": 139,
                    "extras": {},
                    "node-pos": 77
                }
            ]
        },
        "rule-26": {
            "name": "DebtExpense",
            "subs": [
                {
                    "name": "DebtExpense",
                    "part": "10",
                    "replacement-node": 184,
                    "expression-node": 185,
                    "template-line-number": 750,
                    "node-pos": 306
                },
                {
                    "name": "DebtExpense",
                    "part": "2",
                    "replacement-node": 160,
                    "expression-node": 161,
                    "template-line-number": 710,
                    "node-pos": 274
                },
                {
                    "name": "DebtExpense",
                    "part": "3",
                    "replacement-node": 163,
                    "expression-node": 164,
                    "template-line-number": 715,
                    "node-pos": 278
                },
                {
                    "name": "DebtExpense",
                    "part": "4",
                    "replacement-node": 166,
                    "expression-node": 167,
                    "template-line-number": 720,
                    "node-pos": 282
                },
                {
                    "name": "DebtExpense",
                    "part": "5",
                    "replacement-node": 169,
                    "expression-node": 170,
                    "template-line-number": 725,
                    "node-pos": 286
                },
                {
                    "name": "DebtExpense",
                    "part": "6",
                    "replacement-node": 172,
                    "expression-node": 173,
                    "template-line-number": 730,
                    "node-pos": 290
                },
                {
                    "name": "DebtExpense",
                    "part": "7",
                    "replacement-node": 175,
                    "expression-node": 176,
                    "template-line-number": 735,
                    "node-pos": 294
                },
                {
                    "name": "DebtExpense",
                    "part": "8",
                    "replacement-node": 178,
                    "expression-node": 179,
                    "template-line-number": 740,
                    "node-pos": 298
                },
                {
                    "name": "DebtExpense",
                    "part": "9",
                    "replacement-node": 181,
                    "expression-node": 182,
                    "template-line-number": 745,
                    "node-pos": 302
                }
            ]
        },
        "rule-27": {
            "name": "DebtExpenseHeader",
            "subs": [
                {
                    "name": "DebtExpenseHeader",
                    "part": "1",
                    "replacement-node": 155,
                    "template-line-number": 646,
                    "extras": {},
                    "node-pos": 266
                }
            ]
        }
    },
    "line-numbers": {
        "DebtExpense2": [
            {
                "line-number-node": 50,
                "start-number": 2,
                "template-line-number": 243
            }
        ],
        "PremiumLineItems": [
            {
                "line-number-node": 87,
                "start-rule": "rule-28",
                "template-line-number": 400
            }
        ],
        "DiscountLineItems": [
            {
                "line-number-node": 124,
                "start-rule": "rule-29",
                "template-line-number": 572
            }
        ],
        "DebtExpense": [
            {
                "line-number-node": 158,
                "start-number": 1,
                "template-line-number": 707
            }
        ]
    },
    "showifs": {
        "rule-1": {
            "type": "showif",
            "template-line-number": 17
        }
    },
    "footnotes": {},
    "standard-rules": [
        "rule-2",
        "rule-3",
        "rule-4",
        "rule-5",
        "rule-6",
        "rule-7",
        "rule-8",
        "rule-9",
        "rule-10",
        "rule-11",
        "rule-12",
        "rule-13",
        "rule-14",
        "rule-15",
        "rule-16",
        "rule-17",
        "rule-18",
        "rule-19",
        "rule-20",
        "rule-21",
        "rule-22",
        "rule-23",
        "rule-24",
        "rule-25",
        "rule-26",
        "rule-27"
    ],
    "footnote-rules": []
}