{
    "substitutions": {
        "rule-1": [
            {
                "part": null,
                "replacement-node": 0,
                "template-line-number": 20,
                "node-pos": 10
            }
        ],
        "rule-2": [
            {
                "part": null,
                "replacement-node": 3,
                "expression-node": 4,
                "template-line-number": 27,
                "node-pos": 14
            }
        ],
        "rule-3": [
            {
                "part": null,
                "replacement-node": 6,
                "template-line-number": 34,
                "node-pos": 18
            }
        ],
        "rule-4": [
            {
                "part": null,
                "replacement-node": 9,
                "template-line-number": 42,
                "node-pos": 22,
                "html": true
            }
        ],
        "rule-5": [
            {
                "part": null,
                "replacement-node": 12,
                "template-line-number": 59,
                "node-pos": 27,
                "html": true
            }
        ],
        "rule-6": [
            {
                "part": null,
                "replacement-node": 15,
                "template-line-number": 77,
                "node-pos": 32
            }
        ],
        "rule-7": [
            {
                "part": null,
                "replacement-node": 18,
                "expression-node": 19,
                "template-line-number": 84,
                "node-pos": 36
            }
        ],
        "rule-8": [
            {
                "part": null,
                "replacement-node": 21,
                "template-line-number": 91,
                "node-pos": 40
            }
        ],
        "rule-9": [
            {
                "part": null,
                "replacement-node": 24,
                "expression-node": 25,
                "template-line-number": 98,
                "node-pos": 44
            }
        ],
        "rule-10": [
            {
                "part": null,
                "replacement-node": 27,
                "expression-node": 28,
                "template-line-number": 104,
                "node-pos": 48
            }
        ],
        "rule-11": [
            {
                "part": null,
                "replacement-node": 30,
                "template-line-number": 116,
                "node-pos": 54,
                "html": true
            }
        ],
        "rule-12": [
            {
                "part": null,
                "replacement-node": 33,
                "template-line-number": 131,
                "node-pos": 59,
                "html": true
            }
        ],
        "rule-13": [
            {
                "part": null,
                "replacement-node": 73,
                "expression-node": 74,
                "template-line-number": 355,
                "node-pos": 134
            }
        ],
        "rule-14": [
            {
                "part": null,
                "replacement-node": 76,
                "expression-node": 77,
                "template-line-number": 364,
                "node-pos": 138
            }
        ],
        "rule-15": [
            {
                "part": null,
                "replacement-node": 79,
                "expression-node": 80,
                "template-line-number": 373,
                "node-pos": 142
            }
        ],
        "rule-16": [
            {
                "part": null,
                "replacement-node": 82,
                "expression-node": 83,
                "template-line-number": 382,
                "node-pos": 146
            }
        ],
        "rule-17": [
            {
                "part": null,
                "replacement-node": 85,
                "expression-node": 86,
                "template-line-number": 391,
                "node-pos": 150
            }
        ],
        "rule-18": [
            {
                "part": null,
                "replacement-node": 88,
                "expression-node": 89,
                "template-line-number": 400,
                "node-pos": 154
            }
        ],
        "rule-19": [
            {
                "part": null,
                "replacement-node": 91,
                "expression-node": 92,
                "template-line-number": 416,
                "node-pos": 160
            }
        ],
        "rule-20": [
            {
                "part": null,
                "replacement-node": 94,
                "template-line-number": 423,
                "node-pos": 164
            }
        ],
        "rule-21": [
            {
                "part": null,
                "replacement-node": 97,
                "template-line-number": 433,
                "node-pos": 168
            }
        ],
        "rule-22": {
            "name": "ColumnHeadings",
            "subs": [
                {
                    "name": "ColumnHeadings",
                    "part": "1",
                    "replacement-node": 37,
                    "template-line-number": 172,
                    "extras": {},
                    "node-pos": 80
                },
                {
                    "name": "ColumnHeadings",
                    "part": "2",
                    "replacement-node": 40,
                    "template-line-number": 179,
                    "extras": {},
                    "node-pos": 84
                }
            ]
        },
        "rule-23": {
            "name": "SalesForResale",
            "subs": [
                {
                    "name": "SalesForResale",
                    "part": "10",
                    "replacement-node": 70,
                    "expression-node": 71,
                    "template-line-number": 336,
                    "node-pos": 125
                },
                {
                    "name": "SalesForResale",
                    "part": "2",
                    "replacement-node": 46,
                    "expression-node": 47,
                    "template-line-number": 264,
                    "node-pos": 93
                },
                {
                    "name": "SalesForResale",
                    "part": "3",
                    "replacement-node": 49,
                    "expression-node": 50,
                    "template-line-number": 273,
                    "node-pos": 97
                },
                {
                    "name": "SalesForResale",
                    "part": "4",
                    "replacement-node": 52,
                    "expression-node": 53,
                    "template-line-number": 282,
                    "node-pos": 101
                },
                {
                    "name": "SalesForResale",
                    "part": "5",
                    "replacement-node": 55,
                    "expression-node": 56,
                    "template-line-number": 291,
                    "node-pos": 105
                },
                {
                    "name": "SalesForResale",
                    "part": "6",
                    "replacement-node": 58,
                    "expression-node": 59,
                    "template-line-number": 300,
                    "node-pos": 109
                },
                {
                    "name": "SalesForResale",
                    "part": "7",
                    "replacement-node": 61,
                    "expression-node": 62,
                    "template-line-number": 309,
                    "node-pos": 113
                },
                {
                    "name": "SalesForResale",
                    "part": "8",
                    "replacement-node": 64,
                    "expression-node": 65,
                    "template-line-number": 318,
                    "node-pos": 117
                },
                {
                    "name": "SalesForResale",
                    "part": "9",
                    "replacement-node": 67,
                    "expression-node": 68,
                    "template-line-number": 327,
                    "node-pos": 121
                }
            ]
        }
    },
    "line-numbers": {
        "SalesForResale": [
            {
                "line-number-node": 44,
                "start-number": 1,
                "template-line-number": 259
            }
        ]
    },
    "showifs": {},
    "footnotes": {},
    "standard-rules": [
        "rule-1",
        "rule-2",
        "rule-3",
        "rule-4",
        "rule-5",
        "rule-6",
        "rule-7",
        "rule-8",
        "rule-9",
        "rule-10",
        "rule-11",
        "rule-12",
        "rule-13",
        "rule-14",
        "rule-15",
        "rule-16",
        "rule-17",
        "rule-18",
        "rule-19",
        "rule-20",
        "rule-21",
        "rule-22",
        "rule-23"
    ],
    "footnote-rules": []
}