{
    "substitutions": {
        "rule-1": [
            {
                "part": null,
                "replacement-node": 0,
                "template-line-number": 23,
                "node-pos": 10
            }
        ],
        "rule-2": [
            {
                "part": null,
                "replacement-node": 3,
                "expression-node": 4,
                "template-line-number": 28,
                "node-pos": 14
            }
        ],
        "rule-3": [
            {
                "part": null,
                "replacement-node": 6,
                "template-line-number": 34,
                "node-pos": 18
            }
        ],
        "rule-4": [
            {
                "part": null,
                "replacement-node": 9,
                "template-line-number": 40,
                "node-pos": 22,
                "html": true
            }
        ],
        "rule-5": [
            {
                "part": null,
                "replacement-node": 12,
                "template-line-number": 52,
                "node-pos": 27,
                "html": true
            }
        ],
        "rule-6": [
            {
                "part": null,
                "replacement-node": 15,
                "template-line-number": 63,
                "node-pos": 32
            }
        ],
        "rule-7": [
            {
                "part": null,
                "replacement-node": 18,
                "expression-node": 19,
                "template-line-number": 68,
                "node-pos": 36
            }
        ],
        "rule-8": [
            {
                "part": null,
                "replacement-node": 21,
                "template-line-number": 73,
                "node-pos": 40
            }
        ],
        "rule-9": [
            {
                "part": null,
                "replacement-node": 24,
                "expression-node": 25,
                "template-line-number": 78,
                "node-pos": 44
            }
        ],
        "rule-10": [
            {
                "part": null,
                "replacement-node": 27,
                "expression-node": 28,
                "template-line-number": 83,
                "node-pos": 48
            }
        ],
        "rule-11": [
            {
                "part": null,
                "replacement-node": 30,
                "template-line-number": 93,
                "node-pos": 54
            }
        ],
        "rule-12": [
            {
                "part": null,
                "replacement-node": 33,
                "template-line-number": 104,
                "node-pos": 59,
                "html": true
            }
        ],
        "rule-13": [
            {
                "part": null,
                "replacement-node": 66,
                "template-line-number": 247,
                "node-pos": 114
            }
        ],
        "rule-14": [
            {
                "part": null,
                "replacement-node": 69,
                "expression-node": 70,
                "template-line-number": 259,
                "node-pos": 119
            }
        ],
        "rule-15": [
            {
                "part": null,
                "replacement-node": 72,
                "expression-node": 73,
                "template-line-number": 268,
                "node-pos": 123
            }
        ],
        "rule-16": [
            {
                "part": null,
                "replacement-node": 75,
                "expression-node": 76,
                "template-line-number": 280,
                "node-pos": 128
            }
        ],
        "rule-17": [
            {
                "part": null,
                "replacement-node": 78,
                "expression-node": 79,
                "template-line-number": 290,
                "node-pos": 132
            }
        ],
        "rule-18": [
            {
                "part": null,
                "replacement-node": 81,
                "expression-node": 82,
                "template-line-number": 304,
                "node-pos": 138
            }
        ],
        "rule-19": [
            {
                "part": null,
                "replacement-node": 84,
                "template-line-number": 309,
                "node-pos": 142
            }
        ],
        "rule-20": [
            {
                "part": null,
                "replacement-node": 87,
                "template-line-number": 319,
                "node-pos": 146
            }
        ],
        "rule-21": {
            "name": "LongTermDebtHeadings",
            "subs": [
                {
                    "name": "LongTermDebtHeadings",
                    "part": "1",
                    "replacement-node": 39,
                    "template-line-number": 138,
                    "extras": {},
                    "node-pos": 75,
                    "html": true
                },
                {
                    "name": "LongTermDebtHeadings",
                    "part": "2",
                    "replacement-node": 42,
                    "template-line-number": 147,
                    "extras": {},
                    "node-pos": 79
                },
                {
                    "name": "LongTermDebtHeadings",
                    "part": "3",
                    "replacement-node": 37,
                    "template-line-number": 134,
                    "extras": {},
                    "node-pos": 73
                }
            ]
        },
        "rule-22": {
            "name": "OtherRegulatoryAssets",
            "subs": [
                {
                    "name": "OtherRegulatoryAssets",
                    "part": "2",
                    "replacement-node": 48,
                    "expression-node": 49,
                    "template-line-number": 210,
                    "node-pos": 88
                },
                {
                    "name": "OtherRegulatoryAssets",
                    "part": "3",
                    "replacement-node": 51,
                    "expression-node": 52,
                    "template-line-number": 215,
                    "node-pos": 92
                },
                {
                    "name": "OtherRegulatoryAssets",
                    "part": "4",
                    "replacement-node": 54,
                    "expression-node": 55,
                    "template-line-number": 220,
                    "node-pos": 96
                },
                {
                    "name": "OtherRegulatoryAssets",
                    "part": "5",
                    "replacement-node": 57,
                    "expression-node": 58,
                    "template-line-number": 225,
                    "node-pos": 100
                },
                {
                    "name": "OtherRegulatoryAssets",
                    "part": "6",
                    "replacement-node": 60,
                    "expression-node": 61,
                    "template-line-number": 230,
                    "node-pos": 104
                },
                {
                    "name": "OtherRegulatoryAssets",
                    "part": "7",
                    "replacement-node": 63,
                    "expression-node": 64,
                    "template-line-number": 235,
                    "node-pos": 108
                }
            ]
        }
    },
    "line-numbers": {
        "OtherRegulatoryAssets": [
            {
                "line-number-node": 46,
                "start-number": 1,
                "template-line-number": 207
            }
        ]
    },
    "showifs": {},
    "footnotes": {},
    "standard-rules": [
        "rule-1",
        "rule-2",
        "rule-3",
        "rule-4",
        "rule-5",
        "rule-6",
        "rule-7",
        "rule-8",
        "rule-9",
        "rule-10",
        "rule-11",
        "rule-12",
        "rule-13",
        "rule-14",
        "rule-15",
        "rule-16",
        "rule-17",
        "rule-18",
        "rule-19",
        "rule-20",
        "rule-21",
        "rule-22"
    ],
    "footnote-rules": []
}