{
    "substitutions": {
        "rule-1": [
            {
                "part": null,
                "replacement-node": 0,
                "template-line-number": 22,
                "node-pos": 9
            }
        ],
        "rule-2": [
            {
                "part": null,
                "replacement-node": 3,
                "expression-node": 4,
                "template-line-number": 27,
                "node-pos": 13
            }
        ],
        "rule-3": [
            {
                "part": null,
                "replacement-node": 6,
                "template-line-number": 33,
                "node-pos": 17
            }
        ],
        "rule-4": [
            {
                "part": null,
                "replacement-node": 9,
                "template-line-number": 39,
                "node-pos": 21,
                "html": true
            }
        ],
        "rule-5": [
            {
                "part": null,
                "replacement-node": 12,
                "template-line-number": 51,
                "node-pos": 26,
                "html": true
            }
        ],
        "rule-6": [
            {
                "part": null,
                "replacement-node": 15,
                "template-line-number": 62,
                "node-pos": 31
            }
        ],
        "rule-7": [
            {
                "part": null,
                "replacement-node": 18,
                "expression-node": 19,
                "template-line-number": 67,
                "node-pos": 35
            }
        ],
        "rule-8": [
            {
                "part": null,
                "replacement-node": 21,
                "template-line-number": 72,
                "node-pos": 39
            }
        ],
        "rule-9": [
            {
                "part": null,
                "replacement-node": 24,
                "expression-node": 25,
                "template-line-number": 77,
                "node-pos": 43
            }
        ],
        "rule-10": [
            {
                "part": null,
                "replacement-node": 27,
                "expression-node": 28,
                "template-line-number": 82,
                "node-pos": 47
            }
        ],
        "rule-11": [
            {
                "part": null,
                "replacement-node": 30,
                "template-line-number": 92,
                "node-pos": 53
            }
        ],
        "rule-12": [
            {
                "part": null,
                "replacement-node": 33,
                "template-line-number": 103,
                "node-pos": 58,
                "html": true
            }
        ],
        "rule-13": [
            {
                "part": null,
                "replacement-node": 88,
                "expression-node": 89,
                "template-line-number": 299,
                "node-pos": 139
            }
        ],
        "rule-14": [
            {
                "part": null,
                "replacement-node": 91,
                "template-line-number": 306,
                "node-pos": 143
            }
        ],
        "rule-15": [
            {
                "part": null,
                "replacement-node": 94,
                "template-line-number": 316,
                "node-pos": 147
            }
        ],
        "rule-16": {
            "name": "ISORTOPeakLoadHeadings",
            "subs": [
                {
                    "name": "ISORTOPeakLoadHeadings",
                    "part": "1",
                    "replacement-node": 37,
                    "template-line-number": 132,
                    "extras": {},
                    "node-pos": 72
                },
                {
                    "name": "ISORTOPeakLoadHeadings",
                    "part": "2",
                    "replacement-node": 40,
                    "template-line-number": 139,
                    "extras": {},
                    "node-pos": 76
                }
            ]
        },
        "rule-17": {
            "name": "ISORTOPeakLoadLineItems",
            "subs": [
                {
                    "name": "ISORTOPeakLoadLineItems",
                    "part": "10",
                    "replacement-node": 76,
                    "expression-node": 77,
                    "template-line-number": 266,
                    "node-pos": 122
                },
                {
                    "name": "ISORTOPeakLoadLineItems",
                    "part": "11",
                    "replacement-node": 80,
                    "expression-node": 81,
                    "template-line-number": 273,
                    "node-pos": 127
                },
                {
                    "name": "ISORTOPeakLoadLineItems",
                    "part": "12",
                    "replacement-node": 84,
                    "expression-node": 85,
                    "template-line-number": 280,
                    "node-pos": 132
                },
                {
                    "name": "ISORTOPeakLoadLineItems",
                    "part": "2",
                    "replacement-node": 48,
                    "template-line-number": 214,
                    "extras": {},
                    "node-pos": 87
                },
                {
                    "name": "ISORTOPeakLoadLineItems",
                    "part": "3",
                    "replacement-node": 44,
                    "template-line-number": 207,
                    "extras": {},
                    "node-pos": 82
                },
                {
                    "name": "ISORTOPeakLoadLineItems",
                    "part": "4",
                    "replacement-node": 52,
                    "expression-node": 53,
                    "template-line-number": 223,
                    "node-pos": 92
                },
                {
                    "name": "ISORTOPeakLoadLineItems",
                    "part": "5",
                    "replacement-node": 56,
                    "expression-node": 57,
                    "template-line-number": 231,
                    "node-pos": 97
                },
                {
                    "name": "ISORTOPeakLoadLineItems",
                    "part": "6",
                    "replacement-node": 60,
                    "expression-node": 61,
                    "template-line-number": 238,
                    "node-pos": 102
                },
                {
                    "name": "ISORTOPeakLoadLineItems",
                    "part": "7",
                    "replacement-node": 64,
                    "expression-node": 65,
                    "template-line-number": 245,
                    "node-pos": 107
                },
                {
                    "name": "ISORTOPeakLoadLineItems",
                    "part": "8",
                    "replacement-node": 68,
                    "expression-node": 69,
                    "template-line-number": 252,
                    "node-pos": 112
                },
                {
                    "name": "ISORTOPeakLoadLineItems",
                    "part": "9",
                    "replacement-node": 72,
                    "expression-node": 73,
                    "template-line-number": 259,
                    "node-pos": 117
                }
            ]
        }
    },
    "line-numbers": {},
    "showifs": {},
    "footnotes": {},
    "standard-rules": [
        "rule-1",
        "rule-2",
        "rule-3",
        "rule-4",
        "rule-5",
        "rule-6",
        "rule-7",
        "rule-8",
        "rule-9",
        "rule-10",
        "rule-11",
        "rule-12",
        "rule-13",
        "rule-14",
        "rule-15",
        "rule-16",
        "rule-17"
    ],
    "footnote-rules": []
}