{
    "substitutions": {
        "rule-2": [
            {
                "part": null,
                "replacement-node": 1,
                "template-line-number": 27,
                "node-pos": 10
            }
        ],
        "rule-3": [
            {
                "part": null,
                "replacement-node": 4,
                "expression-node": 5,
                "template-line-number": 34,
                "node-pos": 14
            }
        ],
        "rule-4": [
            {
                "part": null,
                "replacement-node": 7,
                "template-line-number": 41,
                "node-pos": 18
            }
        ],
        "rule-5": [
            {
                "part": null,
                "replacement-node": 10,
                "template-line-number": 49,
                "node-pos": 22,
                "html": true
            }
        ],
        "rule-6": [
            {
                "part": null,
                "replacement-node": 13,
                "template-line-number": 66,
                "node-pos": 27,
                "html": true
            }
        ],
        "rule-7": [
            {
                "part": null,
                "replacement-node": 16,
                "template-line-number": 84,
                "node-pos": 32
            }
        ],
        "rule-8": [
            {
                "part": null,
                "replacement-node": 19,
                "expression-node": 20,
                "template-line-number": 91,
                "node-pos": 36
            }
        ],
        "rule-9": [
            {
                "part": null,
                "replacement-node": 22,
                "template-line-number": 98,
                "node-pos": 40
            }
        ],
        "rule-10": [
            {
                "part": null,
                "replacement-node": 25,
                "expression-node": 26,
                "template-line-number": 105,
                "node-pos": 44
            }
        ],
        "rule-11": [
            {
                "part": null,
                "replacement-node": 28,
                "expression-node": 29,
                "template-line-number": 111,
                "node-pos": 48
            }
        ],
        "rule-12": [
            {
                "part": null,
                "replacement-node": 31,
                "template-line-number": 124,
                "node-pos": 54
            }
        ],
        "rule-13": [
            {
                "part": null,
                "replacement-node": 34,
                "template-line-number": 135,
                "node-pos": 59,
                "html": true
            }
        ],
        "rule-14": [
            {
                "part": null,
                "replacement-node": 80,
                "template-line-number": 380,
                "node-pos": 155
            }
        ],
        "rule-15": [
            {
                "part": null,
                "replacement-node": 83,
                "expression-node": 84,
                "template-line-number": 397,
                "node-pos": 165
            }
        ],
        "rule-16": [
            {
                "part": null,
                "replacement-node": 86,
                "expression-node": 87,
                "template-line-number": 407,
                "node-pos": 169
            }
        ],
        "rule-17": [
            {
                "part": null,
                "replacement-node": 89,
                "expression-node": 90,
                "template-line-number": 417,
                "node-pos": 173
            }
        ],
        "rule-18": [
            {
                "part": null,
                "replacement-node": 92,
                "expression-node": 93,
                "template-line-number": 427,
                "node-pos": 177
            }
        ],
        "rule-19": [
            {
                "part": null,
                "replacement-node": 95,
                "expression-node": 96,
                "template-line-number": 437,
                "node-pos": 181
            }
        ],
        "rule-20": [
            {
                "part": null,
                "replacement-node": 98,
                "template-line-number": 451,
                "node-pos": 187
            }
        ],
        "rule-21": [
            {
                "part": null,
                "replacement-node": 101,
                "expression-node": 102,
                "template-line-number": 468,
                "node-pos": 197
            }
        ],
        "rule-22": [
            {
                "part": null,
                "replacement-node": 104,
                "expression-node": 105,
                "template-line-number": 478,
                "node-pos": 201
            }
        ],
        "rule-23": [
            {
                "part": null,
                "replacement-node": 107,
                "expression-node": 108,
                "template-line-number": 488,
                "node-pos": 205
            }
        ],
        "rule-24": [
            {
                "part": null,
                "replacement-node": 110,
                "expression-node": 111,
                "template-line-number": 498,
                "node-pos": 209
            }
        ],
        "rule-25": [
            {
                "part": null,
                "replacement-node": 113,
                "expression-node": 114,
                "template-line-number": 508,
                "node-pos": 213
            }
        ],
        "rule-26": [
            {
                "part": null,
                "replacement-node": 116,
                "expression-node": 117,
                "template-line-number": 529,
                "node-pos": 225
            }
        ],
        "rule-27": [
            {
                "part": null,
                "replacement-node": 119,
                "expression-node": 120,
                "template-line-number": 539,
                "node-pos": 229
            }
        ],
        "rule-28": [
            {
                "part": null,
                "replacement-node": 122,
                "expression-node": 123,
                "template-line-number": 549,
                "node-pos": 233
            }
        ],
        "rule-29": [
            {
                "part": null,
                "replacement-node": 125,
                "expression-node": 126,
                "template-line-number": 559,
                "node-pos": 237
            }
        ],
        "rule-30": [
            {
                "part": null,
                "replacement-node": 128,
                "expression-node": 129,
                "template-line-number": 569,
                "node-pos": 241
            }
        ],
        "rule-31": [
            {
                "part": null,
                "replacement-node": 131,
                "expression-node": 132,
                "template-line-number": 585,
                "node-pos": 247
            }
        ],
        "rule-32": [
            {
                "part": null,
                "replacement-node": 134,
                "template-line-number": 592,
                "node-pos": 251
            }
        ],
        "rule-33": [
            {
                "part": null,
                "replacement-node": 137,
                "template-line-number": 602,
                "node-pos": 255
            }
        ],
        "rule-34": {
            "name": "SalesForResale",
            "subs": [
                {
                    "name": "SalesForResale",
                    "part": "10",
                    "replacement-node": 71,
                    "expression-node": 72,
                    "template-line-number": 352,
                    "node-pos": 141
                },
                {
                    "name": "SalesForResale",
                    "part": "11",
                    "replacement-node": 74,
                    "expression-node": 75,
                    "template-line-number": 360,
                    "node-pos": 145
                },
                {
                    "name": "SalesForResale",
                    "part": "12",
                    "replacement-node": 77,
                    "expression-node": 78,
                    "template-line-number": 368,
                    "node-pos": 149
                },
                {
                    "name": "SalesForResale",
                    "part": "2",
                    "replacement-node": 47,
                    "expression-node": 48,
                    "template-line-number": 287,
                    "node-pos": 109
                },
                {
                    "name": "SalesForResale",
                    "part": "3",
                    "replacement-node": 50,
                    "expression-node": 51,
                    "template-line-number": 296,
                    "node-pos": 113
                },
                {
                    "name": "SalesForResale",
                    "part": "4",
                    "replacement-node": 53,
                    "expression-node": 54,
                    "template-line-number": 304,
                    "node-pos": 117
                },
                {
                    "name": "SalesForResale",
                    "part": "5",
                    "replacement-node": 56,
                    "expression-node": 57,
                    "template-line-number": 312,
                    "node-pos": 121
                },
                {
                    "name": "SalesForResale",
                    "part": "6",
                    "replacement-node": 59,
                    "expression-node": 60,
                    "template-line-number": 320,
                    "node-pos": 125
                },
                {
                    "name": "SalesForResale",
                    "part": "7",
                    "replacement-node": 62,
                    "expression-node": 63,
                    "template-line-number": 328,
                    "node-pos": 129
                },
                {
                    "name": "SalesForResale",
                    "part": "8",
                    "replacement-node": 65,
                    "expression-node": 66,
                    "template-line-number": 336,
                    "node-pos": 133
                },
                {
                    "name": "SalesForResale",
                    "part": "9",
                    "replacement-node": 68,
                    "expression-node": 69,
                    "template-line-number": 344,
                    "node-pos": 137
                }
            ]
        },
        "rule-35": {
            "name": "ColumnHeadings",
            "subs": [
                {
                    "name": "ColumnHeadings",
                    "part": "1",
                    "replacement-node": 38,
                    "template-line-number": 190,
                    "extras": {},
                    "node-pos": 96
                },
                {
                    "name": "ColumnHeadings",
                    "part": "2",
                    "replacement-node": 41,
                    "template-line-number": 197,
                    "extras": {},
                    "node-pos": 100
                }
            ]
        }
    },
    "line-numbers": {
        "SalesForResale": [
            {
                "line-number-node": 45,
                "start-number": 1,
                "template-line-number": 282
            }
        ]
    },
    "showifs": {
        "rule-1": {
            "type": "showif",
            "template-line-number": 14
        }
    },
    "footnotes": {},
    "standard-rules": [
        "rule-2",
        "rule-3",
        "rule-4",
        "rule-5",
        "rule-6",
        "rule-7",
        "rule-8",
        "rule-9",
        "rule-10",
        "rule-11",
        "rule-12",
        "rule-13",
        "rule-14",
        "rule-15",
        "rule-16",
        "rule-17",
        "rule-18",
        "rule-19",
        "rule-20",
        "rule-21",
        "rule-22",
        "rule-23",
        "rule-24",
        "rule-25",
        "rule-26",
        "rule-27",
        "rule-28",
        "rule-29",
        "rule-30",
        "rule-31",
        "rule-32",
        "rule-33",
        "rule-34",
        "rule-35"
    ],
    "footnote-rules": []
}