{
    "substitutions": {
        "rule-1": [
            {
                "part": null,
                "replacement-node": 0,
                "template-line-number": 21,
                "node-pos": 9
            }
        ],
        "rule-2": [
            {
                "part": null,
                "replacement-node": 3,
                "expression-node": 4,
                "template-line-number": 26,
                "node-pos": 13
            }
        ],
        "rule-3": [
            {
                "part": null,
                "replacement-node": 6,
                "template-line-number": 32,
                "node-pos": 17
            }
        ],
        "rule-4": [
            {
                "part": null,
                "replacement-node": 9,
                "template-line-number": 38,
                "node-pos": 21,
                "html": true
            }
        ],
        "rule-5": [
            {
                "part": null,
                "replacement-node": 12,
                "template-line-number": 50,
                "node-pos": 26,
                "html": true
            }
        ],
        "rule-6": [
            {
                "part": null,
                "replacement-node": 15,
                "template-line-number": 61,
                "node-pos": 31
            }
        ],
        "rule-7": [
            {
                "part": null,
                "replacement-node": 18,
                "expression-node": 19,
                "template-line-number": 66,
                "node-pos": 35
            }
        ],
        "rule-8": [
            {
                "part": null,
                "replacement-node": 21,
                "template-line-number": 71,
                "node-pos": 39
            }
        ],
        "rule-9": [
            {
                "part": null,
                "replacement-node": 24,
                "expression-node": 25,
                "template-line-number": 76,
                "node-pos": 43
            }
        ],
        "rule-10": [
            {
                "part": null,
                "replacement-node": 27,
                "expression-node": 28,
                "template-line-number": 81,
                "node-pos": 47
            }
        ],
        "rule-11": [
            {
                "part": null,
                "replacement-node": 30,
                "template-line-number": 93,
                "node-pos": 53
            }
        ],
        "rule-12": [
            {
                "part": null,
                "replacement-node": 33,
                "template-line-number": 105,
                "node-pos": 58,
                "html": true
            }
        ],
        "rule-13": [
            {
                "part": null,
                "replacement-node": 45,
                "template-line-number": 168,
                "node-pos": 88
            }
        ],
        "rule-14": [
            {
                "part": null,
                "replacement-node": 66,
                "template-line-number": 276,
                "node-pos": 124
            }
        ],
        "rule-15": [
            {
                "part": null,
                "replacement-node": 69,
                "expression-node": 70,
                "template-line-number": 288,
                "node-pos": 129
            }
        ],
        "rule-16": [
            {
                "part": null,
                "replacement-node": 72,
                "expression-node": 73,
                "template-line-number": 298,
                "node-pos": 134
            }
        ],
        "rule-17": [
            {
                "part": null,
                "replacement-node": 75,
                "template-line-number": 313,
                "node-pos": 141
            }
        ],
        "rule-18": [
            {
                "part": null,
                "replacement-node": 96,
                "template-line-number": 416,
                "node-pos": 177
            }
        ],
        "rule-19": [
            {
                "part": null,
                "replacement-node": 99,
                "expression-node": 100,
                "template-line-number": 428,
                "node-pos": 182
            }
        ],
        "rule-20": [
            {
                "part": null,
                "replacement-node": 102,
                "expression-node": 103,
                "template-line-number": 438,
                "node-pos": 187
            }
        ],
        "rule-21": [
            {
                "part": null,
                "replacement-node": 105,
                "expression-node": 106,
                "template-line-number": 455,
                "node-pos": 195
            }
        ],
        "rule-22": [
            {
                "part": null,
                "replacement-node": 108,
                "expression-node": 109,
                "template-line-number": 465,
                "node-pos": 200
            }
        ],
        "rule-23": [
            {
                "part": null,
                "replacement-node": 111,
                "expression-node": 112,
                "template-line-number": 479,
                "node-pos": 207
            }
        ],
        "rule-24": [
            {
                "part": null,
                "replacement-node": 114,
                "template-line-number": 484,
                "node-pos": 211
            }
        ],
        "rule-25": [
            {
                "part": null,
                "replacement-node": 117,
                "template-line-number": 493,
                "node-pos": 215
            }
        ],
        "rule-26": {
            "name": "StudyCostsIncurred",
            "subs": [
                {
                    "name": "StudyCostsIncurred",
                    "part": "2",
                    "replacement-node": 51,
                    "expression-node": 52,
                    "template-line-number": 245,
                    "node-pos": 102
                },
                {
                    "name": "StudyCostsIncurred",
                    "part": "3",
                    "replacement-node": 54,
                    "expression-node": 55,
                    "template-line-number": 250,
                    "node-pos": 106
                },
                {
                    "name": "StudyCostsIncurred",
                    "part": "4",
                    "replacement-node": 57,
                    "expression-node": 58,
                    "template-line-number": 255,
                    "node-pos": 110
                },
                {
                    "name": "StudyCostsIncurred",
                    "part": "5",
                    "replacement-node": 60,
                    "expression-node": 61,
                    "template-line-number": 260,
                    "node-pos": 114
                },
                {
                    "name": "StudyCostsIncurred",
                    "part": "6",
                    "replacement-node": 63,
                    "expression-node": 64,
                    "template-line-number": 265,
                    "node-pos": 118
                }
            ]
        },
        "rule-27": {
            "name": "StudyCostsIncurred2",
            "subs": [
                {
                    "name": "StudyCostsIncurred2",
                    "part": "2",
                    "replacement-node": 81,
                    "expression-node": 82,
                    "template-line-number": 385,
                    "node-pos": 155
                },
                {
                    "name": "StudyCostsIncurred2",
                    "part": "3",
                    "replacement-node": 84,
                    "expression-node": 85,
                    "template-line-number": 390,
                    "node-pos": 159
                },
                {
                    "name": "StudyCostsIncurred2",
                    "part": "4",
                    "replacement-node": 87,
                    "expression-node": 88,
                    "template-line-number": 395,
                    "node-pos": 163
                },
                {
                    "name": "StudyCostsIncurred2",
                    "part": "5",
                    "replacement-node": 90,
                    "expression-node": 91,
                    "template-line-number": 400,
                    "node-pos": 167
                },
                {
                    "name": "StudyCostsIncurred2",
                    "part": "6",
                    "replacement-node": 93,
                    "expression-node": 94,
                    "template-line-number": 405,
                    "node-pos": 171
                }
            ]
        },
        "rule-28": {
            "name": "ColumnHeadings",
            "subs": [
                {
                    "name": "ColumnHeadings",
                    "part": "1",
                    "replacement-node": 39,
                    "template-line-number": 148,
                    "extras": {},
                    "node-pos": 78
                },
                {
                    "name": "ColumnHeadings",
                    "part": "2",
                    "replacement-node": 42,
                    "template-line-number": 156,
                    "extras": {},
                    "node-pos": 82
                },
                {
                    "name": "ColumnHeadings",
                    "part": "3",
                    "replacement-node": 37,
                    "template-line-number": 144,
                    "extras": {},
                    "node-pos": 76
                }
            ]
        }
    },
    "line-numbers": {
        "StudyCostsIncurred": [
            {
                "line-number-node": 49,
                "start-number": 2,
                "template-line-number": 240
            }
        ],
        "StudyCostsIncurred2": [
            {
                "line-number-node": 79,
                "start-number": 22,
                "template-line-number": 380
            }
        ]
    },
    "showifs": {},
    "footnotes": {},
    "standard-rules": [
        "rule-1",
        "rule-2",
        "rule-3",
        "rule-4",
        "rule-5",
        "rule-6",
        "rule-7",
        "rule-8",
        "rule-9",
        "rule-10",
        "rule-11",
        "rule-12",
        "rule-13",
        "rule-14",
        "rule-15",
        "rule-16",
        "rule-17",
        "rule-18",
        "rule-19",
        "rule-20",
        "rule-21",
        "rule-22",
        "rule-23",
        "rule-24",
        "rule-25",
        "rule-26",
        "rule-27",
        "rule-28"
    ],
    "footnote-rules": []
}