{
    "substitutions": {
        "rule-2": [
            {
                "part": null,
                "replacement-node": 1,
                "template-line-number": 29,
                "node-pos": 11
            }
        ],
        "rule-3": [
            {
                "part": null,
                "replacement-node": 4,
                "expression-node": 5,
                "template-line-number": 34,
                "node-pos": 15
            }
        ],
        "rule-4": [
            {
                "part": null,
                "replacement-node": 7,
                "template-line-number": 40,
                "node-pos": 19
            }
        ],
        "rule-5": [
            {
                "part": null,
                "replacement-node": 10,
                "template-line-number": 46,
                "node-pos": 23,
                "html": true
            }
        ],
        "rule-6": [
            {
                "part": null,
                "replacement-node": 13,
                "template-line-number": 58,
                "node-pos": 28,
                "html": true
            }
        ],
        "rule-7": [
            {
                "part": null,
                "replacement-node": 16,
                "template-line-number": 69,
                "node-pos": 33
            }
        ],
        "rule-8": [
            {
                "part": null,
                "replacement-node": 19,
                "expression-node": 20,
                "template-line-number": 74,
                "node-pos": 38
            }
        ],
        "rule-9": [
            {
                "part": null,
                "replacement-node": 22,
                "template-line-number": 79,
                "node-pos": 42
            }
        ],
        "rule-10": [
            {
                "part": null,
                "replacement-node": 25,
                "expression-node": 26,
                "template-line-number": 84,
                "node-pos": 47
            }
        ],
        "rule-11": [
            {
                "part": null,
                "replacement-node": 28,
                "expression-node": 29,
                "template-line-number": 89,
                "node-pos": 51
            }
        ],
        "rule-12": [
            {
                "part": null,
                "replacement-node": 31,
                "template-line-number": 99,
                "node-pos": 57
            }
        ],
        "rule-13": [
            {
                "part": null,
                "replacement-node": 34,
                "template-line-number": 110,
                "node-pos": 62,
                "html": true
            }
        ],
        "rule-14": [
            {
                "part": null,
                "replacement-node": 69,
                "expression-node": 70,
                "template-line-number": 258,
                "node-pos": 126
            }
        ],
        "rule-15": [
            {
                "part": null,
                "replacement-node": 72,
                "template-line-number": 263,
                "node-pos": 130
            }
        ],
        "rule-16": [
            {
                "part": null,
                "replacement-node": 75,
                "template-line-number": 272,
                "node-pos": 134
            }
        ],
        "rule-17": {
            "name": "ISLineItems",
            "subs": [
                {
                    "name": "ISLineItems",
                    "part": "1",
                    "replacement-node": 45,
                    "template-line-number": 195,
                    "extras": {},
                    "node-pos": 83
                },
                {
                    "name": "ISLineItems",
                    "part": "2",
                    "replacement-node": 50,
                    "template-line-number": 206,
                    "extras": {},
                    "node-pos": 91
                },
                {
                    "name": "ISLineItems",
                    "part": "3",
                    "replacement-node": 55,
                    "template-line-number": 214,
                    "extras": {},
                    "node-pos": 97
                },
                {
                    "name": "ISLineItems",
                    "part": "4",
                    "replacement-node": 57,
                    "expression-node": 58,
                    "template-line-number": 220,
                    "node-pos": 100
                },
                {
                    "name": "ISLineItems",
                    "part": "5",
                    "replacement-node": 60,
                    "expression-node": 61,
                    "template-line-number": 226,
                    "node-pos": 104
                },
                {
                    "name": "ISLineItems",
                    "part": "6",
                    "replacement-node": 48,
                    "template-line-number": 202,
                    "extras": {},
                    "node-pos": 89
                },
                {
                    "name": "ISLineItems",
                    "part": "6",
                    "replacement-node": 63,
                    "expression-node": 64,
                    "template-line-number": 232,
                    "node-pos": 108
                },
                {
                    "name": "ISLineItems",
                    "part": "7",
                    "replacement-node": 66,
                    "expression-node": 67,
                    "template-line-number": 238,
                    "node-pos": 112
                }
            ]
        },
        "rule-18": {
            "name": "ISHeadings",
            "subs": [
                {
                    "name": "ISHeadings",
                    "part": "1",
                    "replacement-node": 38,
                    "template-line-number": 136,
                    "extras": {},
                    "node-pos": 73
                },
                {
                    "name": "ISHeadings",
                    "part": "2",
                    "replacement-node": 41,
                    "template-line-number": 143,
                    "extras": {},
                    "node-pos": 77
                }
            ]
        }
    },
    "line-numbers": {},
    "showifs": {
        "rule-1": {
            "type": "showif",
            "template-line-number": 19
        }
    },
    "footnotes": {},
    "standard-rules": [
        "rule-2",
        "rule-3",
        "rule-4",
        "rule-5",
        "rule-6",
        "rule-7",
        "rule-8",
        "rule-9",
        "rule-10",
        "rule-11",
        "rule-12",
        "rule-13",
        "rule-14",
        "rule-15",
        "rule-16",
        "rule-17",
        "rule-18"
    ],
    "footnote-rules": []
}