{
    "substitutions": {
        "rule-2": [
            {
                "part": null,
                "replacement-node": 1,
                "template-line-number": 28,
                "node-pos": 11
            }
        ],
        "rule-3": [
            {
                "part": null,
                "replacement-node": 4,
                "expression-node": 5,
                "template-line-number": 33,
                "node-pos": 15
            }
        ],
        "rule-4": [
            {
                "part": null,
                "replacement-node": 7,
                "template-line-number": 39,
                "node-pos": 19
            }
        ],
        "rule-5": [
            {
                "part": null,
                "replacement-node": 10,
                "template-line-number": 45,
                "node-pos": 23,
                "html": true
            }
        ],
        "rule-6": [
            {
                "part": null,
                "replacement-node": 13,
                "template-line-number": 57,
                "node-pos": 28,
                "html": true
            }
        ],
        "rule-7": [
            {
                "part": null,
                "replacement-node": 16,
                "template-line-number": 68,
                "node-pos": 33
            }
        ],
        "rule-8": [
            {
                "part": null,
                "replacement-node": 19,
                "expression-node": 20,
                "template-line-number": 73,
                "node-pos": 38
            }
        ],
        "rule-9": [
            {
                "part": null,
                "replacement-node": 22,
                "template-line-number": 78,
                "node-pos": 42
            }
        ],
        "rule-10": [
            {
                "part": null,
                "replacement-node": 25,
                "expression-node": 26,
                "template-line-number": 83,
                "node-pos": 47
            }
        ],
        "rule-11": [
            {
                "part": null,
                "replacement-node": 28,
                "expression-node": 29,
                "template-line-number": 88,
                "node-pos": 51
            }
        ],
        "rule-12": [
            {
                "part": null,
                "replacement-node": 31,
                "template-line-number": 100,
                "node-pos": 57
            }
        ],
        "rule-13": [
            {
                "part": null,
                "replacement-node": 34,
                "template-line-number": 111,
                "node-pos": 62,
                "html": true
            }
        ],
        "rule-14": [
            {
                "part": null,
                "replacement-node": 79,
                "expression-node": 80,
                "template-line-number": 392,
                "node-pos": 131
            }
        ],
        "rule-15": [
            {
                "part": null,
                "replacement-node": 82,
                "template-line-number": 397,
                "node-pos": 135
            }
        ],
        "rule-16": [
            {
                "part": null,
                "replacement-node": 85,
                "template-line-number": 406,
                "node-pos": 139
            }
        ],
        "rule-17": {
            "name": "AOCIHeadings",
            "subs": [
                {
                    "name": "AOCIHeadings",
                    "part": "1",
                    "replacement-node": 37,
                    "template-line-number": 136,
                    "extras": {},
                    "node-pos": 73
                },
                {
                    "name": "AOCIHeadings",
                    "part": "2",
                    "replacement-node": 40,
                    "template-line-number": 143,
                    "extras": {},
                    "node-pos": 77
                }
            ]
        },
        "rule-18": {
            "name": "movement_prior",
            "subs": [
                {
                    "name": "movement_prior",
                    "part": "10",
                    "replacement-node": 71,
                    "expression-node": 72,
                    "template-line-number": 369,
                    "node-pos": 119
                },
                {
                    "name": "movement_prior",
                    "part": "11",
                    "replacement-node": 75,
                    "expression-node": 76,
                    "template-line-number": 379,
                    "node-pos": 124
                },
                {
                    "name": "movement_prior",
                    "part": "2",
                    "replacement-node": 47,
                    "template-line-number": 327,
                    "extras": {},
                    "node-pos": 87
                },
                {
                    "name": "movement_prior",
                    "part": "3",
                    "replacement-node": 50,
                    "expression-node": 51,
                    "template-line-number": 332,
                    "node-pos": 91
                },
                {
                    "name": "movement_prior",
                    "part": "4",
                    "replacement-node": 53,
                    "expression-node": 54,
                    "template-line-number": 337,
                    "node-pos": 95
                },
                {
                    "name": "movement_prior",
                    "part": "5",
                    "replacement-node": 56,
                    "expression-node": 57,
                    "template-line-number": 342,
                    "node-pos": 99
                },
                {
                    "name": "movement_prior",
                    "part": "6",
                    "replacement-node": 59,
                    "expression-node": 60,
                    "template-line-number": 347,
                    "node-pos": 103
                },
                {
                    "name": "movement_prior",
                    "part": "7",
                    "replacement-node": 62,
                    "expression-node": 63,
                    "template-line-number": 352,
                    "node-pos": 107
                },
                {
                    "name": "movement_prior",
                    "part": "8",
                    "replacement-node": 65,
                    "expression-node": 66,
                    "template-line-number": 357,
                    "node-pos": 111
                },
                {
                    "name": "movement_prior",
                    "part": "9",
                    "replacement-node": 68,
                    "expression-node": 69,
                    "template-line-number": 362,
                    "node-pos": 115
                }
            ]
        }
    },
    "line-numbers": {
        "movement_prior": [
            {
                "line-number-node": 44,
                "start-number": 1,
                "template-line-number": 324
            }
        ]
    },
    "showifs": {
        "rule-1": {
            "type": "showif",
            "template-line-number": 18
        }
    },
    "footnotes": {},
    "standard-rules": [
        "rule-2",
        "rule-3",
        "rule-4",
        "rule-5",
        "rule-6",
        "rule-7",
        "rule-8",
        "rule-9",
        "rule-10",
        "rule-11",
        "rule-12",
        "rule-13",
        "rule-14",
        "rule-15",
        "rule-16",
        "rule-17",
        "rule-18"
    ],
    "footnote-rules": []
}