{
    "substitutions": {
        "rule-1": [
            {
                "part": null,
                "replacement-node": 0,
                "template-line-number": 18,
                "node-pos": 9
            }
        ],
        "rule-2": [
            {
                "part": null,
                "replacement-node": 3,
                "expression-node": 4,
                "template-line-number": 25,
                "node-pos": 13
            }
        ],
        "rule-3": [
            {
                "part": null,
                "replacement-node": 6,
                "template-line-number": 32,
                "node-pos": 17
            }
        ],
        "rule-4": [
            {
                "part": null,
                "replacement-node": 9,
                "template-line-number": 40,
                "node-pos": 21,
                "html": true
            }
        ],
        "rule-5": [
            {
                "part": null,
                "replacement-node": 12,
                "template-line-number": 56,
                "node-pos": 26,
                "html": true
            }
        ],
        "rule-6": [
            {
                "part": null,
                "replacement-node": 15,
                "template-line-number": 74,
                "node-pos": 31
            }
        ],
        "rule-7": [
            {
                "part": null,
                "replacement-node": 18,
                "expression-node": 19,
                "template-line-number": 81,
                "node-pos": 35
            }
        ],
        "rule-8": [
            {
                "part": null,
                "replacement-node": 21,
                "template-line-number": 88,
                "node-pos": 39
            }
        ],
        "rule-9": [
            {
                "part": null,
                "replacement-node": 24,
                "expression-node": 25,
                "template-line-number": 95,
                "node-pos": 43
            }
        ],
        "rule-10": [
            {
                "part": null,
                "replacement-node": 27,
                "expression-node": 28,
                "template-line-number": 101,
                "node-pos": 47
            }
        ],
        "rule-11": [
            {
                "part": null,
                "replacement-node": 30,
                "template-line-number": 112,
                "node-pos": 53
            }
        ],
        "rule-12": [
            {
                "part": null,
                "replacement-node": 64,
                "expression-node": 65,
                "template-line-number": 293,
                "node-pos": 113
            }
        ],
        "rule-13": [
            {
                "part": null,
                "replacement-node": 67,
                "expression-node": 68,
                "template-line-number": 303,
                "node-pos": 117
            }
        ],
        "rule-14": [
            {
                "part": null,
                "replacement-node": 70,
                "expression-node": 71,
                "template-line-number": 314,
                "node-pos": 122
            }
        ],
        "rule-15": [
            {
                "part": null,
                "replacement-node": 73,
                "expression-node": 74,
                "template-line-number": 324,
                "node-pos": 126
            }
        ],
        "rule-16": [
            {
                "part": null,
                "replacement-node": 76,
                "expression-node": 77,
                "template-line-number": 338,
                "node-pos": 132
            }
        ],
        "rule-17": [
            {
                "part": null,
                "replacement-node": 79,
                "template-line-number": 343,
                "node-pos": 136
            }
        ],
        "rule-18": [
            {
                "part": null,
                "replacement-node": 82,
                "template-line-number": 352,
                "node-pos": 140
            }
        ],
        "rule-19": {
            "name": "ColumnHeadings",
            "subs": [
                {
                    "name": "ColumnHeadings",
                    "part": "1",
                    "replacement-node": 36,
                    "template-line-number": 155,
                    "extras": {},
                    "node-pos": 72
                },
                {
                    "name": "ColumnHeadings",
                    "part": "2",
                    "replacement-node": 39,
                    "template-line-number": 163,
                    "extras": {},
                    "node-pos": 76
                },
                {
                    "name": "ColumnHeadings",
                    "part": "3",
                    "replacement-node": 34,
                    "template-line-number": 151,
                    "extras": {},
                    "node-pos": 70
                }
            ]
        },
        "rule-20": {
            "name": "ExtraordinaryPropertyLosses",
            "subs": [
                {
                    "name": "ExtraordinaryPropertyLosses",
                    "part": "2",
                    "replacement-node": 46,
                    "expression-node": 47,
                    "template-line-number": 232,
                    "node-pos": 86
                },
                {
                    "name": "ExtraordinaryPropertyLosses",
                    "part": "3",
                    "replacement-node": 49,
                    "expression-node": 50,
                    "template-line-number": 242,
                    "node-pos": 90
                },
                {
                    "name": "ExtraordinaryPropertyLosses",
                    "part": "4",
                    "replacement-node": 52,
                    "expression-node": 53,
                    "template-line-number": 251,
                    "node-pos": 94
                },
                {
                    "name": "ExtraordinaryPropertyLosses",
                    "part": "5",
                    "replacement-node": 55,
                    "expression-node": 56,
                    "template-line-number": 259,
                    "node-pos": 98
                },
                {
                    "name": "ExtraordinaryPropertyLosses",
                    "part": "6",
                    "replacement-node": 58,
                    "expression-node": 59,
                    "template-line-number": 270,
                    "node-pos": 102
                },
                {
                    "name": "ExtraordinaryPropertyLosses",
                    "part": "7",
                    "replacement-node": 61,
                    "expression-node": 62,
                    "template-line-number": 279,
                    "node-pos": 106
                }
            ]
        }
    },
    "line-numbers": {
        "ExtraordinaryPropertyLosses": [
            {
                "line-number-node": 43,
                "start-number": 1,
                "template-line-number": 225
            }
        ]
    },
    "showifs": {},
    "footnotes": {},
    "standard-rules": [
        "rule-1",
        "rule-2",
        "rule-3",
        "rule-4",
        "rule-5",
        "rule-6",
        "rule-7",
        "rule-8",
        "rule-9",
        "rule-10",
        "rule-11",
        "rule-12",
        "rule-13",
        "rule-14",
        "rule-15",
        "rule-16",
        "rule-17",
        "rule-18",
        "rule-19",
        "rule-20"
    ],
    "footnote-rules": []
}