{
    "substitutions": {
        "rule-2": [
            {
                "part": null,
                "replacement-node": 1,
                "template-line-number": 28,
                "node-pos": 11
            }
        ],
        "rule-3": [
            {
                "part": null,
                "replacement-node": 4,
                "expression-node": 5,
                "template-line-number": 34,
                "node-pos": 15
            }
        ],
        "rule-4": [
            {
                "part": null,
                "replacement-node": 7,
                "template-line-number": 40,
                "node-pos": 19
            }
        ],
        "rule-5": [
            {
                "part": null,
                "replacement-node": 10,
                "template-line-number": 46,
                "node-pos": 23,
                "html": true
            }
        ],
        "rule-6": [
            {
                "part": null,
                "replacement-node": 13,
                "template-line-number": 58,
                "node-pos": 28,
                "html": true
            }
        ],
        "rule-7": [
            {
                "part": null,
                "replacement-node": 16,
                "template-line-number": 69,
                "node-pos": 33
            }
        ],
        "rule-8": [
            {
                "part": null,
                "replacement-node": 19,
                "expression-node": 20,
                "template-line-number": 74,
                "node-pos": 37
            }
        ],
        "rule-9": [
            {
                "part": null,
                "replacement-node": 22,
                "template-line-number": 79,
                "node-pos": 41
            }
        ],
        "rule-10": [
            {
                "part": null,
                "replacement-node": 25,
                "expression-node": 26,
                "template-line-number": 84,
                "node-pos": 45
            }
        ],
        "rule-11": [
            {
                "part": null,
                "replacement-node": 28,
                "expression-node": 29,
                "template-line-number": 89,
                "node-pos": 49
            }
        ],
        "rule-12": [
            {
                "part": null,
                "replacement-node": 31,
                "template-line-number": 100,
                "node-pos": 55
            }
        ],
        "rule-13": [
            {
                "part": null,
                "replacement-node": 34,
                "template-line-number": 111,
                "node-pos": 60,
                "html": true
            }
        ],
        "rule-14": [
            {
                "part": null,
                "replacement-node": 70,
                "expression-node": 71,
                "template-line-number": 261,
                "node-pos": 119
            }
        ],
        "rule-15": [
            {
                "part": null,
                "replacement-node": 73,
                "template-line-number": 266,
                "node-pos": 123
            }
        ],
        "rule-16": [
            {
                "part": null,
                "replacement-node": 76,
                "template-line-number": 276,
                "node-pos": 127
            }
        ],
        "rule-17": {
            "name": "ControlRespondent",
            "subs": [
                {
                    "name": "ControlRespondent",
                    "part": "2",
                    "replacement-node": 49,
                    "expression-node": 50,
                    "template-line-number": 218,
                    "node-pos": 89
                },
                {
                    "name": "ControlRespondent",
                    "part": "3",
                    "replacement-node": 52,
                    "expression-node": 53,
                    "template-line-number": 223,
                    "node-pos": 93
                },
                {
                    "name": "ControlRespondent",
                    "part": "4",
                    "replacement-node": 55,
                    "expression-node": 56,
                    "template-line-number": 228,
                    "node-pos": 97
                },
                {
                    "name": "ControlRespondent",
                    "part": "4",
                    "replacement-node": 58,
                    "expression-node": 59,
                    "template-line-number": 233,
                    "node-pos": 101
                },
                {
                    "name": "ControlRespondent",
                    "part": "5",
                    "replacement-node": 61,
                    "expression-node": 62,
                    "template-line-number": 238,
                    "node-pos": 105
                },
                {
                    "name": "ControlRespondent",
                    "part": "5",
                    "replacement-node": 64,
                    "expression-node": 65,
                    "template-line-number": 243,
                    "node-pos": 109
                },
                {
                    "name": "ControlRespondent",
                    "part": "6",
                    "replacement-node": 67,
                    "expression-node": 68,
                    "template-line-number": 248,
                    "node-pos": 113
                }
            ]
        },
        "rule-18": {
            "name": "ListHeadings",
            "subs": [
                {
                    "name": "ListHeadings",
                    "part": "1",
                    "replacement-node": 40,
                    "template-line-number": 145,
                    "extras": {},
                    "node-pos": 76
                },
                {
                    "name": "ListHeadings",
                    "part": "2",
                    "replacement-node": 43,
                    "template-line-number": 154,
                    "extras": {},
                    "node-pos": 80
                },
                {
                    "name": "ListHeadings",
                    "part": "3",
                    "replacement-node": 38,
                    "template-line-number": 141,
                    "extras": {},
                    "node-pos": 74
                }
            ]
        }
    },
    "line-numbers": {
        "ControlRespondent": [
            {
                "line-number-node": 47,
                "start-number": 1,
                "template-line-number": 215
            }
        ]
    },
    "showifs": {
        "rule-1": {
            "type": "showif",
            "template-line-number": 18
        }
    },
    "footnotes": {},
    "standard-rules": [
        "rule-2",
        "rule-3",
        "rule-4",
        "rule-5",
        "rule-6",
        "rule-7",
        "rule-8",
        "rule-9",
        "rule-10",
        "rule-11",
        "rule-12",
        "rule-13",
        "rule-14",
        "rule-15",
        "rule-16",
        "rule-17",
        "rule-18"
    ],
    "footnote-rules": []
}