{
    "substitutions": {
        "rule-2": [
            {
                "part": null,
                "replacement-node": 1,
                "template-line-number": 25,
                "node-pos": 11
            }
        ],
        "rule-3": [
            {
                "part": null,
                "replacement-node": 4,
                "expression-node": 5,
                "template-line-number": 33,
                "node-pos": 15
            }
        ],
        "rule-4": [
            {
                "part": null,
                "replacement-node": 7,
                "template-line-number": 40,
                "node-pos": 19
            }
        ],
        "rule-5": [
            {
                "part": null,
                "replacement-node": 10,
                "template-line-number": 48,
                "node-pos": 23,
                "html": true
            }
        ],
        "rule-6": [
            {
                "part": null,
                "replacement-node": 13,
                "template-line-number": 64,
                "node-pos": 28,
                "html": true
            }
        ],
        "rule-7": [
            {
                "part": null,
                "replacement-node": 16,
                "template-line-number": 81,
                "node-pos": 33
            }
        ],
        "rule-8": [
            {
                "part": null,
                "replacement-node": 19,
                "expression-node": 20,
                "template-line-number": 88,
                "node-pos": 37
            }
        ],
        "rule-9": [
            {
                "part": null,
                "replacement-node": 22,
                "template-line-number": 95,
                "node-pos": 41
            }
        ],
        "rule-10": [
            {
                "part": null,
                "replacement-node": 25,
                "expression-node": 26,
                "template-line-number": 102,
                "node-pos": 45
            }
        ],
        "rule-11": [
            {
                "part": null,
                "replacement-node": 28,
                "expression-node": 29,
                "template-line-number": 108,
                "node-pos": 49
            }
        ],
        "rule-12": [
            {
                "part": null,
                "replacement-node": 31,
                "template-line-number": 119,
                "node-pos": 55
            }
        ],
        "rule-13": [
            {
                "part": null,
                "replacement-node": 34,
                "template-line-number": 130,
                "node-pos": 60,
                "html": true
            }
        ],
        "rule-14": [
            {
                "part": null,
                "replacement-node": 94,
                "expression-node": 95,
                "template-line-number": 462,
                "node-pos": 176
            }
        ],
        "rule-15": [
            {
                "part": null,
                "replacement-node": 97,
                "expression-node": 98,
                "template-line-number": 474,
                "node-pos": 181
            }
        ],
        "rule-16": [
            {
                "part": null,
                "replacement-node": 100,
                "expression-node": 101,
                "template-line-number": 486,
                "node-pos": 186
            }
        ],
        "rule-17": [
            {
                "part": null,
                "replacement-node": 103,
                "expression-node": 104,
                "template-line-number": 498,
                "node-pos": 191
            }
        ],
        "rule-18": [
            {
                "part": null,
                "replacement-node": 106,
                "expression-node": 107,
                "template-line-number": 509,
                "node-pos": 195
            }
        ],
        "rule-19": [
            {
                "part": null,
                "replacement-node": 109,
                "expression-node": 110,
                "template-line-number": 520,
                "node-pos": 199
            }
        ],
        "rule-20": [
            {
                "part": null,
                "replacement-node": 112,
                "expression-node": 113,
                "template-line-number": 531,
                "node-pos": 203
            }
        ],
        "rule-21": [
            {
                "part": null,
                "replacement-node": 115,
                "expression-node": 116,
                "template-line-number": 542,
                "node-pos": 207
            }
        ],
        "rule-22": [
            {
                "part": null,
                "replacement-node": 118,
                "expression-node": 119,
                "template-line-number": 553,
                "node-pos": 211
            }
        ],
        "rule-23": [
            {
                "part": null,
                "replacement-node": 169,
                "expression-node": 170,
                "template-line-number": 806,
                "node-pos": 288
            }
        ],
        "rule-24": [
            {
                "part": null,
                "replacement-node": 172,
                "expression-node": 173,
                "template-line-number": 819,
                "node-pos": 293
            }
        ],
        "rule-25": [
            {
                "part": null,
                "replacement-node": 175,
                "expression-node": 176,
                "template-line-number": 832,
                "node-pos": 298
            }
        ],
        "rule-26": [
            {
                "part": null,
                "replacement-node": 178,
                "expression-node": 179,
                "template-line-number": 845,
                "node-pos": 303
            }
        ],
        "rule-27": [
            {
                "part": null,
                "replacement-node": 181,
                "expression-node": 182,
                "template-line-number": 857,
                "node-pos": 307
            }
        ],
        "rule-28": [
            {
                "part": null,
                "replacement-node": 184,
                "expression-node": 185,
                "template-line-number": 869,
                "node-pos": 311
            }
        ],
        "rule-29": [
            {
                "part": null,
                "replacement-node": 187,
                "expression-node": 188,
                "template-line-number": 881,
                "node-pos": 315
            }
        ],
        "rule-30": [
            {
                "part": null,
                "replacement-node": 190,
                "expression-node": 191,
                "template-line-number": 893,
                "node-pos": 319
            }
        ],
        "rule-31": [
            {
                "part": null,
                "replacement-node": 193,
                "expression-node": 194,
                "template-line-number": 905,
                "node-pos": 323
            }
        ],
        "rule-32": [
            {
                "part": null,
                "replacement-node": 244,
                "expression-node": 245,
                "template-line-number": 1162,
                "node-pos": 400
            }
        ],
        "rule-33": [
            {
                "part": null,
                "replacement-node": 247,
                "expression-node": 248,
                "template-line-number": 1175,
                "node-pos": 405
            }
        ],
        "rule-34": [
            {
                "part": null,
                "replacement-node": 250,
                "expression-node": 251,
                "template-line-number": 1188,
                "node-pos": 410
            }
        ],
        "rule-35": [
            {
                "part": null,
                "replacement-node": 253,
                "expression-node": 254,
                "template-line-number": 1201,
                "node-pos": 415
            }
        ],
        "rule-36": [
            {
                "part": null,
                "replacement-node": 256,
                "expression-node": 257,
                "template-line-number": 1213,
                "node-pos": 419
            }
        ],
        "rule-37": [
            {
                "part": null,
                "replacement-node": 259,
                "expression-node": 260,
                "template-line-number": 1225,
                "node-pos": 423
            }
        ],
        "rule-38": [
            {
                "part": null,
                "replacement-node": 262,
                "expression-node": 263,
                "template-line-number": 1237,
                "node-pos": 427
            }
        ],
        "rule-39": [
            {
                "part": null,
                "replacement-node": 265,
                "expression-node": 266,
                "template-line-number": 1249,
                "node-pos": 431
            }
        ],
        "rule-40": [
            {
                "part": null,
                "replacement-node": 268,
                "expression-node": 269,
                "template-line-number": 1261,
                "node-pos": 435
            }
        ],
        "rule-41": [
            {
                "part": null,
                "replacement-node": 319,
                "expression-node": 320,
                "template-line-number": 1517,
                "node-pos": 512
            }
        ],
        "rule-42": [
            {
                "part": null,
                "replacement-node": 322,
                "expression-node": 323,
                "template-line-number": 1530,
                "node-pos": 517
            }
        ],
        "rule-43": [
            {
                "part": null,
                "replacement-node": 325,
                "expression-node": 326,
                "template-line-number": 1543,
                "node-pos": 522
            }
        ],
        "rule-44": [
            {
                "part": null,
                "replacement-node": 328,
                "expression-node": 329,
                "template-line-number": 1556,
                "node-pos": 527
            }
        ],
        "rule-45": [
            {
                "part": null,
                "replacement-node": 331,
                "expression-node": 332,
                "template-line-number": 1568,
                "node-pos": 531
            }
        ],
        "rule-46": [
            {
                "part": null,
                "replacement-node": 334,
                "expression-node": 335,
                "template-line-number": 1580,
                "node-pos": 535
            }
        ],
        "rule-47": [
            {
                "part": null,
                "replacement-node": 337,
                "expression-node": 338,
                "template-line-number": 1592,
                "node-pos": 539
            }
        ],
        "rule-48": [
            {
                "part": null,
                "replacement-node": 340,
                "expression-node": 341,
                "template-line-number": 1604,
                "node-pos": 543
            }
        ],
        "rule-49": [
            {
                "part": null,
                "replacement-node": 343,
                "expression-node": 344,
                "template-line-number": 1616,
                "node-pos": 547
            }
        ],
        "rule-50": [
            {
                "part": null,
                "replacement-node": 346,
                "expression-node": 347,
                "template-line-number": 1637,
                "node-pos": 556
            }
        ],
        "rule-51": [
            {
                "part": null,
                "replacement-node": 349,
                "expression-node": 350,
                "template-line-number": 1648,
                "node-pos": 561
            }
        ],
        "rule-52": [
            {
                "part": null,
                "replacement-node": 352,
                "expression-node": 353,
                "template-line-number": 1660,
                "node-pos": 566
            }
        ],
        "rule-53": [
            {
                "part": null,
                "replacement-node": 355,
                "expression-node": 356,
                "template-line-number": 1672,
                "node-pos": 571
            }
        ],
        "rule-54": [
            {
                "part": null,
                "replacement-node": 358,
                "expression-node": 359,
                "template-line-number": 1683,
                "node-pos": 575
            }
        ],
        "rule-55": [
            {
                "part": null,
                "replacement-node": 361,
                "expression-node": 362,
                "template-line-number": 1694,
                "node-pos": 579
            }
        ],
        "rule-56": [
            {
                "part": null,
                "replacement-node": 364,
                "expression-node": 365,
                "template-line-number": 1705,
                "node-pos": 583
            }
        ],
        "rule-57": [
            {
                "part": null,
                "replacement-node": 367,
                "expression-node": 368,
                "template-line-number": 1716,
                "node-pos": 587
            }
        ],
        "rule-58": [
            {
                "part": null,
                "replacement-node": 370,
                "expression-node": 371,
                "template-line-number": 1727,
                "node-pos": 591
            }
        ],
        "rule-59": [
            {
                "part": null,
                "replacement-node": 373,
                "expression-node": 374,
                "template-line-number": 1742,
                "node-pos": 597
            }
        ],
        "rule-60": [
            {
                "part": null,
                "replacement-node": 376,
                "template-line-number": 1747,
                "node-pos": 601
            }
        ],
        "rule-61": [
            {
                "part": null,
                "replacement-node": 379,
                "template-line-number": 1756,
                "node-pos": 605
            }
        ],
        "rule-62": {
            "name": "MilesOfPipeline1",
            "subs": [
                {
                    "name": "MilesOfPipeline1",
                    "part": "10",
                    "replacement-node": 73,
                    "expression-node": 74,
                    "template-line-number": 391,
                    "node-pos": 143
                },
                {
                    "name": "MilesOfPipeline1",
                    "part": "11",
                    "replacement-node": 76,
                    "expression-node": 77,
                    "template-line-number": 400,
                    "node-pos": 147
                },
                {
                    "name": "MilesOfPipeline1",
                    "part": "12",
                    "replacement-node": 79,
                    "expression-node": 80,
                    "template-line-number": 409,
                    "node-pos": 151
                },
                {
                    "name": "MilesOfPipeline1",
                    "part": "13",
                    "replacement-node": 82,
                    "expression-node": 83,
                    "template-line-number": 418,
                    "node-pos": 155
                },
                {
                    "name": "MilesOfPipeline1",
                    "part": "14",
                    "replacement-node": 85,
                    "expression-node": 86,
                    "template-line-number": 427,
                    "node-pos": 159
                },
                {
                    "name": "MilesOfPipeline1",
                    "part": "15",
                    "replacement-node": 88,
                    "expression-node": 89,
                    "template-line-number": 436,
                    "node-pos": 163
                },
                {
                    "name": "MilesOfPipeline1",
                    "part": "16",
                    "replacement-node": 91,
                    "expression-node": 92,
                    "template-line-number": 445,
                    "node-pos": 167
                },
                {
                    "name": "MilesOfPipeline1",
                    "part": "2",
                    "replacement-node": 49,
                    "expression-node": 50,
                    "template-line-number": 318,
                    "node-pos": 111
                },
                {
                    "name": "MilesOfPipeline1",
                    "part": "3",
                    "replacement-node": 52,
                    "expression-node": 53,
                    "template-line-number": 327,
                    "node-pos": 115
                },
                {
                    "name": "MilesOfPipeline1",
                    "part": "4",
                    "replacement-node": 55,
                    "expression-node": 56,
                    "template-line-number": 336,
                    "node-pos": 119
                },
                {
                    "name": "MilesOfPipeline1",
                    "part": "5",
                    "replacement-node": 58,
                    "expression-node": 59,
                    "template-line-number": 346,
                    "node-pos": 123
                },
                {
                    "name": "MilesOfPipeline1",
                    "part": "6",
                    "replacement-node": 61,
                    "expression-node": 62,
                    "template-line-number": 355,
                    "node-pos": 127
                },
                {
                    "name": "MilesOfPipeline1",
                    "part": "7",
                    "replacement-node": 64,
                    "expression-node": 65,
                    "template-line-number": 364,
                    "node-pos": 131
                },
                {
                    "name": "MilesOfPipeline1",
                    "part": "8",
                    "replacement-node": 67,
                    "expression-node": 68,
                    "template-line-number": 373,
                    "node-pos": 135
                },
                {
                    "name": "MilesOfPipeline1",
                    "part": "9",
                    "replacement-node": 70,
                    "expression-node": 71,
                    "template-line-number": 382,
                    "node-pos": 139
                }
            ]
        },
        "rule-63": {
            "name": "MilesOfPipeline3",
            "subs": [
                {
                    "name": "MilesOfPipeline3",
                    "part": "10",
                    "replacement-node": 223,
                    "expression-node": 224,
                    "template-line-number": 1091,
                    "node-pos": 367
                },
                {
                    "name": "MilesOfPipeline3",
                    "part": "11",
                    "replacement-node": 226,
                    "expression-node": 227,
                    "template-line-number": 1100,
                    "node-pos": 371
                },
                {
                    "name": "MilesOfPipeline3",
                    "part": "12",
                    "replacement-node": 229,
                    "expression-node": 230,
                    "template-line-number": 1109,
                    "node-pos": 375
                },
                {
                    "name": "MilesOfPipeline3",
                    "part": "13",
                    "replacement-node": 232,
                    "expression-node": 233,
                    "template-line-number": 1118,
                    "node-pos": 379
                },
                {
                    "name": "MilesOfPipeline3",
                    "part": "14",
                    "replacement-node": 235,
                    "expression-node": 236,
                    "template-line-number": 1127,
                    "node-pos": 383
                },
                {
                    "name": "MilesOfPipeline3",
                    "part": "15",
                    "replacement-node": 238,
                    "expression-node": 239,
                    "template-line-number": 1136,
                    "node-pos": 387
                },
                {
                    "name": "MilesOfPipeline3",
                    "part": "16",
                    "replacement-node": 241,
                    "expression-node": 242,
                    "template-line-number": 1145,
                    "node-pos": 391
                },
                {
                    "name": "MilesOfPipeline3",
                    "part": "2",
                    "replacement-node": 199,
                    "expression-node": 200,
                    "template-line-number": 1018,
                    "node-pos": 335
                },
                {
                    "name": "MilesOfPipeline3",
                    "part": "3",
                    "replacement-node": 202,
                    "expression-node": 203,
                    "template-line-number": 1027,
                    "node-pos": 339
                },
                {
                    "name": "MilesOfPipeline3",
                    "part": "4",
                    "replacement-node": 205,
                    "expression-node": 206,
                    "template-line-number": 1036,
                    "node-pos": 343
                },
                {
                    "name": "MilesOfPipeline3",
                    "part": "5",
                    "replacement-node": 208,
                    "expression-node": 209,
                    "template-line-number": 1046,
                    "node-pos": 347
                },
                {
                    "name": "MilesOfPipeline3",
                    "part": "6",
                    "replacement-node": 211,
                    "expression-node": 212,
                    "template-line-number": 1055,
                    "node-pos": 351
                },
                {
                    "name": "MilesOfPipeline3",
                    "part": "7",
                    "replacement-node": 214,
                    "expression-node": 215,
                    "template-line-number": 1064,
                    "node-pos": 355
                },
                {
                    "name": "MilesOfPipeline3",
                    "part": "8",
                    "replacement-node": 217,
                    "expression-node": 218,
                    "template-line-number": 1073,
                    "node-pos": 359
                },
                {
                    "name": "MilesOfPipeline3",
                    "part": "9",
                    "replacement-node": 220,
                    "expression-node": 221,
                    "template-line-number": 1082,
                    "node-pos": 363
                }
            ]
        },
        "rule-64": {
            "name": "MilesOfPipeline2",
            "subs": [
                {
                    "name": "MilesOfPipeline2",
                    "part": "10",
                    "replacement-node": 148,
                    "expression-node": 149,
                    "template-line-number": 736,
                    "node-pos": 255
                },
                {
                    "name": "MilesOfPipeline2",
                    "part": "11",
                    "replacement-node": 151,
                    "expression-node": 152,
                    "template-line-number": 745,
                    "node-pos": 259
                },
                {
                    "name": "MilesOfPipeline2",
                    "part": "12",
                    "replacement-node": 154,
                    "expression-node": 155,
                    "template-line-number": 754,
                    "node-pos": 263
                },
                {
                    "name": "MilesOfPipeline2",
                    "part": "13",
                    "replacement-node": 157,
                    "expression-node": 158,
                    "template-line-number": 763,
                    "node-pos": 267
                },
                {
                    "name": "MilesOfPipeline2",
                    "part": "14",
                    "replacement-node": 160,
                    "expression-node": 161,
                    "template-line-number": 772,
                    "node-pos": 271
                },
                {
                    "name": "MilesOfPipeline2",
                    "part": "15",
                    "replacement-node": 163,
                    "expression-node": 164,
                    "template-line-number": 781,
                    "node-pos": 275
                },
                {
                    "name": "MilesOfPipeline2",
                    "part": "16",
                    "replacement-node": 166,
                    "expression-node": 167,
                    "template-line-number": 790,
                    "node-pos": 279
                },
                {
                    "name": "MilesOfPipeline2",
                    "part": "2",
                    "replacement-node": 124,
                    "expression-node": 125,
                    "template-line-number": 663,
                    "node-pos": 223
                },
                {
                    "name": "MilesOfPipeline2",
                    "part": "3",
                    "replacement-node": 127,
                    "expression-node": 128,
                    "template-line-number": 672,
                    "node-pos": 227
                },
                {
                    "name": "MilesOfPipeline2",
                    "part": "4",
                    "replacement-node": 130,
                    "expression-node": 131,
                    "template-line-number": 681,
                    "node-pos": 231
                },
                {
                    "name": "MilesOfPipeline2",
                    "part": "5",
                    "replacement-node": 133,
                    "expression-node": 134,
                    "template-line-number": 691,
                    "node-pos": 235
                },
                {
                    "name": "MilesOfPipeline2",
                    "part": "6",
                    "replacement-node": 136,
                    "expression-node": 137,
                    "template-line-number": 700,
                    "node-pos": 239
                },
                {
                    "name": "MilesOfPipeline2",
                    "part": "7",
                    "replacement-node": 139,
                    "expression-node": 140,
                    "template-line-number": 709,
                    "node-pos": 243
                },
                {
                    "name": "MilesOfPipeline2",
                    "part": "8",
                    "replacement-node": 142,
                    "expression-node": 143,
                    "template-line-number": 718,
                    "node-pos": 247
                },
                {
                    "name": "MilesOfPipeline2",
                    "part": "9",
                    "replacement-node": 145,
                    "expression-node": 146,
                    "template-line-number": 727,
                    "node-pos": 251
                }
            ]
        },
        "rule-65": {
            "name": "MilesOfPipeline4",
            "subs": [
                {
                    "name": "MilesOfPipeline4",
                    "part": "10",
                    "replacement-node": 298,
                    "expression-node": 299,
                    "template-line-number": 1446,
                    "node-pos": 479
                },
                {
                    "name": "MilesOfPipeline4",
                    "part": "11",
                    "replacement-node": 301,
                    "expression-node": 302,
                    "template-line-number": 1455,
                    "node-pos": 483
                },
                {
                    "name": "MilesOfPipeline4",
                    "part": "12",
                    "replacement-node": 304,
                    "expression-node": 305,
                    "template-line-number": 1464,
                    "node-pos": 487
                },
                {
                    "name": "MilesOfPipeline4",
                    "part": "13",
                    "replacement-node": 307,
                    "expression-node": 308,
                    "template-line-number": 1473,
                    "node-pos": 491
                },
                {
                    "name": "MilesOfPipeline4",
                    "part": "14",
                    "replacement-node": 310,
                    "expression-node": 311,
                    "template-line-number": 1482,
                    "node-pos": 495
                },
                {
                    "name": "MilesOfPipeline4",
                    "part": "15",
                    "replacement-node": 313,
                    "expression-node": 314,
                    "template-line-number": 1491,
                    "node-pos": 499
                },
                {
                    "name": "MilesOfPipeline4",
                    "part": "16",
                    "replacement-node": 316,
                    "expression-node": 317,
                    "template-line-number": 1500,
                    "node-pos": 503
                },
                {
                    "name": "MilesOfPipeline4",
                    "part": "2",
                    "replacement-node": 274,
                    "expression-node": 275,
                    "template-line-number": 1373,
                    "node-pos": 447
                },
                {
                    "name": "MilesOfPipeline4",
                    "part": "3",
                    "replacement-node": 277,
                    "expression-node": 278,
                    "template-line-number": 1382,
                    "node-pos": 451
                },
                {
                    "name": "MilesOfPipeline4",
                    "part": "4",
                    "replacement-node": 280,
                    "expression-node": 281,
                    "template-line-number": 1391,
                    "node-pos": 455
                },
                {
                    "name": "MilesOfPipeline4",
                    "part": "5",
                    "replacement-node": 283,
                    "expression-node": 284,
                    "template-line-number": 1401,
                    "node-pos": 459
                },
                {
                    "name": "MilesOfPipeline4",
                    "part": "6",
                    "replacement-node": 286,
                    "expression-node": 287,
                    "template-line-number": 1410,
                    "node-pos": 463
                },
                {
                    "name": "MilesOfPipeline4",
                    "part": "7",
                    "replacement-node": 289,
                    "expression-node": 290,
                    "template-line-number": 1419,
                    "node-pos": 467
                },
                {
                    "name": "MilesOfPipeline4",
                    "part": "8",
                    "replacement-node": 292,
                    "expression-node": 293,
                    "template-line-number": 1428,
                    "node-pos": 471
                },
                {
                    "name": "MilesOfPipeline4",
                    "part": "9",
                    "replacement-node": 295,
                    "expression-node": 296,
                    "template-line-number": 1437,
                    "node-pos": 475
                }
            ]
        },
        "rule-66": {
            "name": "ColumnHeadings",
            "subs": [
                {
                    "name": "ColumnHeadings",
                    "part": "1",
                    "replacement-node": 40,
                    "template-line-number": 203,
                    "extras": {},
                    "node-pos": 95
                },
                {
                    "name": "ColumnHeadings",
                    "part": "2",
                    "replacement-node": 43,
                    "template-line-number": 211,
                    "extras": {},
                    "node-pos": 99
                },
                {
                    "name": "ColumnHeadings",
                    "part": "3",
                    "replacement-node": 38,
                    "template-line-number": 199,
                    "extras": {},
                    "node-pos": 93
                }
            ]
        }
    },
    "line-numbers": {
        "MilesOfPipeline1": [
            {
                "line-number-node": 47,
                "start-number": 1,
                "template-line-number": 313
            }
        ],
        "MilesOfPipeline2": [
            {
                "line-number-node": 122,
                "start-number": 1,
                "template-line-number": 657
            }
        ],
        "MilesOfPipeline3": [
            {
                "line-number-node": 197,
                "start-number": 1,
                "template-line-number": 1013
            }
        ],
        "MilesOfPipeline4": [
            {
                "line-number-node": 272,
                "start-number": 1,
                "template-line-number": 1368
            }
        ]
    },
    "showifs": {
        "rule-1": {
            "type": "showif",
            "template-line-number": 15
        }
    },
    "footnotes": {},
    "standard-rules": [
        "rule-2",
        "rule-3",
        "rule-4",
        "rule-5",
        "rule-6",
        "rule-7",
        "rule-8",
        "rule-9",
        "rule-10",
        "rule-11",
        "rule-12",
        "rule-13",
        "rule-14",
        "rule-15",
        "rule-16",
        "rule-17",
        "rule-18",
        "rule-19",
        "rule-20",
        "rule-21",
        "rule-22",
        "rule-23",
        "rule-24",
        "rule-25",
        "rule-26",
        "rule-27",
        "rule-28",
        "rule-29",
        "rule-30",
        "rule-31",
        "rule-32",
        "rule-33",
        "rule-34",
        "rule-35",
        "rule-36",
        "rule-37",
        "rule-38",
        "rule-39",
        "rule-40",
        "rule-41",
        "rule-42",
        "rule-43",
        "rule-44",
        "rule-45",
        "rule-46",
        "rule-47",
        "rule-48",
        "rule-49",
        "rule-50",
        "rule-51",
        "rule-52",
        "rule-53",
        "rule-54",
        "rule-55",
        "rule-56",
        "rule-57",
        "rule-58",
        "rule-59",
        "rule-60",
        "rule-61",
        "rule-62",
        "rule-63",
        "rule-64",
        "rule-65",
        "rule-66"
    ],
    "footnote-rules": []
}