{
    "substitutions": {
        "rule-1": [
            {
                "part": null,
                "replacement-node": 0,
                "template-line-number": 21,
                "node-pos": 9
            }
        ],
        "rule-2": [
            {
                "part": null,
                "replacement-node": 3,
                "expression-node": 4,
                "template-line-number": 26,
                "node-pos": 13
            }
        ],
        "rule-3": [
            {
                "part": null,
                "replacement-node": 6,
                "template-line-number": 32,
                "node-pos": 17
            }
        ],
        "rule-4": [
            {
                "part": null,
                "replacement-node": 9,
                "template-line-number": 38,
                "node-pos": 21,
                "html": true
            }
        ],
        "rule-5": [
            {
                "part": null,
                "replacement-node": 12,
                "template-line-number": 50,
                "node-pos": 26,
                "html": true
            }
        ],
        "rule-6": [
            {
                "part": null,
                "replacement-node": 15,
                "template-line-number": 61,
                "node-pos": 31
            }
        ],
        "rule-7": [
            {
                "part": null,
                "replacement-node": 18,
                "expression-node": 19,
                "template-line-number": 66,
                "node-pos": 35
            }
        ],
        "rule-8": [
            {
                "part": null,
                "replacement-node": 21,
                "template-line-number": 71,
                "node-pos": 39
            }
        ],
        "rule-9": [
            {
                "part": null,
                "replacement-node": 24,
                "expression-node": 25,
                "template-line-number": 76,
                "node-pos": 43
            }
        ],
        "rule-10": [
            {
                "part": null,
                "replacement-node": 27,
                "expression-node": 28,
                "template-line-number": 81,
                "node-pos": 47
            }
        ],
        "rule-11": [
            {
                "part": null,
                "replacement-node": 30,
                "template-line-number": 93,
                "node-pos": 53
            }
        ],
        "rule-12": [
            {
                "part": null,
                "replacement-node": 33,
                "template-line-number": 104,
                "node-pos": 58,
                "html": true
            }
        ],
        "rule-13": [
            {
                "part": null,
                "replacement-node": 59,
                "expression-node": 60,
                "template-line-number": 236,
                "node-pos": 103
            }
        ],
        "rule-14": [
            {
                "part": null,
                "replacement-node": 62,
                "template-line-number": 243,
                "node-pos": 107
            }
        ],
        "rule-15": [
            {
                "part": null,
                "replacement-node": 65,
                "template-line-number": 253,
                "node-pos": 111
            }
        ],
        "rule-16": {
            "name": "ColumnHeadings",
            "subs": [
                {
                    "name": "ColumnHeadings",
                    "part": "1",
                    "replacement-node": 38,
                    "template-line-number": 140,
                    "extras": {},
                    "node-pos": 72
                },
                {
                    "name": "ColumnHeadings",
                    "part": "2",
                    "replacement-node": 41,
                    "template-line-number": 148,
                    "extras": {},
                    "node-pos": 76
                },
                {
                    "name": "ColumnHeadings",
                    "part": "3",
                    "replacement-node": 36,
                    "template-line-number": 136,
                    "extras": {},
                    "node-pos": 70
                }
            ]
        },
        "rule-17": {
            "name": "director",
            "subs": [
                {
                    "name": "director",
                    "part": "2",
                    "replacement-node": 47,
                    "expression-node": 48,
                    "template-line-number": 208,
                    "node-pos": 85
                },
                {
                    "name": "director",
                    "part": "3",
                    "replacement-node": 50,
                    "expression-node": 51,
                    "template-line-number": 213,
                    "node-pos": 89
                },
                {
                    "name": "director",
                    "part": "4",
                    "replacement-node": 53,
                    "expression-node": 54,
                    "template-line-number": 218,
                    "node-pos": 93
                },
                {
                    "name": "director",
                    "part": "5",
                    "replacement-node": 56,
                    "expression-node": 57,
                    "template-line-number": 223,
                    "node-pos": 97
                }
            ]
        }
    },
    "line-numbers": {
        "director": [
            {
                "line-number-node": 45,
                "start-number": 1,
                "template-line-number": 205
            }
        ]
    },
    "showifs": {},
    "footnotes": {},
    "standard-rules": [
        "rule-1",
        "rule-2",
        "rule-3",
        "rule-4",
        "rule-5",
        "rule-6",
        "rule-7",
        "rule-8",
        "rule-9",
        "rule-10",
        "rule-11",
        "rule-12",
        "rule-13",
        "rule-14",
        "rule-15",
        "rule-16",
        "rule-17"
    ],
    "footnote-rules": []
}