{
    "substitutions": {
        "rule-2": [
            {
                "part": null,
                "replacement-node": 1,
                "template-line-number": 27,
                "node-pos": 10
            }
        ],
        "rule-3": [
            {
                "part": null,
                "replacement-node": 4,
                "expression-node": 5,
                "template-line-number": 31,
                "node-pos": 14
            }
        ],
        "rule-4": [
            {
                "part": null,
                "replacement-node": 7,
                "template-line-number": 37,
                "node-pos": 18
            }
        ],
        "rule-5": [
            {
                "part": null,
                "replacement-node": 10,
                "template-line-number": 43,
                "node-pos": 22,
                "html": true
            }
        ],
        "rule-6": [
            {
                "part": null,
                "replacement-node": 13,
                "template-line-number": 55,
                "node-pos": 27,
                "html": true
            }
        ],
        "rule-7": [
            {
                "part": null,
                "replacement-node": 16,
                "template-line-number": 66,
                "node-pos": 32
            }
        ],
        "rule-8": [
            {
                "part": null,
                "replacement-node": 19,
                "expression-node": 20,
                "template-line-number": 70,
                "node-pos": 36
            }
        ],
        "rule-9": [
            {
                "part": null,
                "replacement-node": 22,
                "template-line-number": 75,
                "node-pos": 40
            }
        ],
        "rule-10": [
            {
                "part": null,
                "replacement-node": 25,
                "expression-node": 26,
                "template-line-number": 79,
                "node-pos": 44
            }
        ],
        "rule-11": [
            {
                "part": null,
                "replacement-node": 28,
                "expression-node": 29,
                "template-line-number": 84,
                "node-pos": 48
            }
        ],
        "rule-12": [
            {
                "part": null,
                "replacement-node": 31,
                "template-line-number": 94,
                "node-pos": 54
            }
        ],
        "rule-13": [
            {
                "part": null,
                "replacement-node": 34,
                "template-line-number": 105,
                "node-pos": 59,
                "html": true
            }
        ],
        "rule-14": [
            {
                "part": null,
                "replacement-node": 46,
                "template-line-number": 166,
                "node-pos": 91
            }
        ],
        "rule-15": [
            {
                "part": null,
                "replacement-node": 77,
                "template-line-number": 304,
                "node-pos": 144
            }
        ],
        "rule-16": [
            {
                "part": null,
                "replacement-node": 80,
                "expression-node": 81,
                "template-line-number": 324,
                "node-pos": 151
            }
        ],
        "rule-17": [
            {
                "part": null,
                "replacement-node": 83,
                "expression-node": 84,
                "template-line-number": 336,
                "node-pos": 156
            }
        ],
        "rule-18": [
            {
                "part": null,
                "replacement-node": 86,
                "expression-node": 87,
                "template-line-number": 357,
                "node-pos": 161
            }
        ],
        "rule-19": [
            {
                "part": null,
                "replacement-node": 89,
                "template-line-number": 368,
                "node-pos": 167
            }
        ],
        "rule-20": [
            {
                "part": null,
                "replacement-node": 91,
                "template-line-number": 380,
                "node-pos": 170
            }
        ],
        "rule-21": [
            {
                "part": null,
                "replacement-node": 125,
                "template-line-number": 530,
                "node-pos": 226
            }
        ],
        "rule-22": [
            {
                "part": null,
                "replacement-node": 128,
                "expression-node": 129,
                "template-line-number": 554,
                "node-pos": 233
            }
        ],
        "rule-23": [
            {
                "part": null,
                "replacement-node": 131,
                "expression-node": 132,
                "template-line-number": 565,
                "node-pos": 238
            }
        ],
        "rule-24": [
            {
                "part": null,
                "replacement-node": 134,
                "expression-node": 135,
                "template-line-number": 575,
                "node-pos": 242
            }
        ],
        "rule-25": [
            {
                "part": null,
                "replacement-node": 137,
                "expression-node": 138,
                "template-line-number": 585,
                "node-pos": 246
            }
        ],
        "rule-26": [
            {
                "part": null,
                "replacement-node": 140,
                "template-line-number": 596,
                "node-pos": 252
            }
        ],
        "rule-27": [
            {
                "part": null,
                "replacement-node": 142,
                "template-line-number": 612,
                "node-pos": 255
            }
        ],
        "rule-28": [
            {
                "part": null,
                "replacement-node": 173,
                "template-line-number": 767,
                "node-pos": 308
            }
        ],
        "rule-29": [
            {
                "part": null,
                "replacement-node": 176,
                "expression-node": 177,
                "template-line-number": 796,
                "node-pos": 315
            }
        ],
        "rule-30": [
            {
                "part": null,
                "replacement-node": 179,
                "expression-node": 180,
                "template-line-number": 807,
                "node-pos": 320
            }
        ],
        "rule-31": [
            {
                "part": null,
                "replacement-node": 182,
                "expression-node": 183,
                "template-line-number": 827,
                "node-pos": 325
            }
        ],
        "rule-32": [
            {
                "part": null,
                "replacement-node": 185,
                "template-line-number": 838,
                "node-pos": 331
            }
        ],
        "rule-33": [
            {
                "part": null,
                "replacement-node": 187,
                "template-line-number": 858,
                "node-pos": 334
            }
        ],
        "rule-34": [
            {
                "part": null,
                "replacement-node": 218,
                "template-line-number": 1017,
                "node-pos": 387
            }
        ],
        "rule-35": [
            {
                "part": null,
                "replacement-node": 221,
                "expression-node": 222,
                "template-line-number": 1049,
                "node-pos": 394
            }
        ],
        "rule-36": [
            {
                "part": null,
                "replacement-node": 224,
                "expression-node": 225,
                "template-line-number": 1060,
                "node-pos": 399
            }
        ],
        "rule-37": [
            {
                "part": null,
                "replacement-node": 227,
                "expression-node": 228,
                "template-line-number": 1080,
                "node-pos": 404
            }
        ],
        "rule-38": [
            {
                "part": null,
                "replacement-node": 264,
                "expression-node": 265,
                "template-line-number": 1227,
                "node-pos": 461
            }
        ],
        "rule-39": [
            {
                "part": null,
                "replacement-node": 267,
                "expression-node": 268,
                "template-line-number": 1238,
                "node-pos": 466
            }
        ],
        "rule-40": [
            {
                "part": null,
                "replacement-node": 270,
                "expression-node": 271,
                "template-line-number": 1248,
                "node-pos": 470
            }
        ],
        "rule-41": [
            {
                "part": null,
                "replacement-node": 273,
                "expression-node": 274,
                "template-line-number": 1258,
                "node-pos": 474
            }
        ],
        "rule-42": [
            {
                "part": null,
                "replacement-node": 276,
                "expression-node": 277,
                "template-line-number": 1272,
                "node-pos": 481
            }
        ],
        "rule-43": [
            {
                "part": null,
                "replacement-node": 279,
                "template-line-number": 1277,
                "node-pos": 485
            }
        ],
        "rule-44": [
            {
                "part": null,
                "replacement-node": 282,
                "template-line-number": 1286,
                "node-pos": 489
            }
        ],
        "rule-45": {
            "name": "AdvancesLineItems",
            "subs": [
                {
                    "name": "AdvancesLineItems",
                    "part": "10",
                    "replacement-node": 170,
                    "expression-node": 171,
                    "template-line-number": 758,
                    "node-pos": 303
                },
                {
                    "name": "AdvancesLineItems",
                    "part": "2",
                    "replacement-node": 149,
                    "expression-node": 150,
                    "template-line-number": 710,
                    "node-pos": 274
                },
                {
                    "name": "AdvancesLineItems",
                    "part": "3",
                    "replacement-node": 152,
                    "expression-node": 153,
                    "template-line-number": 716,
                    "node-pos": 278
                },
                {
                    "name": "AdvancesLineItems",
                    "part": "4",
                    "replacement-node": 155,
                    "expression-node": 156,
                    "template-line-number": 722,
                    "node-pos": 282
                },
                {
                    "name": "AdvancesLineItems",
                    "part": "5",
                    "replacement-node": 158,
                    "expression-node": 159,
                    "template-line-number": 728,
                    "node-pos": 286
                },
                {
                    "name": "AdvancesLineItems",
                    "part": "6",
                    "replacement-node": 161,
                    "expression-node": 162,
                    "template-line-number": 734,
                    "node-pos": 290
                },
                {
                    "name": "AdvancesLineItems",
                    "part": "7",
                    "replacement-node": 164,
                    "expression-node": 165,
                    "template-line-number": 740,
                    "node-pos": 294
                },
                {
                    "name": "AdvancesLineItems",
                    "part": "9",
                    "replacement-node": 167,
                    "expression-node": 168,
                    "template-line-number": 752,
                    "node-pos": 299
                }
            ]
        },
        "rule-46": {
            "name": "ReacquiredBondsLineItems",
            "subs": [
                {
                    "name": "ReacquiredBondsLineItems",
                    "part": "10",
                    "replacement-node": 122,
                    "expression-node": 123,
                    "template-line-number": 521,
                    "node-pos": 221
                },
                {
                    "name": "ReacquiredBondsLineItems",
                    "part": "2",
                    "replacement-node": 98,
                    "expression-node": 99,
                    "template-line-number": 473,
                    "node-pos": 189
                },
                {
                    "name": "ReacquiredBondsLineItems",
                    "part": "3",
                    "replacement-node": 101,
                    "expression-node": 102,
                    "template-line-number": 479,
                    "node-pos": 193
                },
                {
                    "name": "ReacquiredBondsLineItems",
                    "part": "4",
                    "replacement-node": 104,
                    "expression-node": 105,
                    "template-line-number": 485,
                    "node-pos": 197
                },
                {
                    "name": "ReacquiredBondsLineItems",
                    "part": "5",
                    "replacement-node": 107,
                    "expression-node": 108,
                    "template-line-number": 491,
                    "node-pos": 201
                },
                {
                    "name": "ReacquiredBondsLineItems",
                    "part": "6",
                    "replacement-node": 110,
                    "expression-node": 111,
                    "template-line-number": 497,
                    "node-pos": 205
                },
                {
                    "name": "ReacquiredBondsLineItems",
                    "part": "7",
                    "replacement-node": 113,
                    "expression-node": 114,
                    "template-line-number": 503,
                    "node-pos": 209
                },
                {
                    "name": "ReacquiredBondsLineItems",
                    "part": "8",
                    "replacement-node": 116,
                    "expression-node": 117,
                    "template-line-number": 509,
                    "node-pos": 213
                },
                {
                    "name": "ReacquiredBondsLineItems",
                    "part": "9",
                    "replacement-node": 119,
                    "expression-node": 120,
                    "template-line-number": 515,
                    "node-pos": 217
                }
            ]
        },
        "rule-47": {
            "name": "LongTermDebtHeader",
            "subs": [
                {
                    "name": "LongTermDebtHeader",
                    "part": "1",
                    "replacement-node": 231,
                    "template-line-number": 1100,
                    "extras": {},
                    "node-pos": 411
                }
            ]
        },
        "rule-48": {
            "name": "OtherLongTermDebtLineItems",
            "subs": [
                {
                    "name": "OtherLongTermDebtLineItems",
                    "part": "10",
                    "replacement-node": 215,
                    "expression-node": 216,
                    "template-line-number": 1008,
                    "node-pos": 382
                },
                {
                    "name": "OtherLongTermDebtLineItems",
                    "part": "2",
                    "replacement-node": 194,
                    "expression-node": 195,
                    "template-line-number": 960,
                    "node-pos": 353
                },
                {
                    "name": "OtherLongTermDebtLineItems",
                    "part": "3",
                    "replacement-node": 197,
                    "expression-node": 198,
                    "template-line-number": 966,
                    "node-pos": 357
                },
                {
                    "name": "OtherLongTermDebtLineItems",
                    "part": "4",
                    "replacement-node": 200,
                    "expression-node": 201,
                    "template-line-number": 972,
                    "node-pos": 361
                },
                {
                    "name": "OtherLongTermDebtLineItems",
                    "part": "5",
                    "replacement-node": 203,
                    "expression-node": 204,
                    "template-line-number": 978,
                    "node-pos": 365
                },
                {
                    "name": "OtherLongTermDebtLineItems",
                    "part": "6",
                    "replacement-node": 206,
                    "expression-node": 207,
                    "template-line-number": 984,
                    "node-pos": 369
                },
                {
                    "name": "OtherLongTermDebtLineItems",
                    "part": "7",
                    "replacement-node": 209,
                    "expression-node": 210,
                    "template-line-number": 990,
                    "node-pos": 373
                },
                {
                    "name": "OtherLongTermDebtLineItems",
                    "part": "9",
                    "replacement-node": 212,
                    "expression-node": 213,
                    "template-line-number": 1002,
                    "node-pos": 378
                }
            ]
        },
        "rule-49": {
            "name": "LongTermDebtLineItems",
            "subs": [
                {
                    "name": "LongTermDebtLineItems",
                    "part": "10",
                    "replacement-node": 261,
                    "expression-node": 262,
                    "template-line-number": 1212,
                    "node-pos": 452
                },
                {
                    "name": "LongTermDebtLineItems",
                    "part": "2",
                    "replacement-node": 237,
                    "expression-node": 238,
                    "template-line-number": 1164,
                    "node-pos": 420
                },
                {
                    "name": "LongTermDebtLineItems",
                    "part": "3",
                    "replacement-node": 240,
                    "expression-node": 241,
                    "template-line-number": 1170,
                    "node-pos": 424
                },
                {
                    "name": "LongTermDebtLineItems",
                    "part": "4",
                    "replacement-node": 243,
                    "expression-node": 244,
                    "template-line-number": 1176,
                    "node-pos": 428
                },
                {
                    "name": "LongTermDebtLineItems",
                    "part": "5",
                    "replacement-node": 246,
                    "expression-node": 247,
                    "template-line-number": 1182,
                    "node-pos": 432
                },
                {
                    "name": "LongTermDebtLineItems",
                    "part": "6",
                    "replacement-node": 249,
                    "expression-node": 250,
                    "template-line-number": 1188,
                    "node-pos": 436
                },
                {
                    "name": "LongTermDebtLineItems",
                    "part": "7",
                    "replacement-node": 252,
                    "expression-node": 253,
                    "template-line-number": 1194,
                    "node-pos": 440
                },
                {
                    "name": "LongTermDebtLineItems",
                    "part": "8",
                    "replacement-node": 255,
                    "expression-node": 256,
                    "template-line-number": 1200,
                    "node-pos": 444
                },
                {
                    "name": "LongTermDebtLineItems",
                    "part": "9",
                    "replacement-node": 258,
                    "expression-node": 259,
                    "template-line-number": 1206,
                    "node-pos": 448
                }
            ]
        },
        "rule-50": {
            "name": "BondsLineItems",
            "subs": [
                {
                    "name": "BondsLineItems",
                    "part": "10",
                    "replacement-node": 74,
                    "expression-node": 75,
                    "template-line-number": 295,
                    "node-pos": 139
                },
                {
                    "name": "BondsLineItems",
                    "part": "2",
                    "replacement-node": 53,
                    "expression-node": 54,
                    "template-line-number": 247,
                    "node-pos": 110
                },
                {
                    "name": "BondsLineItems",
                    "part": "3",
                    "replacement-node": 56,
                    "expression-node": 57,
                    "template-line-number": 253,
                    "node-pos": 114
                },
                {
                    "name": "BondsLineItems",
                    "part": "4",
                    "replacement-node": 59,
                    "expression-node": 60,
                    "template-line-number": 259,
                    "node-pos": 118
                },
                {
                    "name": "BondsLineItems",
                    "part": "5",
                    "replacement-node": 62,
                    "expression-node": 63,
                    "template-line-number": 265,
                    "node-pos": 122
                },
                {
                    "name": "BondsLineItems",
                    "part": "6",
                    "replacement-node": 65,
                    "expression-node": 66,
                    "template-line-number": 271,
                    "node-pos": 126
                },
                {
                    "name": "BondsLineItems",
                    "part": "7",
                    "replacement-node": 68,
                    "expression-node": 69,
                    "template-line-number": 277,
                    "node-pos": 130
                },
                {
                    "name": "BondsLineItems",
                    "part": "9",
                    "replacement-node": 71,
                    "expression-node": 72,
                    "template-line-number": 289,
                    "node-pos": 135
                }
            ]
        },
        "rule-51": {
            "name": "LongTermDebtHeadings",
            "subs": [
                {
                    "name": "LongTermDebtHeadings",
                    "part": "1",
                    "replacement-node": 40,
                    "template-line-number": 145,
                    "extras": {},
                    "node-pos": 81,
                    "html": true
                },
                {
                    "name": "LongTermDebtHeadings",
                    "part": "2",
                    "replacement-node": 43,
                    "template-line-number": 154,
                    "extras": {},
                    "node-pos": 85
                },
                {
                    "name": "LongTermDebtHeadings",
                    "part": "3",
                    "replacement-node": 38,
                    "template-line-number": 141,
                    "extras": {},
                    "node-pos": 79
                }
            ]
        }
    },
    "line-numbers": {
        "BondsLineItems": [
            {
                "line-number-node": 50,
                "start-number": 2,
                "template-line-number": 243
            }
        ],
        "ReacquiredBondsLineItems": [
            {
                "line-number-node": 95,
                "start-rule": "rule-52",
                "template-line-number": 459
            }
        ],
        "AdvancesLineItems": [
            {
                "line-number-node": 146,
                "start-rule": "rule-53",
                "template-line-number": 694
            }
        ],
        "OtherLongTermDebtLineItems": [
            {
                "line-number-node": 191,
                "start-rule": "rule-54",
                "template-line-number": 940
            }
        ],
        "LongTermDebtLineItems": [
            {
                "line-number-node": 234,
                "start-number": 1,
                "template-line-number": 1160
            }
        ]
    },
    "showifs": {
        "rule-1": {
            "type": "showif",
            "template-line-number": 17
        }
    },
    "footnotes": {},
    "standard-rules": [
        "rule-2",
        "rule-3",
        "rule-4",
        "rule-5",
        "rule-6",
        "rule-7",
        "rule-8",
        "rule-9",
        "rule-10",
        "rule-11",
        "rule-12",
        "rule-13",
        "rule-14",
        "rule-15",
        "rule-16",
        "rule-17",
        "rule-18",
        "rule-19",
        "rule-20",
        "rule-21",
        "rule-22",
        "rule-23",
        "rule-24",
        "rule-25",
        "rule-26",
        "rule-27",
        "rule-28",
        "rule-29",
        "rule-30",
        "rule-31",
        "rule-32",
        "rule-33",
        "rule-34",
        "rule-35",
        "rule-36",
        "rule-37",
        "rule-38",
        "rule-39",
        "rule-40",
        "rule-41",
        "rule-42",
        "rule-43",
        "rule-44",
        "rule-45",
        "rule-46",
        "rule-47",
        "rule-48",
        "rule-49",
        "rule-50",
        "rule-51"
    ],
    "footnote-rules": []
}