{
    "substitutions": {
        "rule-1": [
            {
                "part": null,
                "replacement-node": 0,
                "template-line-number": 23,
                "node-pos": 10
            }
        ],
        "rule-2": [
            {
                "part": null,
                "replacement-node": 3,
                "expression-node": 4,
                "template-line-number": 28,
                "node-pos": 14
            }
        ],
        "rule-3": [
            {
                "part": null,
                "replacement-node": 6,
                "template-line-number": 34,
                "node-pos": 18
            }
        ],
        "rule-4": [
            {
                "part": null,
                "replacement-node": 9,
                "template-line-number": 40,
                "node-pos": 22,
                "html": true
            }
        ],
        "rule-5": [
            {
                "part": null,
                "replacement-node": 12,
                "template-line-number": 52,
                "node-pos": 27,
                "html": true
            }
        ],
        "rule-6": [
            {
                "part": null,
                "replacement-node": 15,
                "template-line-number": 63,
                "node-pos": 32
            }
        ],
        "rule-7": [
            {
                "part": null,
                "replacement-node": 18,
                "expression-node": 19,
                "template-line-number": 68,
                "node-pos": 36
            }
        ],
        "rule-8": [
            {
                "part": null,
                "replacement-node": 21,
                "template-line-number": 73,
                "node-pos": 40
            }
        ],
        "rule-9": [
            {
                "part": null,
                "replacement-node": 24,
                "expression-node": 25,
                "template-line-number": 78,
                "node-pos": 44
            }
        ],
        "rule-10": [
            {
                "part": null,
                "replacement-node": 27,
                "expression-node": 28,
                "template-line-number": 83,
                "node-pos": 48
            }
        ],
        "rule-11": [
            {
                "part": null,
                "replacement-node": 30,
                "template-line-number": 93,
                "node-pos": 54
            }
        ],
        "rule-12": [
            {
                "part": null,
                "replacement-node": 33,
                "template-line-number": 104,
                "node-pos": 59,
                "html": true
            }
        ],
        "rule-13": [
            {
                "part": null,
                "replacement-node": 62,
                "expression-node": 63,
                "template-line-number": 224,
                "node-pos": 107
            }
        ],
        "rule-14": [
            {
                "part": null,
                "replacement-node": 65,
                "template-line-number": 230,
                "node-pos": 111
            }
        ],
        "rule-15": [
            {
                "part": null,
                "replacement-node": 68,
                "template-line-number": 239,
                "node-pos": 115
            }
        ],
        "rule-16": {
            "name": "BSHeadings",
            "subs": [
                {
                    "name": "BSHeadings",
                    "part": "1",
                    "replacement-node": 36,
                    "template-line-number": 127,
                    "extras": {},
                    "node-pos": 68
                },
                {
                    "name": "BSHeadings",
                    "part": "2",
                    "replacement-node": 39,
                    "template-line-number": 134,
                    "extras": {},
                    "node-pos": 72
                }
            ]
        },
        "rule-17": {
            "name": "BSLineItems",
            "subs": [
                {
                    "name": "BSLineItems",
                    "part": "1",
                    "replacement-node": 43,
                    "template-line-number": 176,
                    "extras": {},
                    "node-pos": 78
                },
                {
                    "name": "BSLineItems",
                    "part": "2",
                    "replacement-node": 50,
                    "template-line-number": 193,
                    "extras": {},
                    "node-pos": 89
                },
                {
                    "name": "BSLineItems",
                    "part": "3",
                    "replacement-node": 46,
                    "template-line-number": 183,
                    "extras": {},
                    "node-pos": 82
                },
                {
                    "name": "BSLineItems",
                    "part": "3",
                    "replacement-node": 54,
                    "template-line-number": 202,
                    "extras": {},
                    "node-pos": 94
                },
                {
                    "name": "BSLineItems",
                    "part": "4",
                    "replacement-node": 56,
                    "expression-node": 57,
                    "template-line-number": 207,
                    "node-pos": 97
                },
                {
                    "name": "BSLineItems",
                    "part": "5",
                    "replacement-node": 59,
                    "expression-node": 60,
                    "template-line-number": 213,
                    "node-pos": 101
                },
                {
                    "name": "BSLineItems",
                    "part": "6",
                    "replacement-node": 48,
                    "template-line-number": 189,
                    "extras": {},
                    "node-pos": 87
                }
            ]
        }
    },
    "line-numbers": {},
    "showifs": {},
    "footnotes": {},
    "standard-rules": [
        "rule-1",
        "rule-2",
        "rule-3",
        "rule-4",
        "rule-5",
        "rule-6",
        "rule-7",
        "rule-8",
        "rule-9",
        "rule-10",
        "rule-11",
        "rule-12",
        "rule-13",
        "rule-14",
        "rule-15",
        "rule-16",
        "rule-17"
    ],
    "footnote-rules": []
}