{
    "substitutions": {
        "rule-2": [
            {
                "part": null,
                "replacement-node": 1,
                "template-line-number": 26,
                "node-pos": 10
            }
        ],
        "rule-3": [
            {
                "part": null,
                "replacement-node": 4,
                "expression-node": 5,
                "template-line-number": 30,
                "node-pos": 14
            }
        ],
        "rule-4": [
            {
                "part": null,
                "replacement-node": 7,
                "template-line-number": 36,
                "node-pos": 18
            }
        ],
        "rule-5": [
            {
                "part": null,
                "replacement-node": 10,
                "template-line-number": 42,
                "node-pos": 22,
                "html": true
            }
        ],
        "rule-6": [
            {
                "part": null,
                "replacement-node": 13,
                "template-line-number": 54,
                "node-pos": 27,
                "html": true
            }
        ],
        "rule-7": [
            {
                "part": null,
                "replacement-node": 16,
                "template-line-number": 65,
                "node-pos": 32
            }
        ],
        "rule-8": [
            {
                "part": null,
                "replacement-node": 19,
                "expression-node": 20,
                "template-line-number": 69,
                "node-pos": 36
            }
        ],
        "rule-9": [
            {
                "part": null,
                "replacement-node": 22,
                "template-line-number": 74,
                "node-pos": 40
            }
        ],
        "rule-10": [
            {
                "part": null,
                "replacement-node": 25,
                "expression-node": 26,
                "template-line-number": 78,
                "node-pos": 44
            }
        ],
        "rule-11": [
            {
                "part": null,
                "replacement-node": 28,
                "expression-node": 29,
                "template-line-number": 83,
                "node-pos": 48
            }
        ],
        "rule-12": [
            {
                "part": null,
                "replacement-node": 31,
                "template-line-number": 93,
                "node-pos": 54
            }
        ],
        "rule-13": [
            {
                "part": null,
                "replacement-node": 34,
                "template-line-number": 104,
                "node-pos": 59,
                "html": true
            }
        ],
        "rule-14": [
            {
                "part": null,
                "replacement-node": 37,
                "expression-node": 38,
                "template-line-number": 119,
                "node-pos": 68,
                "html": true
            }
        ],
        "rule-15": [
            {
                "part": null,
                "replacement-node": 40,
                "template-line-number": 130,
                "node-pos": 73,
                "html": true
            }
        ],
        "rule-16": [
            {
                "part": null,
                "replacement-node": 43,
                "template-line-number": 146,
                "node-pos": 83
            }
        ],
        "rule-17": [
            {
                "part": null,
                "replacement-node": 52,
                "template-line-number": 194,
                "node-pos": 101
            }
        ],
        "rule-18": [
            {
                "part": null,
                "replacement-node": 55,
                "expression-node": 56,
                "template-line-number": 206,
                "node-pos": 107
            }
        ],
        "rule-19": [
            {
                "part": null,
                "replacement-node": 58,
                "expression-node": 59,
                "template-line-number": 215,
                "node-pos": 111
            }
        ],
        "rule-20": [
            {
                "part": null,
                "replacement-node": 61,
                "template-line-number": 231,
                "node-pos": 120
            }
        ],
        "rule-21": [
            {
                "part": null,
                "replacement-node": 64,
                "expression-node": 65,
                "template-line-number": 246,
                "node-pos": 129
            }
        ],
        "rule-22": [
            {
                "part": null,
                "replacement-node": 67,
                "expression-node": 68,
                "template-line-number": 255,
                "node-pos": 133
            }
        ],
        "rule-23": [
            {
                "part": null,
                "replacement-node": 70,
                "template-line-number": 268,
                "node-pos": 139
            }
        ],
        "rule-24": [
            {
                "part": null,
                "replacement-node": 73,
                "expression-node": 74,
                "template-line-number": 280,
                "node-pos": 145
            }
        ],
        "rule-25": [
            {
                "part": null,
                "replacement-node": 76,
                "expression-node": 77,
                "template-line-number": 289,
                "node-pos": 149
            }
        ],
        "rule-26": [
            {
                "part": null,
                "replacement-node": 79,
                "expression-node": 80,
                "template-line-number": 298,
                "node-pos": 153
            }
        ],
        "rule-27": [
            {
                "part": null,
                "replacement-node": 82,
                "expression-node": 83,
                "template-line-number": 307,
                "node-pos": 158
            }
        ],
        "rule-28": [
            {
                "part": null,
                "replacement-node": 85,
                "expression-node": 86,
                "template-line-number": 316,
                "node-pos": 162
            }
        ],
        "rule-29": [
            {
                "part": null,
                "replacement-node": 88,
                "template-line-number": 329,
                "node-pos": 168
            }
        ],
        "rule-30": [
            {
                "part": null,
                "replacement-node": 91,
                "expression-node": 92,
                "template-line-number": 341,
                "node-pos": 174
            }
        ],
        "rule-31": [
            {
                "part": null,
                "replacement-node": 94,
                "expression-node": 95,
                "template-line-number": 350,
                "node-pos": 178
            }
        ],
        "rule-32": [
            {
                "part": null,
                "replacement-node": 97,
                "expression-node": 98,
                "template-line-number": 359,
                "node-pos": 182
            }
        ],
        "rule-33": [
            {
                "part": null,
                "replacement-node": 100,
                "expression-node": 101,
                "template-line-number": 368,
                "node-pos": 187
            }
        ],
        "rule-34": [
            {
                "part": null,
                "replacement-node": 103,
                "expression-node": 104,
                "template-line-number": 377,
                "node-pos": 191
            }
        ],
        "rule-35": [
            {
                "part": null,
                "replacement-node": 106,
                "template-line-number": 390,
                "node-pos": 197
            }
        ],
        "rule-36": [
            {
                "part": null,
                "replacement-node": 109,
                "expression-node": 110,
                "template-line-number": 402,
                "node-pos": 203
            }
        ],
        "rule-37": [
            {
                "part": null,
                "replacement-node": 112,
                "expression-node": 113,
                "template-line-number": 411,
                "node-pos": 207
            }
        ],
        "rule-38": [
            {
                "part": null,
                "replacement-node": 115,
                "expression-node": 116,
                "template-line-number": 420,
                "node-pos": 211
            }
        ],
        "rule-39": [
            {
                "part": null,
                "replacement-node": 118,
                "expression-node": 119,
                "template-line-number": 429,
                "node-pos": 216
            }
        ],
        "rule-40": [
            {
                "part": null,
                "replacement-node": 121,
                "expression-node": 122,
                "template-line-number": 438,
                "node-pos": 220
            }
        ],
        "rule-41": [
            {
                "part": null,
                "replacement-node": 124,
                "template-line-number": 451,
                "node-pos": 226
            }
        ],
        "rule-42": [
            {
                "part": null,
                "replacement-node": 127,
                "expression-node": 128,
                "template-line-number": 463,
                "node-pos": 231
            }
        ],
        "rule-43": [
            {
                "part": null,
                "replacement-node": 130,
                "expression-node": 131,
                "template-line-number": 473,
                "node-pos": 236
            }
        ],
        "rule-44": [
            {
                "part": null,
                "replacement-node": 133,
                "template-line-number": 488,
                "node-pos": 244
            }
        ],
        "rule-45": [
            {
                "part": null,
                "replacement-node": 136,
                "expression-node": 137,
                "template-line-number": 500,
                "node-pos": 250
            }
        ],
        "rule-46": [
            {
                "part": null,
                "replacement-node": 139,
                "expression-node": 140,
                "template-line-number": 509,
                "node-pos": 254
            }
        ],
        "rule-47": [
            {
                "part": null,
                "replacement-node": 142,
                "template-line-number": 524,
                "node-pos": 262
            }
        ],
        "rule-48": [
            {
                "part": null,
                "replacement-node": 145,
                "expression-node": 146,
                "template-line-number": 536,
                "node-pos": 267
            }
        ],
        "rule-49": [
            {
                "part": null,
                "replacement-node": 148,
                "template-line-number": 549,
                "node-pos": 273
            }
        ],
        "rule-50": [
            {
                "part": null,
                "replacement-node": 151,
                "expression-node": 152,
                "template-line-number": 561,
                "node-pos": 278
            }
        ],
        "rule-51": [
            {
                "part": null,
                "replacement-node": 154,
                "template-line-number": 574,
                "node-pos": 284
            }
        ],
        "rule-52": [
            {
                "part": null,
                "replacement-node": 157,
                "template-line-number": 590,
                "node-pos": 292
            }
        ],
        "rule-53": [
            {
                "part": null,
                "replacement-node": 160,
                "expression-node": 161,
                "template-line-number": 602,
                "node-pos": 297
            }
        ],
        "rule-54": [
            {
                "part": null,
                "replacement-node": 163,
                "template-line-number": 615,
                "node-pos": 304
            }
        ],
        "rule-55": [
            {
                "part": null,
                "replacement-node": 166,
                "expression-node": 167,
                "template-line-number": 627,
                "node-pos": 309
            }
        ],
        "rule-56": [
            {
                "part": null,
                "replacement-node": 169,
                "expression-node": 170,
                "template-line-number": 640,
                "node-pos": 315
            }
        ],
        "rule-57": [
            {
                "part": null,
                "replacement-node": 172,
                "template-line-number": 645,
                "node-pos": 319
            }
        ],
        "rule-58": [
            {
                "part": null,
                "replacement-node": 175,
                "template-line-number": 654,
                "node-pos": 323
            }
        ],
        "rule-59": {
            "name": "GDHeadings",
            "subs": [
                {
                    "name": "GDHeadings",
                    "part": "1",
                    "replacement-node": 47,
                    "template-line-number": 175,
                    "extras": {},
                    "node-pos": 92
                },
                {
                    "name": "GDHeadings",
                    "part": "2",
                    "replacement-node": 49,
                    "template-line-number": 182,
                    "extras": {},
                    "node-pos": 95
                }
            ]
        }
    },
    "line-numbers": {},
    "showifs": {
        "rule-1": {
            "type": "showif",
            "template-line-number": 16
        }
    },
    "footnotes": {},
    "standard-rules": [
        "rule-2",
        "rule-3",
        "rule-4",
        "rule-5",
        "rule-6",
        "rule-7",
        "rule-8",
        "rule-9",
        "rule-10",
        "rule-11",
        "rule-12",
        "rule-13",
        "rule-14",
        "rule-15",
        "rule-16",
        "rule-17",
        "rule-18",
        "rule-19",
        "rule-20",
        "rule-21",
        "rule-22",
        "rule-23",
        "rule-24",
        "rule-25",
        "rule-26",
        "rule-27",
        "rule-28",
        "rule-29",
        "rule-30",
        "rule-31",
        "rule-32",
        "rule-33",
        "rule-34",
        "rule-35",
        "rule-36",
        "rule-37",
        "rule-38",
        "rule-39",
        "rule-40",
        "rule-41",
        "rule-42",
        "rule-43",
        "rule-44",
        "rule-45",
        "rule-46",
        "rule-47",
        "rule-48",
        "rule-49",
        "rule-50",
        "rule-51",
        "rule-52",
        "rule-53",
        "rule-54",
        "rule-55",
        "rule-56",
        "rule-57",
        "rule-58",
        "rule-59"
    ],
    "footnote-rules": []
}