{
    "substitutions": {
        "rule-1": [
            {
                "part": null,
                "replacement-node": 0,
                "template-line-number": 21,
                "node-pos": 9
            }
        ],
        "rule-2": [
            {
                "part": null,
                "replacement-node": 3,
                "expression-node": 4,
                "template-line-number": 26,
                "node-pos": 13
            }
        ],
        "rule-3": [
            {
                "part": null,
                "replacement-node": 6,
                "template-line-number": 32,
                "node-pos": 17
            }
        ],
        "rule-4": [
            {
                "part": null,
                "replacement-node": 9,
                "template-line-number": 38,
                "node-pos": 21,
                "html": true
            }
        ],
        "rule-5": [
            {
                "part": null,
                "replacement-node": 12,
                "template-line-number": 50,
                "node-pos": 26,
                "html": true
            }
        ],
        "rule-6": [
            {
                "part": null,
                "replacement-node": 15,
                "template-line-number": 61,
                "node-pos": 31
            }
        ],
        "rule-7": [
            {
                "part": null,
                "replacement-node": 18,
                "expression-node": 19,
                "template-line-number": 66,
                "node-pos": 35
            }
        ],
        "rule-8": [
            {
                "part": null,
                "replacement-node": 21,
                "template-line-number": 71,
                "node-pos": 39
            }
        ],
        "rule-9": [
            {
                "part": null,
                "replacement-node": 24,
                "expression-node": 25,
                "template-line-number": 76,
                "node-pos": 43
            }
        ],
        "rule-10": [
            {
                "part": null,
                "replacement-node": 27,
                "expression-node": 28,
                "template-line-number": 81,
                "node-pos": 47
            }
        ],
        "rule-11": [
            {
                "part": null,
                "replacement-node": 30,
                "template-line-number": 91,
                "node-pos": 53
            }
        ],
        "rule-12": [
            {
                "part": null,
                "replacement-node": 33,
                "template-line-number": 102,
                "node-pos": 58,
                "html": true
            }
        ],
        "rule-13": [
            {
                "part": null,
                "replacement-node": 54,
                "template-line-number": 204,
                "node-pos": 96
            }
        ],
        "rule-14": [
            {
                "part": null,
                "replacement-node": 57,
                "expression-node": 58,
                "template-line-number": 216,
                "node-pos": 101
            }
        ],
        "rule-15": [
            {
                "part": null,
                "replacement-node": 60,
                "expression-node": 61,
                "template-line-number": 228,
                "node-pos": 106,
                "html": true
            }
        ],
        "rule-16": [
            {
                "part": null,
                "replacement-node": 63,
                "expression-node": 64,
                "template-line-number": 242,
                "node-pos": 112
            }
        ],
        "rule-17": [
            {
                "part": null,
                "replacement-node": 66,
                "template-line-number": 247,
                "node-pos": 116
            }
        ],
        "rule-18": [
            {
                "part": null,
                "replacement-node": 69,
                "template-line-number": 256,
                "node-pos": 120
            }
        ],
        "rule-19": {
            "name": "CapitalStockExpense",
            "subs": [
                {
                    "name": "CapitalStockExpense",
                    "part": "2",
                    "replacement-node": 48,
                    "expression-node": 49,
                    "template-line-number": 189,
                    "node-pos": 86
                },
                {
                    "name": "CapitalStockExpense",
                    "part": "3",
                    "replacement-node": 51,
                    "expression-node": 52,
                    "template-line-number": 194,
                    "node-pos": 90
                }
            ]
        },
        "rule-20": {
            "name": "CSHeadings",
            "subs": [
                {
                    "name": "CSHeadings",
                    "part": "1",
                    "replacement-node": 39,
                    "template-line-number": 135,
                    "extras": {},
                    "node-pos": 73,
                    "html": true
                },
                {
                    "name": "CSHeadings",
                    "part": "2",
                    "replacement-node": 42,
                    "template-line-number": 144,
                    "extras": {},
                    "node-pos": 77
                },
                {
                    "name": "CSHeadings",
                    "part": "3",
                    "replacement-node": 37,
                    "template-line-number": 131,
                    "extras": {},
                    "node-pos": 71
                }
            ]
        }
    },
    "line-numbers": {
        "CapitalStockExpense": [
            {
                "line-number-node": 46,
                "start-number": 1,
                "template-line-number": 186
            }
        ]
    },
    "showifs": {},
    "footnotes": {},
    "standard-rules": [
        "rule-1",
        "rule-2",
        "rule-3",
        "rule-4",
        "rule-5",
        "rule-6",
        "rule-7",
        "rule-8",
        "rule-9",
        "rule-10",
        "rule-11",
        "rule-12",
        "rule-13",
        "rule-14",
        "rule-15",
        "rule-16",
        "rule-17",
        "rule-18",
        "rule-19",
        "rule-20"
    ],
    "footnote-rules": []
}