{
    "substitutions": {
        "rule-2": [
            {
                "part": null,
                "replacement-node": 1,
                "template-line-number": 27,
                "node-pos": 10
            }
        ],
        "rule-3": [
            {
                "part": null,
                "replacement-node": 4,
                "expression-node": 5,
                "template-line-number": 32,
                "node-pos": 14
            }
        ],
        "rule-4": [
            {
                "part": null,
                "replacement-node": 7,
                "template-line-number": 38,
                "node-pos": 18
            }
        ],
        "rule-5": [
            {
                "part": null,
                "replacement-node": 10,
                "template-line-number": 44,
                "node-pos": 22,
                "html": true
            }
        ],
        "rule-6": [
            {
                "part": null,
                "replacement-node": 13,
                "template-line-number": 56,
                "node-pos": 27,
                "html": true
            }
        ],
        "rule-7": [
            {
                "part": null,
                "replacement-node": 16,
                "template-line-number": 67,
                "node-pos": 32
            }
        ],
        "rule-8": [
            {
                "part": null,
                "replacement-node": 19,
                "expression-node": 20,
                "template-line-number": 72,
                "node-pos": 36
            }
        ],
        "rule-9": [
            {
                "part": null,
                "replacement-node": 22,
                "template-line-number": 77,
                "node-pos": 40
            }
        ],
        "rule-10": [
            {
                "part": null,
                "replacement-node": 25,
                "expression-node": 26,
                "template-line-number": 82,
                "node-pos": 45
            }
        ],
        "rule-11": [
            {
                "part": null,
                "replacement-node": 28,
                "expression-node": 29,
                "template-line-number": 87,
                "node-pos": 49
            }
        ],
        "rule-12": [
            {
                "part": null,
                "replacement-node": 31,
                "template-line-number": 97,
                "node-pos": 55
            }
        ],
        "rule-13": [
            {
                "part": null,
                "replacement-node": 34,
                "template-line-number": 108,
                "node-pos": 60,
                "html": true
            }
        ],
        "rule-14": [
            {
                "part": null,
                "replacement-node": 69,
                "expression-node": 70,
                "template-line-number": 397,
                "node-pos": 117
            }
        ],
        "rule-15": [
            {
                "part": null,
                "replacement-node": 72,
                "template-line-number": 402,
                "node-pos": 121
            }
        ],
        "rule-16": [
            {
                "part": null,
                "replacement-node": 75,
                "template-line-number": 411,
                "node-pos": 125
            }
        ],
        "rule-17": {
            "name": "CFLineItems",
            "subs": [
                {
                    "name": "CFLineItems",
                    "part": "1",
                    "replacement-node": 45,
                    "template-line-number": 337,
                    "extras": {},
                    "node-pos": 84
                },
                {
                    "name": "CFLineItems",
                    "part": "2",
                    "replacement-node": 50,
                    "expression-node": 51,
                    "template-line-number": 350,
                    "node-pos": 92
                },
                {
                    "name": "CFLineItems",
                    "part": "4",
                    "replacement-node": 55,
                    "expression-node": 56,
                    "template-line-number": 361,
                    "node-pos": 98
                },
                {
                    "name": "CFLineItems",
                    "part": "4",
                    "replacement-node": 59,
                    "expression-node": 60,
                    "template-line-number": 372,
                    "node-pos": 103
                },
                {
                    "name": "CFLineItems",
                    "part": "5",
                    "replacement-node": 64,
                    "expression-node": 65,
                    "template-line-number": 382,
                    "node-pos": 109
                },
                {
                    "name": "CFLineItems",
                    "part": "6",
                    "replacement-node": 48,
                    "template-line-number": 344,
                    "extras": {},
                    "node-pos": 90
                }
            ]
        },
        "rule-18": {
            "name": "ISHeadings",
            "subs": [
                {
                    "name": "ISHeadings",
                    "part": "1",
                    "replacement-node": 38,
                    "template-line-number": 137,
                    "extras": {},
                    "node-pos": 74
                },
                {
                    "name": "ISHeadings",
                    "part": "2",
                    "replacement-node": 41,
                    "template-line-number": 144,
                    "extras": {},
                    "node-pos": 78
                }
            ]
        }
    },
    "line-numbers": {},
    "showifs": {
        "rule-1": {
            "type": "showif",
            "template-line-number": 17
        }
    },
    "footnotes": {},
    "standard-rules": [
        "rule-2",
        "rule-3",
        "rule-4",
        "rule-5",
        "rule-6",
        "rule-7",
        "rule-8",
        "rule-9",
        "rule-10",
        "rule-11",
        "rule-12",
        "rule-13",
        "rule-14",
        "rule-15",
        "rule-16",
        "rule-17",
        "rule-18"
    ],
    "footnote-rules": []
}