{
    "substitutions": {
        "rule-2": [
            {
                "part": null,
                "replacement-node": 1,
                "template-line-number": 27,
                "node-pos": 10
            }
        ],
        "rule-3": [
            {
                "part": null,
                "replacement-node": 4,
                "expression-node": 5,
                "template-line-number": 31,
                "node-pos": 14
            }
        ],
        "rule-4": [
            {
                "part": null,
                "replacement-node": 7,
                "template-line-number": 37,
                "node-pos": 18
            }
        ],
        "rule-5": [
            {
                "part": null,
                "replacement-node": 10,
                "template-line-number": 43,
                "node-pos": 22,
                "html": true
            }
        ],
        "rule-6": [
            {
                "part": null,
                "replacement-node": 13,
                "template-line-number": 55,
                "node-pos": 27,
                "html": true
            }
        ],
        "rule-7": [
            {
                "part": null,
                "replacement-node": 16,
                "template-line-number": 66,
                "node-pos": 32
            }
        ],
        "rule-8": [
            {
                "part": null,
                "replacement-node": 19,
                "expression-node": 20,
                "template-line-number": 70,
                "node-pos": 36
            }
        ],
        "rule-9": [
            {
                "part": null,
                "replacement-node": 22,
                "template-line-number": 75,
                "node-pos": 40
            }
        ],
        "rule-10": [
            {
                "part": null,
                "replacement-node": 25,
                "expression-node": 26,
                "template-line-number": 79,
                "node-pos": 44
            }
        ],
        "rule-11": [
            {
                "part": null,
                "replacement-node": 28,
                "expression-node": 29,
                "template-line-number": 84,
                "node-pos": 48
            }
        ],
        "rule-12": [
            {
                "part": null,
                "replacement-node": 31,
                "template-line-number": 94,
                "node-pos": 54
            }
        ],
        "rule-13": [
            {
                "part": null,
                "replacement-node": 34,
                "template-line-number": 105,
                "node-pos": 59,
                "html": true
            }
        ],
        "rule-14": [
            {
                "part": null,
                "replacement-node": 44,
                "template-line-number": 150,
                "node-pos": 80
            }
        ],
        "rule-15": [
            {
                "part": null,
                "replacement-node": 47,
                "expression-node": 48,
                "template-line-number": 162,
                "node-pos": 85
            }
        ],
        "rule-16": [
            {
                "part": null,
                "replacement-node": 50,
                "template-line-number": 175,
                "node-pos": 91
            }
        ],
        "rule-17": [
            {
                "part": null,
                "replacement-node": 53,
                "template-line-number": 202,
                "node-pos": 103
            }
        ],
        "rule-18": [
            {
                "part": null,
                "replacement-node": 67,
                "template-line-number": 275,
                "node-pos": 126
            }
        ],
        "rule-19": [
            {
                "part": null,
                "replacement-node": 70,
                "expression-node": 71,
                "template-line-number": 287,
                "node-pos": 131
            }
        ],
        "rule-20": [
            {
                "part": null,
                "replacement-node": 73,
                "template-line-number": 301,
                "node-pos": 137
            }
        ],
        "rule-21": [
            {
                "part": null,
                "replacement-node": 87,
                "template-line-number": 373,
                "node-pos": 160
            }
        ],
        "rule-22": [
            {
                "part": null,
                "replacement-node": 90,
                "expression-node": 91,
                "template-line-number": 385,
                "node-pos": 165
            }
        ],
        "rule-23": [
            {
                "part": null,
                "replacement-node": 93,
                "template-line-number": 401,
                "node-pos": 171
            }
        ],
        "rule-24": [
            {
                "part": null,
                "replacement-node": 107,
                "template-line-number": 473,
                "node-pos": 194
            }
        ],
        "rule-25": [
            {
                "part": null,
                "replacement-node": 110,
                "expression-node": 111,
                "template-line-number": 485,
                "node-pos": 199
            }
        ],
        "rule-26": [
            {
                "part": null,
                "replacement-node": 113,
                "template-line-number": 501,
                "node-pos": 205
            }
        ],
        "rule-27": [
            {
                "part": null,
                "replacement-node": 127,
                "template-line-number": 573,
                "node-pos": 228
            }
        ],
        "rule-28": [
            {
                "part": null,
                "replacement-node": 130,
                "expression-node": 131,
                "template-line-number": 585,
                "node-pos": 233
            }
        ],
        "rule-29": [
            {
                "part": null,
                "replacement-node": 133,
                "template-line-number": 599,
                "node-pos": 239
            }
        ],
        "rule-30": [
            {
                "part": null,
                "replacement-node": 136,
                "expression-node": 137,
                "template-line-number": 611,
                "node-pos": 244
            }
        ],
        "rule-31": [
            {
                "part": null,
                "replacement-node": 139,
                "template-line-number": 625,
                "node-pos": 250
            }
        ],
        "rule-32": [
            {
                "part": null,
                "replacement-node": 153,
                "expression-node": 154,
                "template-line-number": 697,
                "node-pos": 273
            }
        ],
        "rule-33": [
            {
                "part": null,
                "replacement-node": 156,
                "template-line-number": 702,
                "node-pos": 277
            }
        ],
        "rule-34": [
            {
                "part": null,
                "replacement-node": 159,
                "template-line-number": 711,
                "node-pos": 281
            }
        ],
        "rule-35": {
            "name": "TaxableIncomeLineItems",
            "subs": [
                {
                    "name": "TaxableIncomeLineItems",
                    "part": "2",
                    "replacement-node": 60,
                    "expression-node": 61,
                    "template-line-number": 253,
                    "node-pos": 115
                },
                {
                    "name": "TaxableIncomeLineItems",
                    "part": "4",
                    "replacement-node": 64,
                    "expression-node": 65,
                    "template-line-number": 264,
                    "node-pos": 120
                }
            ]
        },
        "rule-36": {
            "name": "TaxableIncomeLineItems5",
            "subs": [
                {
                    "name": "TaxableIncomeLineItems5",
                    "part": "2",
                    "replacement-node": 146,
                    "expression-node": 147,
                    "template-line-number": 675,
                    "node-pos": 262
                },
                {
                    "name": "TaxableIncomeLineItems5",
                    "part": "4",
                    "replacement-node": 150,
                    "expression-node": 151,
                    "template-line-number": 686,
                    "node-pos": 267
                }
            ]
        },
        "rule-37": {
            "name": "Headings",
            "subs": [
                {
                    "name": "Headings",
                    "part": "1",
                    "replacement-node": 38,
                    "template-line-number": 131,
                    "extras": {},
                    "node-pos": 70
                },
                {
                    "name": "Headings",
                    "part": "2",
                    "replacement-node": 41,
                    "template-line-number": 138,
                    "extras": {},
                    "node-pos": 74
                }
            ]
        },
        "rule-38": {
            "name": "TaxableIncomeLineItems3",
            "subs": [
                {
                    "name": "TaxableIncomeLineItems3",
                    "part": "2",
                    "replacement-node": 100,
                    "expression-node": 101,
                    "template-line-number": 451,
                    "node-pos": 183
                },
                {
                    "name": "TaxableIncomeLineItems3",
                    "part": "4",
                    "replacement-node": 104,
                    "expression-node": 105,
                    "template-line-number": 462,
                    "node-pos": 188
                }
            ]
        },
        "rule-39": {
            "name": "TaxableIncomeLineItems4",
            "subs": [
                {
                    "name": "TaxableIncomeLineItems4",
                    "part": "2",
                    "replacement-node": 120,
                    "expression-node": 121,
                    "template-line-number": 551,
                    "node-pos": 217
                },
                {
                    "name": "TaxableIncomeLineItems4",
                    "part": "4",
                    "replacement-node": 124,
                    "expression-node": 125,
                    "template-line-number": 562,
                    "node-pos": 222
                }
            ]
        },
        "rule-40": {
            "name": "TaxableIncomeLineItems2",
            "subs": [
                {
                    "name": "TaxableIncomeLineItems2",
                    "part": "2",
                    "replacement-node": 80,
                    "expression-node": 81,
                    "template-line-number": 351,
                    "node-pos": 149
                },
                {
                    "name": "TaxableIncomeLineItems2",
                    "part": "4",
                    "replacement-node": 84,
                    "expression-node": 85,
                    "template-line-number": 362,
                    "node-pos": 154
                }
            ]
        }
    },
    "line-numbers": {
        "TaxableIncomeLineItems": [
            {
                "line-number-node": 57,
                "start-number": 5,
                "template-line-number": 250
            }
        ],
        "TaxableIncomeLineItems2": [
            {
                "line-number-node": 77,
                "start-number": 10,
                "template-line-number": 348
            }
        ],
        "TaxableIncomeLineItems3": [
            {
                "line-number-node": 97,
                "start-number": 15,
                "template-line-number": 448
            }
        ],
        "TaxableIncomeLineItems4": [
            {
                "line-number-node": 117,
                "start-number": 20,
                "template-line-number": 548
            }
        ],
        "TaxableIncomeLineItems5": [
            {
                "line-number-node": 143,
                "start-number": 29,
                "template-line-number": 672
            }
        ]
    },
    "showifs": {
        "rule-1": {
            "type": "showif",
            "template-line-number": 17
        }
    },
    "footnotes": {},
    "standard-rules": [
        "rule-2",
        "rule-3",
        "rule-4",
        "rule-5",
        "rule-6",
        "rule-7",
        "rule-8",
        "rule-9",
        "rule-10",
        "rule-11",
        "rule-12",
        "rule-13",
        "rule-14",
        "rule-15",
        "rule-16",
        "rule-17",
        "rule-18",
        "rule-19",
        "rule-20",
        "rule-21",
        "rule-22",
        "rule-23",
        "rule-24",
        "rule-25",
        "rule-26",
        "rule-27",
        "rule-28",
        "rule-29",
        "rule-30",
        "rule-31",
        "rule-32",
        "rule-33",
        "rule-34",
        "rule-35",
        "rule-36",
        "rule-37",
        "rule-38",
        "rule-39",
        "rule-40"
    ],
    "footnote-rules": []
}