{
    "substitutions": {
        "rule-2": [
            {
                "part": null,
                "replacement-node": 1,
                "template-line-number": 27,
                "node-pos": 10
            }
        ],
        "rule-3": [
            {
                "part": null,
                "replacement-node": 4,
                "expression-node": 5,
                "template-line-number": 33,
                "node-pos": 14
            }
        ],
        "rule-4": [
            {
                "part": null,
                "replacement-node": 7,
                "template-line-number": 39,
                "node-pos": 18
            }
        ],
        "rule-5": [
            {
                "part": null,
                "replacement-node": 10,
                "template-line-number": 45,
                "node-pos": 22,
                "html": true
            }
        ],
        "rule-6": [
            {
                "part": null,
                "replacement-node": 13,
                "template-line-number": 57,
                "node-pos": 27,
                "html": true
            }
        ],
        "rule-7": [
            {
                "part": null,
                "replacement-node": 16,
                "template-line-number": 68,
                "node-pos": 32
            }
        ],
        "rule-8": [
            {
                "part": null,
                "replacement-node": 19,
                "expression-node": 20,
                "template-line-number": 73,
                "node-pos": 36
            }
        ],
        "rule-9": [
            {
                "part": null,
                "replacement-node": 22,
                "template-line-number": 78,
                "node-pos": 40
            }
        ],
        "rule-10": [
            {
                "part": null,
                "replacement-node": 25,
                "expression-node": 26,
                "template-line-number": 83,
                "node-pos": 44
            }
        ],
        "rule-11": [
            {
                "part": null,
                "replacement-node": 28,
                "expression-node": 29,
                "template-line-number": 88,
                "node-pos": 48
            }
        ],
        "rule-12": [
            {
                "part": null,
                "replacement-node": 31,
                "template-line-number": 99,
                "node-pos": 54
            }
        ],
        "rule-13": [
            {
                "part": null,
                "replacement-node": 34,
                "template-line-number": 109,
                "node-pos": 59,
                "html": true
            }
        ],
        "rule-14": [
            {
                "part": null,
                "replacement-node": 61,
                "expression-node": 62,
                "template-line-number": 229,
                "node-pos": 106
            }
        ],
        "rule-15": [
            {
                "part": null,
                "replacement-node": 64,
                "template-line-number": 234,
                "node-pos": 110
            }
        ],
        "rule-16": [
            {
                "part": null,
                "replacement-node": 67,
                "template-line-number": 243,
                "node-pos": 114
            }
        ],
        "rule-17": {
            "name": "Heading",
            "subs": [
                {
                    "name": "Heading",
                    "part": "1",
                    "replacement-node": 40,
                    "template-line-number": 143,
                    "extras": {},
                    "node-pos": 75
                },
                {
                    "name": "Heading",
                    "part": "2",
                    "replacement-node": 43,
                    "template-line-number": 152,
                    "extras": {},
                    "node-pos": 79
                },
                {
                    "name": "Heading",
                    "part": "3",
                    "replacement-node": 38,
                    "template-line-number": 139,
                    "extras": {},
                    "node-pos": 73
                }
            ]
        },
        "rule-18": {
            "name": "ControlRespondent",
            "subs": [
                {
                    "name": "ControlRespondent",
                    "part": "2",
                    "replacement-node": 49,
                    "expression-node": 50,
                    "template-line-number": 202,
                    "node-pos": 88
                },
                {
                    "name": "ControlRespondent",
                    "part": "3",
                    "replacement-node": 52,
                    "expression-node": 53,
                    "template-line-number": 207,
                    "node-pos": 92
                },
                {
                    "name": "ControlRespondent",
                    "part": "4",
                    "replacement-node": 55,
                    "expression-node": 56,
                    "template-line-number": 212,
                    "node-pos": 96
                },
                {
                    "name": "ControlRespondent",
                    "part": "5",
                    "replacement-node": 58,
                    "expression-node": 59,
                    "template-line-number": 217,
                    "node-pos": 100
                }
            ]
        }
    },
    "line-numbers": {
        "ControlRespondent": [
            {
                "line-number-node": 47,
                "start-number": 1,
                "template-line-number": 199
            }
        ]
    },
    "showifs": {
        "rule-1": {
            "type": "showif",
            "template-line-number": 17
        }
    },
    "footnotes": {},
    "standard-rules": [
        "rule-2",
        "rule-3",
        "rule-4",
        "rule-5",
        "rule-6",
        "rule-7",
        "rule-8",
        "rule-9",
        "rule-10",
        "rule-11",
        "rule-12",
        "rule-13",
        "rule-14",
        "rule-15",
        "rule-16",
        "rule-17",
        "rule-18"
    ],
    "footnote-rules": []
}