{
    "substitutions": {
        "rule-1": [
            {
                "part": null,
                "replacement-node": 0,
                "template-line-number": 21,
                "node-pos": 9
            }
        ],
        "rule-2": [
            {
                "part": null,
                "replacement-node": 3,
                "expression-node": 4,
                "template-line-number": 26,
                "node-pos": 13
            }
        ],
        "rule-3": [
            {
                "part": null,
                "replacement-node": 6,
                "template-line-number": 32,
                "node-pos": 17
            }
        ],
        "rule-4": [
            {
                "part": null,
                "replacement-node": 9,
                "template-line-number": 38,
                "node-pos": 21,
                "html": true
            }
        ],
        "rule-5": [
            {
                "part": null,
                "replacement-node": 12,
                "template-line-number": 50,
                "node-pos": 26,
                "html": true
            }
        ],
        "rule-6": [
            {
                "part": null,
                "replacement-node": 15,
                "template-line-number": 61,
                "node-pos": 31
            }
        ],
        "rule-7": [
            {
                "part": null,
                "replacement-node": 18,
                "expression-node": 19,
                "template-line-number": 66,
                "node-pos": 35
            }
        ],
        "rule-8": [
            {
                "part": null,
                "replacement-node": 21,
                "template-line-number": 71,
                "node-pos": 39
            }
        ],
        "rule-9": [
            {
                "part": null,
                "replacement-node": 24,
                "expression-node": 25,
                "template-line-number": 76,
                "node-pos": 43
            }
        ],
        "rule-10": [
            {
                "part": null,
                "replacement-node": 27,
                "expression-node": 28,
                "template-line-number": 81,
                "node-pos": 47
            }
        ],
        "rule-11": [
            {
                "part": null,
                "replacement-node": 30,
                "template-line-number": 91,
                "node-pos": 53,
                "html": true
            }
        ],
        "rule-12": [
            {
                "part": null,
                "replacement-node": 33,
                "template-line-number": 103,
                "node-pos": 58,
                "html": true
            }
        ],
        "rule-13": [
            {
                "part": null,
                "replacement-node": 43,
                "template-line-number": 152,
                "node-pos": 80
            }
        ],
        "rule-14": [
            {
                "part": null,
                "replacement-node": 61,
                "template-line-number": 243,
                "node-pos": 111
            }
        ],
        "rule-15": [
            {
                "part": null,
                "replacement-node": 64,
                "expression-node": 65,
                "template-line-number": 257,
                "node-pos": 118
            }
        ],
        "rule-16": [
            {
                "part": null,
                "replacement-node": 67,
                "template-line-number": 270,
                "node-pos": 124
            }
        ],
        "rule-17": [
            {
                "part": null,
                "replacement-node": 85,
                "template-line-number": 361,
                "node-pos": 155
            }
        ],
        "rule-18": [
            {
                "part": null,
                "replacement-node": 88,
                "expression-node": 89,
                "template-line-number": 375,
                "node-pos": 162
            }
        ],
        "rule-19": [
            {
                "part": null,
                "replacement-node": 91,
                "expression-node": 92,
                "template-line-number": 389,
                "node-pos": 168
            }
        ],
        "rule-20": [
            {
                "part": null,
                "replacement-node": 94,
                "template-line-number": 396,
                "node-pos": 172
            }
        ],
        "rule-21": [
            {
                "part": null,
                "replacement-node": 97,
                "template-line-number": 406,
                "node-pos": 176
            }
        ],
        "rule-22": {
            "name": "ColumnHeadings",
            "subs": [
                {
                    "name": "ColumnHeadings",
                    "part": "1",
                    "replacement-node": 37,
                    "template-line-number": 133,
                    "extras": {},
                    "node-pos": 70
                },
                {
                    "name": "ColumnHeadings",
                    "part": "2",
                    "replacement-node": 40,
                    "template-line-number": 140,
                    "extras": {},
                    "node-pos": 74
                }
            ]
        },
        "rule-23": {
            "name": "Transactions",
            "subs": [
                {
                    "name": "Transactions",
                    "part": "2",
                    "replacement-node": 49,
                    "expression-node": 50,
                    "template-line-number": 217,
                    "node-pos": 93
                },
                {
                    "name": "Transactions",
                    "part": "3",
                    "replacement-node": 52,
                    "expression-node": 53,
                    "template-line-number": 222,
                    "node-pos": 97
                },
                {
                    "name": "Transactions",
                    "part": "4",
                    "replacement-node": 55,
                    "expression-node": 56,
                    "template-line-number": 227,
                    "node-pos": 101
                },
                {
                    "name": "Transactions",
                    "part": "5",
                    "replacement-node": 58,
                    "expression-node": 59,
                    "template-line-number": 232,
                    "node-pos": 105
                }
            ]
        },
        "rule-24": {
            "name": "Transactions2",
            "subs": [
                {
                    "name": "Transactions2",
                    "part": "2",
                    "replacement-node": 73,
                    "expression-node": 74,
                    "template-line-number": 335,
                    "node-pos": 137
                },
                {
                    "name": "Transactions2",
                    "part": "3",
                    "replacement-node": 76,
                    "expression-node": 77,
                    "template-line-number": 340,
                    "node-pos": 141
                },
                {
                    "name": "Transactions2",
                    "part": "4",
                    "replacement-node": 79,
                    "expression-node": 80,
                    "template-line-number": 345,
                    "node-pos": 145
                },
                {
                    "name": "Transactions2",
                    "part": "5",
                    "replacement-node": 82,
                    "expression-node": 83,
                    "template-line-number": 350,
                    "node-pos": 149
                }
            ]
        }
    },
    "line-numbers": {
        "Transactions": [
            {
                "line-number-node": 47,
                "start-number": 2,
                "template-line-number": 213
            }
        ],
        "Transactions2": [
            {
                "line-number-node": 71,
                "start-number": 21,
                "template-line-number": 331
            }
        ]
    },
    "showifs": {},
    "footnotes": {},
    "standard-rules": [
        "rule-1",
        "rule-2",
        "rule-3",
        "rule-4",
        "rule-5",
        "rule-6",
        "rule-7",
        "rule-8",
        "rule-9",
        "rule-10",
        "rule-11",
        "rule-12",
        "rule-13",
        "rule-14",
        "rule-15",
        "rule-16",
        "rule-17",
        "rule-18",
        "rule-19",
        "rule-20",
        "rule-21",
        "rule-22",
        "rule-23",
        "rule-24"
    ],
    "footnote-rules": []
}