{
    "substitutions": {
        "rule-1": [
            {
                "part": null,
                "replacement-node": 0,
                "template-line-number": 23,
                "node-pos": 10
            }
        ],
        "rule-2": [
            {
                "part": null,
                "replacement-node": 3,
                "expression-node": 4,
                "template-line-number": 28,
                "node-pos": 14
            }
        ],
        "rule-3": [
            {
                "part": null,
                "replacement-node": 6,
                "template-line-number": 34,
                "node-pos": 18
            }
        ],
        "rule-4": [
            {
                "part": null,
                "replacement-node": 9,
                "template-line-number": 40,
                "node-pos": 22,
                "html": true
            }
        ],
        "rule-5": [
            {
                "part": null,
                "replacement-node": 12,
                "template-line-number": 52,
                "node-pos": 27,
                "html": true
            }
        ],
        "rule-6": [
            {
                "part": null,
                "replacement-node": 15,
                "template-line-number": 63,
                "node-pos": 32
            }
        ],
        "rule-7": [
            {
                "part": null,
                "replacement-node": 18,
                "expression-node": 19,
                "template-line-number": 68,
                "node-pos": 36
            }
        ],
        "rule-8": [
            {
                "part": null,
                "replacement-node": 21,
                "template-line-number": 73,
                "node-pos": 40
            }
        ],
        "rule-9": [
            {
                "part": null,
                "replacement-node": 24,
                "expression-node": 25,
                "template-line-number": 78,
                "node-pos": 44
            }
        ],
        "rule-10": [
            {
                "part": null,
                "replacement-node": 27,
                "expression-node": 28,
                "template-line-number": 83,
                "node-pos": 48
            }
        ],
        "rule-11": [
            {
                "part": null,
                "replacement-node": 30,
                "template-line-number": 93,
                "node-pos": 54
            }
        ],
        "rule-12": [
            {
                "part": null,
                "replacement-node": 33,
                "template-line-number": 104,
                "node-pos": 59,
                "html": true
            }
        ],
        "rule-13": [
            {
                "part": null,
                "replacement-node": 61,
                "template-line-number": 248,
                "node-pos": 107
            }
        ],
        "rule-14": [
            {
                "part": null,
                "replacement-node": 64,
                "template-line-number": 260,
                "node-pos": 112
            }
        ],
        "rule-15": [
            {
                "part": null,
                "replacement-node": 85,
                "template-line-number": 366,
                "node-pos": 152
            }
        ],
        "rule-16": [
            {
                "part": null,
                "replacement-node": 88,
                "expression-node": 89,
                "template-line-number": 378,
                "node-pos": 157
            }
        ],
        "rule-17": [
            {
                "part": null,
                "replacement-node": 91,
                "expression-node": 92,
                "template-line-number": 387,
                "node-pos": 161
            }
        ],
        "rule-18": [
            {
                "part": null,
                "replacement-node": 94,
                "expression-node": 95,
                "template-line-number": 397,
                "node-pos": 166
            }
        ],
        "rule-19": [
            {
                "part": null,
                "replacement-node": 97,
                "expression-node": 98,
                "template-line-number": 406,
                "node-pos": 170
            }
        ],
        "rule-20": [
            {
                "part": null,
                "replacement-node": 100,
                "template-line-number": 420,
                "node-pos": 177
            }
        ],
        "rule-21": [
            {
                "part": null,
                "replacement-node": 103,
                "expression-node": 104,
                "template-line-number": 432,
                "node-pos": 182
            }
        ],
        "rule-22": [
            {
                "part": null,
                "replacement-node": 106,
                "expression-node": 107,
                "template-line-number": 441,
                "node-pos": 186
            }
        ],
        "rule-23": [
            {
                "part": null,
                "replacement-node": 109,
                "expression-node": 110,
                "template-line-number": 451,
                "node-pos": 191
            }
        ],
        "rule-24": [
            {
                "part": null,
                "replacement-node": 112,
                "expression-node": 113,
                "template-line-number": 460,
                "node-pos": 195
            }
        ],
        "rule-25": [
            {
                "part": null,
                "replacement-node": 115,
                "expression-node": 116,
                "template-line-number": 473,
                "node-pos": 201
            }
        ],
        "rule-26": [
            {
                "part": null,
                "replacement-node": 118,
                "template-line-number": 479,
                "node-pos": 205
            }
        ],
        "rule-27": [
            {
                "part": null,
                "replacement-node": 121,
                "template-line-number": 488,
                "node-pos": 209
            }
        ],
        "rule-28": {
            "name": "ServiceCompanyLineItems",
            "subs": [
                {
                    "name": "ServiceCompanyLineItems",
                    "part": "1",
                    "replacement-node": 47,
                    "template-line-number": 202,
                    "extras": {},
                    "node-pos": 84
                },
                {
                    "name": "ServiceCompanyLineItems",
                    "part": "2",
                    "replacement-node": 49,
                    "template-line-number": 207,
                    "extras": {},
                    "node-pos": 87
                },
                {
                    "name": "ServiceCompanyLineItems",
                    "part": "3",
                    "replacement-node": 51,
                    "expression-node": 52,
                    "template-line-number": 213,
                    "node-pos": 90
                },
                {
                    "name": "ServiceCompanyLineItems",
                    "part": "4",
                    "replacement-node": 53,
                    "expression-node": 54,
                    "template-line-number": 219,
                    "node-pos": 93
                },
                {
                    "name": "ServiceCompanyLineItems",
                    "part": "5",
                    "replacement-node": 55,
                    "expression-node": 56,
                    "template-line-number": 225,
                    "node-pos": 96
                },
                {
                    "name": "ServiceCompanyLineItems",
                    "part": "6",
                    "replacement-node": 57,
                    "expression-node": 58,
                    "template-line-number": 231,
                    "node-pos": 99
                },
                {
                    "name": "ServiceCompanyLineItems",
                    "part": "7",
                    "replacement-node": 59,
                    "expression-node": 60,
                    "template-line-number": 237,
                    "node-pos": 102
                }
            ]
        },
        "rule-29": {
            "name": "ScheduleAccumulatedProvisionforDepreciationandAmortizationofServiceCompanyProperty",
            "subs": [
                {
                    "name": "ScheduleAccumulatedProvisionforDepreciationandAmortizationofServiceCompanyProperty",
                    "part": "1",
                    "replacement-node": 37,
                    "template-line-number": 131,
                    "extras": {},
                    "node-pos": 70
                },
                {
                    "name": "ScheduleAccumulatedProvisionforDepreciationandAmortizationofServiceCompanyProperty",
                    "part": "2",
                    "replacement-node": 40,
                    "template-line-number": 138,
                    "extras": {},
                    "node-pos": 74
                }
            ]
        },
        "rule-30": {
            "name": "Transactions2",
            "subs": [
                {
                    "name": "Transactions2",
                    "part": "2",
                    "replacement-node": 70,
                    "expression-node": 71,
                    "template-line-number": 332,
                    "node-pos": 128
                },
                {
                    "name": "Transactions2",
                    "part": "3",
                    "replacement-node": 73,
                    "expression-node": 74,
                    "template-line-number": 338,
                    "node-pos": 132
                },
                {
                    "name": "Transactions2",
                    "part": "4",
                    "replacement-node": 76,
                    "expression-node": 77,
                    "template-line-number": 343,
                    "node-pos": 136
                },
                {
                    "name": "Transactions2",
                    "part": "5",
                    "replacement-node": 79,
                    "expression-node": 80,
                    "template-line-number": 349,
                    "node-pos": 141
                },
                {
                    "name": "Transactions2",
                    "part": "6",
                    "replacement-node": 82,
                    "expression-node": 83,
                    "template-line-number": 354,
                    "node-pos": 145
                }
            ]
        }
    },
    "line-numbers": {
        "ServiceCompanyLineItems": [
            {
                "line-number-node": 44,
                "start-number": 1,
                "template-line-number": 195
            }
        ],
        "Transactions2": [
            {
                "line-number-node": 68,
                "start-number": 18,
                "template-line-number": 327
            }
        ]
    },
    "showifs": {},
    "footnotes": {},
    "standard-rules": [
        "rule-1",
        "rule-2",
        "rule-3",
        "rule-4",
        "rule-5",
        "rule-6",
        "rule-7",
        "rule-8",
        "rule-9",
        "rule-10",
        "rule-11",
        "rule-12",
        "rule-13",
        "rule-14",
        "rule-15",
        "rule-16",
        "rule-17",
        "rule-18",
        "rule-19",
        "rule-20",
        "rule-21",
        "rule-22",
        "rule-23",
        "rule-24",
        "rule-25",
        "rule-26",
        "rule-27",
        "rule-28",
        "rule-29",
        "rule-30"
    ],
    "footnote-rules": []
}