{
    "substitutions": {
        "rule-1": [
            {
                "part": null,
                "replacement-node": 0,
                "template-line-number": 21,
                "node-pos": 9
            }
        ],
        "rule-2": [
            {
                "part": null,
                "replacement-node": 3,
                "expression-node": 4,
                "template-line-number": 26,
                "node-pos": 13
            }
        ],
        "rule-3": [
            {
                "part": null,
                "replacement-node": 6,
                "template-line-number": 32,
                "node-pos": 17
            }
        ],
        "rule-4": [
            {
                "part": null,
                "replacement-node": 9,
                "template-line-number": 38,
                "node-pos": 21,
                "html": true
            }
        ],
        "rule-5": [
            {
                "part": null,
                "replacement-node": 12,
                "template-line-number": 50,
                "node-pos": 26,
                "html": true
            }
        ],
        "rule-6": [
            {
                "part": null,
                "replacement-node": 15,
                "template-line-number": 61,
                "node-pos": 31
            }
        ],
        "rule-7": [
            {
                "part": null,
                "replacement-node": 18,
                "expression-node": 19,
                "template-line-number": 66,
                "node-pos": 35
            }
        ],
        "rule-8": [
            {
                "part": null,
                "replacement-node": 21,
                "template-line-number": 71,
                "node-pos": 39
            }
        ],
        "rule-9": [
            {
                "part": null,
                "replacement-node": 24,
                "expression-node": 25,
                "template-line-number": 76,
                "node-pos": 43
            }
        ],
        "rule-10": [
            {
                "part": null,
                "replacement-node": 27,
                "expression-node": 28,
                "template-line-number": 81,
                "node-pos": 47
            }
        ],
        "rule-11": [
            {
                "part": null,
                "replacement-node": 30,
                "template-line-number": 92,
                "node-pos": 53
            }
        ],
        "rule-12": [
            {
                "part": null,
                "replacement-node": 33,
                "template-line-number": 103,
                "node-pos": 58
            }
        ],
        "rule-13": [
            {
                "part": null,
                "replacement-node": 36,
                "expression-node": 37,
                "template-line-number": 113,
                "node-pos": 62
            }
        ],
        "rule-14": [
            {
                "part": null,
                "replacement-node": 39,
                "expression-node": 40,
                "template-line-number": 124,
                "node-pos": 66
            }
        ],
        "rule-15": [
            {
                "part": null,
                "replacement-node": 42,
                "expression-node": 43,
                "template-line-number": 133,
                "node-pos": 70
            }
        ],
        "rule-16": [
            {
                "part": null,
                "replacement-node": 45,
                "expression-node": 46,
                "template-line-number": 142,
                "node-pos": 74
            }
        ],
        "rule-17": [
            {
                "part": null,
                "replacement-node": 48,
                "template-line-number": 155,
                "node-pos": 79
            }
        ],
        "rule-18": [
            {
                "part": null,
                "replacement-node": 51,
                "expression-node": 52,
                "template-line-number": 165,
                "node-pos": 84
            }
        ],
        "rule-19": [
            {
                "part": null,
                "replacement-node": 54,
                "expression-node": 55,
                "template-line-number": 175,
                "node-pos": 88
            }
        ],
        "rule-20": [
            {
                "part": null,
                "replacement-node": 57,
                "expression-node": 58,
                "template-line-number": 185,
                "node-pos": 92
            }
        ],
        "rule-21": [
            {
                "part": null,
                "replacement-node": 60,
                "template-line-number": 196,
                "node-pos": 96
            }
        ],
        "rule-22": [
            {
                "part": null,
                "replacement-node": 63,
                "expression-node": 64,
                "template-line-number": 205,
                "node-pos": 99
            }
        ],
        "rule-23": [
            {
                "part": null,
                "replacement-node": 66,
                "template-line-number": 214,
                "node-pos": 103
            }
        ],
        "rule-24": [
            {
                "part": null,
                "replacement-node": 69,
                "expression-node": 70,
                "template-line-number": 222,
                "node-pos": 106
            }
        ],
        "rule-25": [
            {
                "part": null,
                "replacement-node": 72,
                "template-line-number": 231,
                "node-pos": 110
            }
        ],
        "rule-26": [
            {
                "part": null,
                "replacement-node": 75,
                "template-line-number": 242,
                "node-pos": 115
            }
        ],
        "rule-27": [
            {
                "part": null,
                "replacement-node": 78,
                "expression-node": 79,
                "template-line-number": 253,
                "node-pos": 120
            }
        ],
        "rule-28": [
            {
                "part": null,
                "replacement-node": 81,
                "expression-node": 82,
                "template-line-number": 263,
                "node-pos": 124
            }
        ],
        "rule-29": [
            {
                "part": null,
                "replacement-node": 84,
                "expression-node": 85,
                "template-line-number": 273,
                "node-pos": 128
            }
        ],
        "rule-30": [
            {
                "part": null,
                "replacement-node": 87,
                "expression-node": 88,
                "template-line-number": 283,
                "node-pos": 132
            }
        ],
        "rule-31": [
            {
                "part": null,
                "replacement-node": 90,
                "expression-node": 91,
                "template-line-number": 293,
                "node-pos": 136
            }
        ],
        "rule-32": [
            {
                "part": null,
                "replacement-node": 93,
                "template-line-number": 305,
                "node-pos": 141
            }
        ],
        "rule-33": [
            {
                "part": null,
                "replacement-node": 96,
                "expression-node": 97,
                "template-line-number": 314,
                "node-pos": 145
            }
        ],
        "rule-34": [
            {
                "part": null,
                "replacement-node": 99,
                "template-line-number": 326,
                "node-pos": 150,
                "html": true
            }
        ],
        "rule-35": [
            {
                "part": null,
                "replacement-node": 102,
                "template-line-number": 335,
                "node-pos": 154,
                "html": true
            }
        ],
        "rule-36": [
            {
                "part": null,
                "replacement-node": 105,
                "expression-node": 106,
                "template-line-number": 348,
                "node-pos": 159
            }
        ],
        "rule-37": [
            {
                "part": null,
                "replacement-node": 108,
                "template-line-number": 360,
                "node-pos": 164,
                "html": true
            }
        ],
        "rule-38": [
            {
                "part": null,
                "replacement-node": 111,
                "expression-node": 112,
                "template-line-number": 381,
                "node-pos": 171
            }
        ],
        "rule-39": [
            {
                "part": null,
                "replacement-node": 114,
                "template-line-number": 388,
                "node-pos": 175
            }
        ],
        "rule-40": [
            {
                "part": null,
                "replacement-node": 117,
                "template-line-number": 398,
                "node-pos": 179
            }
        ]
    },
    "line-numbers": {},
    "showifs": {},
    "footnotes": {},
    "standard-rules": [
        "rule-1",
        "rule-2",
        "rule-3",
        "rule-4",
        "rule-5",
        "rule-6",
        "rule-7",
        "rule-8",
        "rule-9",
        "rule-10",
        "rule-11",
        "rule-12",
        "rule-13",
        "rule-14",
        "rule-15",
        "rule-16",
        "rule-17",
        "rule-18",
        "rule-19",
        "rule-20",
        "rule-21",
        "rule-22",
        "rule-23",
        "rule-24",
        "rule-25",
        "rule-26",
        "rule-27",
        "rule-28",
        "rule-29",
        "rule-30",
        "rule-31",
        "rule-32",
        "rule-33",
        "rule-34",
        "rule-35",
        "rule-36",
        "rule-37",
        "rule-38",
        "rule-39",
        "rule-40"
    ],
    "footnote-rules": []
}