{
    "substitutions": {
        "rule-1": [
            {
                "part": null,
                "replacement-node": 0,
                "template-line-number": 19,
                "node-pos": 10
            }
        ],
        "rule-2": [
            {
                "part": null,
                "replacement-node": 3,
                "expression-node": 4,
                "template-line-number": 26,
                "node-pos": 14
            }
        ],
        "rule-3": [
            {
                "part": null,
                "replacement-node": 6,
                "template-line-number": 33,
                "node-pos": 18
            }
        ],
        "rule-4": [
            {
                "part": null,
                "replacement-node": 9,
                "template-line-number": 41,
                "node-pos": 22,
                "html": true
            }
        ],
        "rule-5": [
            {
                "part": null,
                "replacement-node": 12,
                "template-line-number": 57,
                "node-pos": 27,
                "html": true
            }
        ],
        "rule-6": [
            {
                "part": null,
                "replacement-node": 15,
                "template-line-number": 75,
                "node-pos": 32
            }
        ],
        "rule-7": [
            {
                "part": null,
                "replacement-node": 18,
                "expression-node": 19,
                "template-line-number": 82,
                "node-pos": 36
            }
        ],
        "rule-8": [
            {
                "part": null,
                "replacement-node": 21,
                "template-line-number": 89,
                "node-pos": 40
            }
        ],
        "rule-9": [
            {
                "part": null,
                "replacement-node": 24,
                "expression-node": 25,
                "template-line-number": 96,
                "node-pos": 44
            }
        ],
        "rule-10": [
            {
                "part": null,
                "replacement-node": 27,
                "expression-node": 28,
                "template-line-number": 102,
                "node-pos": 48
            }
        ],
        "rule-11": [
            {
                "part": null,
                "replacement-node": 30,
                "template-line-number": 113,
                "node-pos": 54
            }
        ],
        "rule-12": [
            {
                "part": null,
                "replacement-node": 33,
                "template-line-number": 124,
                "node-pos": 59,
                "html": true
            }
        ],
        "rule-13": [
            {
                "part": null,
                "replacement-node": 45,
                "template-line-number": 181,
                "node-pos": 83
            }
        ],
        "rule-14": [
            {
                "part": null,
                "replacement-node": 48,
                "template-line-number": 193,
                "node-pos": 88
            }
        ],
        "rule-15": [
            {
                "part": null,
                "replacement-node": 51,
                "template-line-number": 215,
                "node-pos": 99
            }
        ],
        "rule-16": [
            {
                "part": null,
                "replacement-node": 70,
                "template-line-number": 330,
                "node-pos": 132
            }
        ],
        "rule-17": [
            {
                "part": null,
                "replacement-node": 73,
                "expression-node": 74,
                "template-line-number": 344,
                "node-pos": 138
            }
        ],
        "rule-18": [
            {
                "part": null,
                "replacement-node": 76,
                "expression-node": 77,
                "template-line-number": 354,
                "node-pos": 142
            }
        ],
        "rule-19": [
            {
                "part": null,
                "replacement-node": 79,
                "expression-node": 80,
                "template-line-number": 365,
                "node-pos": 146
            }
        ],
        "rule-20": [
            {
                "part": null,
                "replacement-node": 82,
                "expression-node": 83,
                "template-line-number": 380,
                "node-pos": 152
            }
        ],
        "rule-21": [
            {
                "part": null,
                "replacement-node": 85,
                "template-line-number": 386,
                "node-pos": 156
            }
        ],
        "rule-22": [
            {
                "part": null,
                "replacement-node": 88,
                "template-line-number": 395,
                "node-pos": 160
            }
        ],
        "rule-23": {
            "name": "ColumnHeadings",
            "subs": [
                {
                    "name": "ColumnHeadings",
                    "part": "1",
                    "replacement-node": 39,
                    "template-line-number": 162,
                    "extras": {},
                    "node-pos": 73
                },
                {
                    "name": "ColumnHeadings",
                    "part": "2",
                    "replacement-node": 42,
                    "template-line-number": 170,
                    "extras": {},
                    "node-pos": 77
                },
                {
                    "name": "ColumnHeadings",
                    "part": "3",
                    "replacement-node": 37,
                    "template-line-number": 158,
                    "extras": {},
                    "node-pos": 71
                }
            ]
        },
        "rule-24": {
            "name": "StoresExpenseUndistributed",
            "subs": [
                {
                    "name": "StoresExpenseUndistributed",
                    "part": "2",
                    "replacement-node": 58,
                    "expression-node": 59,
                    "template-line-number": 288,
                    "node-pos": 114
                },
                {
                    "name": "StoresExpenseUndistributed",
                    "part": "3",
                    "replacement-node": 61,
                    "expression-node": 62,
                    "template-line-number": 298,
                    "node-pos": 118
                },
                {
                    "name": "StoresExpenseUndistributed",
                    "part": "4",
                    "replacement-node": 64,
                    "expression-node": 65,
                    "template-line-number": 307,
                    "node-pos": 122
                },
                {
                    "name": "StoresExpenseUndistributed",
                    "part": "5",
                    "replacement-node": 67,
                    "expression-node": 68,
                    "template-line-number": 317,
                    "node-pos": 126
                }
            ]
        }
    },
    "line-numbers": {
        "StoresExpenseUndistributed": [
            {
                "line-number-node": 55,
                "start-number": 3,
                "template-line-number": 280
            }
        ]
    },
    "showifs": {},
    "footnotes": {},
    "standard-rules": [
        "rule-1",
        "rule-2",
        "rule-3",
        "rule-4",
        "rule-5",
        "rule-6",
        "rule-7",
        "rule-8",
        "rule-9",
        "rule-10",
        "rule-11",
        "rule-12",
        "rule-13",
        "rule-14",
        "rule-15",
        "rule-16",
        "rule-17",
        "rule-18",
        "rule-19",
        "rule-20",
        "rule-21",
        "rule-22",
        "rule-23",
        "rule-24"
    ],
    "footnote-rules": []
}