{
    "substitutions": {
        "rule-2": [
            {
                "part": null,
                "replacement-node": 1,
                "template-line-number": 28,
                "node-pos": 11
            }
        ],
        "rule-3": [
            {
                "part": null,
                "replacement-node": 4,
                "expression-node": 5,
                "template-line-number": 33,
                "node-pos": 15
            }
        ],
        "rule-4": [
            {
                "part": null,
                "replacement-node": 7,
                "template-line-number": 39,
                "node-pos": 19
            }
        ],
        "rule-5": [
            {
                "part": null,
                "replacement-node": 10,
                "template-line-number": 45,
                "node-pos": 23,
                "html": true
            }
        ],
        "rule-6": [
            {
                "part": null,
                "replacement-node": 13,
                "template-line-number": 57,
                "node-pos": 28,
                "html": true
            }
        ],
        "rule-7": [
            {
                "part": null,
                "replacement-node": 16,
                "template-line-number": 68,
                "node-pos": 33
            }
        ],
        "rule-8": [
            {
                "part": null,
                "replacement-node": 19,
                "expression-node": 20,
                "template-line-number": 73,
                "node-pos": 37
            }
        ],
        "rule-9": [
            {
                "part": null,
                "replacement-node": 22,
                "template-line-number": 78,
                "node-pos": 41
            }
        ],
        "rule-10": [
            {
                "part": null,
                "replacement-node": 25,
                "expression-node": 26,
                "template-line-number": 83,
                "node-pos": 45
            }
        ],
        "rule-11": [
            {
                "part": null,
                "replacement-node": 28,
                "expression-node": 29,
                "template-line-number": 88,
                "node-pos": 49
            }
        ],
        "rule-12": [
            {
                "part": null,
                "replacement-node": 31,
                "template-line-number": 98,
                "node-pos": 55
            }
        ],
        "rule-13": [
            {
                "part": null,
                "replacement-node": 34,
                "template-line-number": 109,
                "node-pos": 60,
                "html": true
            }
        ],
        "rule-14": [
            {
                "part": null,
                "replacement-node": 74,
                "expression-node": 75,
                "template-line-number": 295,
                "node-pos": 134
            }
        ],
        "rule-15": [
            {
                "part": null,
                "replacement-node": 77,
                "template-line-number": 300,
                "node-pos": 138
            }
        ],
        "rule-16": [
            {
                "part": null,
                "replacement-node": 80,
                "template-line-number": 309,
                "node-pos": 142
            }
        ],
        "rule-17": {
            "name": "ColumnHeadings",
            "subs": [
                {
                    "name": "ColumnHeadings",
                    "part": "1",
                    "replacement-node": 38,
                    "template-line-number": 152,
                    "extras": {},
                    "node-pos": 83
                },
                {
                    "name": "ColumnHeadings",
                    "part": "2",
                    "replacement-node": 41,
                    "template-line-number": 159,
                    "extras": {},
                    "node-pos": 87
                }
            ]
        },
        "rule-18": {
            "name": "CarrierPropertyItems",
            "subs": [
                {
                    "name": "CarrierPropertyItems",
                    "part": "1",
                    "replacement-node": 45,
                    "template-line-number": 216,
                    "extras": {},
                    "node-pos": 93
                },
                {
                    "name": "CarrierPropertyItems",
                    "part": "1",
                    "replacement-node": 48,
                    "template-line-number": 222,
                    "extras": {},
                    "node-pos": 97
                },
                {
                    "name": "CarrierPropertyItems",
                    "part": "2",
                    "replacement-node": 50,
                    "expression-node": 51,
                    "template-line-number": 229,
                    "node-pos": 100
                },
                {
                    "name": "CarrierPropertyItems",
                    "part": "3",
                    "replacement-node": 53,
                    "expression-node": 54,
                    "template-line-number": 237,
                    "node-pos": 104
                },
                {
                    "name": "CarrierPropertyItems",
                    "part": "4",
                    "replacement-node": 56,
                    "expression-node": 57,
                    "template-line-number": 245,
                    "node-pos": 108
                },
                {
                    "name": "CarrierPropertyItems",
                    "part": "5",
                    "replacement-node": 59,
                    "expression-node": 60,
                    "template-line-number": 253,
                    "node-pos": 112
                },
                {
                    "name": "CarrierPropertyItems",
                    "part": "6",
                    "replacement-node": 62,
                    "expression-node": 63,
                    "template-line-number": 261,
                    "node-pos": 116
                },
                {
                    "name": "CarrierPropertyItems",
                    "part": "7",
                    "replacement-node": 65,
                    "expression-node": 66,
                    "template-line-number": 269,
                    "node-pos": 120
                },
                {
                    "name": "CarrierPropertyItems",
                    "part": "8",
                    "replacement-node": 68,
                    "expression-node": 69,
                    "template-line-number": 277,
                    "node-pos": 124
                },
                {
                    "name": "CarrierPropertyItems",
                    "part": "9",
                    "replacement-node": 71,
                    "expression-node": 72,
                    "template-line-number": 285,
                    "node-pos": 128
                }
            ]
        }
    },
    "line-numbers": {},
    "showifs": {
        "rule-1": {
            "type": "showif",
            "template-line-number": 18
        }
    },
    "footnotes": {},
    "standard-rules": [
        "rule-2",
        "rule-3",
        "rule-4",
        "rule-5",
        "rule-6",
        "rule-7",
        "rule-8",
        "rule-9",
        "rule-10",
        "rule-11",
        "rule-12",
        "rule-13",
        "rule-14",
        "rule-15",
        "rule-16",
        "rule-17",
        "rule-18"
    ],
    "footnote-rules": []
}