{
    "substitutions": {
        "rule-2": [
            {
                "part": null,
                "replacement-node": 1,
                "template-line-number": 29,
                "node-pos": 11
            }
        ],
        "rule-3": [
            {
                "part": null,
                "replacement-node": 4,
                "expression-node": 5,
                "template-line-number": 35,
                "node-pos": 15
            }
        ],
        "rule-4": [
            {
                "part": null,
                "replacement-node": 7,
                "template-line-number": 41,
                "node-pos": 19
            }
        ],
        "rule-5": [
            {
                "part": null,
                "replacement-node": 10,
                "template-line-number": 47,
                "node-pos": 23,
                "html": true
            }
        ],
        "rule-6": [
            {
                "part": null,
                "replacement-node": 13,
                "template-line-number": 59,
                "node-pos": 28,
                "html": true
            }
        ],
        "rule-7": [
            {
                "part": null,
                "replacement-node": 16,
                "template-line-number": 70,
                "node-pos": 33
            }
        ],
        "rule-8": [
            {
                "part": null,
                "replacement-node": 19,
                "expression-node": 20,
                "template-line-number": 75,
                "node-pos": 37
            }
        ],
        "rule-9": [
            {
                "part": null,
                "replacement-node": 22,
                "template-line-number": 80,
                "node-pos": 41
            }
        ],
        "rule-10": [
            {
                "part": null,
                "replacement-node": 25,
                "expression-node": 26,
                "template-line-number": 85,
                "node-pos": 45
            }
        ],
        "rule-11": [
            {
                "part": null,
                "replacement-node": 28,
                "expression-node": 29,
                "template-line-number": 90,
                "node-pos": 49
            }
        ],
        "rule-12": [
            {
                "part": null,
                "replacement-node": 31,
                "template-line-number": 100,
                "node-pos": 55
            }
        ],
        "rule-13": [
            {
                "part": null,
                "replacement-node": 34,
                "template-line-number": 111,
                "node-pos": 60,
                "html": true
            }
        ],
        "rule-14": [
            {
                "part": null,
                "replacement-node": 46,
                "template-line-number": 161,
                "node-pos": 83
            }
        ],
        "rule-15": [
            {
                "part": null,
                "replacement-node": 64,
                "template-line-number": 239,
                "node-pos": 110
            }
        ],
        "rule-16": [
            {
                "part": null,
                "replacement-node": 67,
                "expression-node": 68,
                "template-line-number": 251,
                "node-pos": 115
            }
        ],
        "rule-17": [
            {
                "part": null,
                "replacement-node": 70,
                "template-line-number": 263,
                "node-pos": 120
            }
        ],
        "rule-18": [
            {
                "part": null,
                "replacement-node": 88,
                "template-line-number": 344,
                "node-pos": 147
            }
        ],
        "rule-19": [
            {
                "part": null,
                "replacement-node": 91,
                "expression-node": 92,
                "template-line-number": 356,
                "node-pos": 152
            }
        ],
        "rule-20": [
            {
                "part": null,
                "replacement-node": 94,
                "template-line-number": 368,
                "node-pos": 157
            }
        ],
        "rule-21": [
            {
                "part": null,
                "replacement-node": 112,
                "template-line-number": 445,
                "node-pos": 184
            }
        ],
        "rule-22": [
            {
                "part": null,
                "replacement-node": 115,
                "expression-node": 116,
                "template-line-number": 457,
                "node-pos": 189
            }
        ],
        "rule-23": [
            {
                "part": null,
                "replacement-node": 118,
                "template-line-number": 469,
                "node-pos": 194
            }
        ],
        "rule-24": [
            {
                "part": null,
                "replacement-node": 136,
                "template-line-number": 547,
                "node-pos": 221
            }
        ],
        "rule-25": [
            {
                "part": null,
                "replacement-node": 139,
                "expression-node": 140,
                "template-line-number": 559,
                "node-pos": 226
            }
        ],
        "rule-26": [
            {
                "part": null,
                "replacement-node": 142,
                "template-line-number": 571,
                "node-pos": 231
            }
        ],
        "rule-27": [
            {
                "part": null,
                "replacement-node": 160,
                "template-line-number": 649,
                "node-pos": 258
            }
        ],
        "rule-28": [
            {
                "part": null,
                "replacement-node": 163,
                "expression-node": 164,
                "template-line-number": 661,
                "node-pos": 263
            }
        ],
        "rule-29": [
            {
                "part": null,
                "replacement-node": 166,
                "template-line-number": 673,
                "node-pos": 268
            }
        ],
        "rule-30": [
            {
                "part": null,
                "replacement-node": 184,
                "template-line-number": 750,
                "node-pos": 295
            }
        ],
        "rule-31": [
            {
                "part": null,
                "replacement-node": 187,
                "expression-node": 188,
                "template-line-number": 762,
                "node-pos": 300
            }
        ],
        "rule-32": [
            {
                "part": null,
                "replacement-node": 208,
                "expression-node": 209,
                "template-line-number": 851,
                "node-pos": 332
            }
        ],
        "rule-33": [
            {
                "part": null,
                "replacement-node": 211,
                "template-line-number": 856,
                "node-pos": 336
            }
        ],
        "rule-34": [
            {
                "part": null,
                "replacement-node": 214,
                "template-line-number": 865,
                "node-pos": 340
            }
        ],
        "rule-35": {
            "name": "MiscItems5",
            "subs": [
                {
                    "name": "MiscItems5",
                    "part": "2",
                    "replacement-node": 148,
                    "expression-node": 149,
                    "template-line-number": 625,
                    "node-pos": 241
                },
                {
                    "name": "MiscItems5",
                    "part": "3",
                    "replacement-node": 151,
                    "expression-node": 152,
                    "template-line-number": 630,
                    "node-pos": 245
                },
                {
                    "name": "MiscItems5",
                    "part": "4",
                    "replacement-node": 154,
                    "expression-node": 155,
                    "template-line-number": 635,
                    "node-pos": 249
                },
                {
                    "name": "MiscItems5",
                    "part": "5",
                    "replacement-node": 157,
                    "expression-node": 158,
                    "template-line-number": 640,
                    "node-pos": 253
                }
            ]
        },
        "rule-36": {
            "name": "MiscItems3",
            "subs": [
                {
                    "name": "MiscItems3",
                    "part": "2",
                    "replacement-node": 100,
                    "expression-node": 101,
                    "template-line-number": 421,
                    "node-pos": 167
                },
                {
                    "name": "MiscItems3",
                    "part": "3",
                    "replacement-node": 103,
                    "expression-node": 104,
                    "template-line-number": 426,
                    "node-pos": 171
                },
                {
                    "name": "MiscItems3",
                    "part": "4",
                    "replacement-node": 106,
                    "expression-node": 107,
                    "template-line-number": 431,
                    "node-pos": 175
                },
                {
                    "name": "MiscItems3",
                    "part": "5",
                    "replacement-node": 109,
                    "expression-node": 110,
                    "template-line-number": 436,
                    "node-pos": 179
                }
            ]
        },
        "rule-37": {
            "name": "MiscItems1",
            "subs": [
                {
                    "name": "MiscItems1",
                    "part": "2",
                    "replacement-node": 52,
                    "expression-node": 53,
                    "template-line-number": 215,
                    "node-pos": 93
                },
                {
                    "name": "MiscItems1",
                    "part": "3",
                    "replacement-node": 55,
                    "expression-node": 56,
                    "template-line-number": 220,
                    "node-pos": 97
                },
                {
                    "name": "MiscItems1",
                    "part": "4",
                    "replacement-node": 58,
                    "expression-node": 59,
                    "template-line-number": 225,
                    "node-pos": 101
                },
                {
                    "name": "MiscItems1",
                    "part": "5",
                    "replacement-node": 61,
                    "expression-node": 62,
                    "template-line-number": 230,
                    "node-pos": 105
                }
            ]
        },
        "rule-38": {
            "name": "MiscItems2",
            "subs": [
                {
                    "name": "MiscItems2",
                    "part": "2",
                    "replacement-node": 76,
                    "expression-node": 77,
                    "template-line-number": 320,
                    "node-pos": 130
                },
                {
                    "name": "MiscItems2",
                    "part": "3",
                    "replacement-node": 79,
                    "expression-node": 80,
                    "template-line-number": 325,
                    "node-pos": 134
                },
                {
                    "name": "MiscItems2",
                    "part": "4",
                    "replacement-node": 82,
                    "expression-node": 83,
                    "template-line-number": 330,
                    "node-pos": 138
                },
                {
                    "name": "MiscItems2",
                    "part": "5",
                    "replacement-node": 85,
                    "expression-node": 86,
                    "template-line-number": 335,
                    "node-pos": 142
                }
            ]
        },
        "rule-39": {
            "name": "MiscItems",
            "subs": [
                {
                    "name": "MiscItems",
                    "part": "2",
                    "replacement-node": 196,
                    "expression-node": 197,
                    "template-line-number": 825,
                    "node-pos": 314
                },
                {
                    "name": "MiscItems",
                    "part": "3",
                    "replacement-node": 199,
                    "expression-node": 200,
                    "template-line-number": 830,
                    "node-pos": 318
                },
                {
                    "name": "MiscItems",
                    "part": "4",
                    "replacement-node": 202,
                    "expression-node": 203,
                    "template-line-number": 835,
                    "node-pos": 322
                },
                {
                    "name": "MiscItems",
                    "part": "5",
                    "replacement-node": 205,
                    "expression-node": 206,
                    "template-line-number": 840,
                    "node-pos": 326
                }
            ]
        },
        "rule-40": {
            "name": "MiscItems4",
            "subs": [
                {
                    "name": "MiscItems4",
                    "part": "2",
                    "replacement-node": 124,
                    "expression-node": 125,
                    "template-line-number": 523,
                    "node-pos": 204
                },
                {
                    "name": "MiscItems4",
                    "part": "3",
                    "replacement-node": 127,
                    "expression-node": 128,
                    "template-line-number": 528,
                    "node-pos": 208
                },
                {
                    "name": "MiscItems4",
                    "part": "4",
                    "replacement-node": 130,
                    "expression-node": 131,
                    "template-line-number": 533,
                    "node-pos": 212
                },
                {
                    "name": "MiscItems4",
                    "part": "5",
                    "replacement-node": 133,
                    "expression-node": 134,
                    "template-line-number": 538,
                    "node-pos": 216
                }
            ]
        },
        "rule-41": {
            "name": "MiscItems6",
            "subs": [
                {
                    "name": "MiscItems6",
                    "part": "2",
                    "replacement-node": 172,
                    "expression-node": 173,
                    "template-line-number": 726,
                    "node-pos": 278
                },
                {
                    "name": "MiscItems6",
                    "part": "3",
                    "replacement-node": 175,
                    "expression-node": 176,
                    "template-line-number": 731,
                    "node-pos": 282
                },
                {
                    "name": "MiscItems6",
                    "part": "4",
                    "replacement-node": 178,
                    "expression-node": 179,
                    "template-line-number": 736,
                    "node-pos": 286
                },
                {
                    "name": "MiscItems6",
                    "part": "5",
                    "replacement-node": 181,
                    "expression-node": 182,
                    "template-line-number": 741,
                    "node-pos": 290
                }
            ]
        },
        "rule-42": {
            "name": "ColumnHeadings",
            "subs": [
                {
                    "name": "ColumnHeadings",
                    "part": "1",
                    "replacement-node": 40,
                    "template-line-number": 142,
                    "extras": {},
                    "node-pos": 74
                },
                {
                    "name": "ColumnHeadings",
                    "part": "2",
                    "replacement-node": 43,
                    "template-line-number": 150,
                    "extras": {},
                    "node-pos": 78
                },
                {
                    "name": "ColumnHeadings",
                    "part": "3",
                    "replacement-node": 38,
                    "template-line-number": 138,
                    "extras": {},
                    "node-pos": 72
                }
            ]
        },
        "rule-43": {
            "name": "MiscItemsHeader",
            "subs": [
                {
                    "name": "MiscItemsHeader",
                    "part": "1",
                    "replacement-node": 191,
                    "template-line-number": 782,
                    "extras": {},
                    "node-pos": 306
                }
            ]
        }
    },
    "line-numbers": {
        "MiscItems1": [
            {
                "line-number-node": 50,
                "start-number": 1,
                "template-line-number": 212
            }
        ],
        "MiscItems2": [
            {
                "line-number-node": 74,
                "start-number": 1,
                "template-line-number": 317
            }
        ],
        "MiscItems3": [
            {
                "line-number-node": 98,
                "start-number": 1,
                "template-line-number": 418
            }
        ],
        "MiscItems4": [
            {
                "line-number-node": 122,
                "start-number": 1,
                "template-line-number": 520
            }
        ],
        "MiscItems5": [
            {
                "line-number-node": 146,
                "start-number": 1,
                "template-line-number": 622
            }
        ],
        "MiscItems6": [
            {
                "line-number-node": 170,
                "start-number": 1,
                "template-line-number": 723
            }
        ],
        "MiscItems": [
            {
                "line-number-node": 194,
                "start-number": 1,
                "template-line-number": 822
            }
        ]
    },
    "showifs": {
        "rule-1": {
            "type": "showif",
            "template-line-number": 19
        }
    },
    "footnotes": {},
    "standard-rules": [
        "rule-2",
        "rule-3",
        "rule-4",
        "rule-5",
        "rule-6",
        "rule-7",
        "rule-8",
        "rule-9",
        "rule-10",
        "rule-11",
        "rule-12",
        "rule-13",
        "rule-14",
        "rule-15",
        "rule-16",
        "rule-17",
        "rule-18",
        "rule-19",
        "rule-20",
        "rule-21",
        "rule-22",
        "rule-23",
        "rule-24",
        "rule-25",
        "rule-26",
        "rule-27",
        "rule-28",
        "rule-29",
        "rule-30",
        "rule-31",
        "rule-32",
        "rule-33",
        "rule-34",
        "rule-35",
        "rule-36",
        "rule-37",
        "rule-38",
        "rule-39",
        "rule-40",
        "rule-41",
        "rule-42",
        "rule-43"
    ],
    "footnote-rules": []
}