{
    "substitutions": {
        "rule-1": [
            {
                "part": null,
                "replacement-node": 0,
                "template-line-number": 22,
                "node-pos": 10
            }
        ],
        "rule-2": [
            {
                "part": null,
                "replacement-node": 3,
                "expression-node": 4,
                "template-line-number": 26,
                "node-pos": 14
            }
        ],
        "rule-3": [
            {
                "part": null,
                "replacement-node": 6,
                "template-line-number": 32,
                "node-pos": 18
            }
        ],
        "rule-4": [
            {
                "part": null,
                "replacement-node": 9,
                "template-line-number": 38,
                "node-pos": 22,
                "html": true
            }
        ],
        "rule-5": [
            {
                "part": null,
                "replacement-node": 12,
                "template-line-number": 50,
                "node-pos": 27,
                "html": true
            }
        ],
        "rule-6": [
            {
                "part": null,
                "replacement-node": 15,
                "template-line-number": 61,
                "node-pos": 32
            }
        ],
        "rule-7": [
            {
                "part": null,
                "replacement-node": 18,
                "expression-node": 19,
                "template-line-number": 65,
                "node-pos": 36
            }
        ],
        "rule-8": [
            {
                "part": null,
                "replacement-node": 21,
                "template-line-number": 70,
                "node-pos": 40
            }
        ],
        "rule-9": [
            {
                "part": null,
                "replacement-node": 24,
                "expression-node": 25,
                "template-line-number": 74,
                "node-pos": 44
            }
        ],
        "rule-10": [
            {
                "part": null,
                "replacement-node": 27,
                "expression-node": 28,
                "template-line-number": 79,
                "node-pos": 48
            }
        ],
        "rule-11": [
            {
                "part": null,
                "replacement-node": 30,
                "template-line-number": 89,
                "node-pos": 54
            }
        ],
        "rule-12": [
            {
                "part": null,
                "replacement-node": 64,
                "expression-node": 65,
                "template-line-number": 244,
                "node-pos": 109
            }
        ],
        "rule-13": [
            {
                "part": null,
                "replacement-node": 67,
                "expression-node": 68,
                "template-line-number": 254,
                "node-pos": 114
            }
        ],
        "rule-14": [
            {
                "part": null,
                "replacement-node": 70,
                "expression-node": 71,
                "template-line-number": 268,
                "node-pos": 120
            }
        ],
        "rule-15": [
            {
                "part": null,
                "replacement-node": 73,
                "template-line-number": 274,
                "node-pos": 124
            }
        ],
        "rule-16": [
            {
                "part": null,
                "replacement-node": 76,
                "template-line-number": 284,
                "node-pos": 128
            }
        ],
        "rule-17": {
            "name": "BondsLineItems",
            "subs": [
                {
                    "name": "BondsLineItems",
                    "part": "2",
                    "replacement-node": 46,
                    "expression-node": 47,
                    "template-line-number": 204,
                    "node-pos": 80
                },
                {
                    "name": "BondsLineItems",
                    "part": "3",
                    "replacement-node": 49,
                    "expression-node": 50,
                    "template-line-number": 209,
                    "node-pos": 84
                },
                {
                    "name": "BondsLineItems",
                    "part": "4",
                    "replacement-node": 52,
                    "expression-node": 53,
                    "template-line-number": 214,
                    "node-pos": 88
                },
                {
                    "name": "BondsLineItems",
                    "part": "5",
                    "replacement-node": 55,
                    "expression-node": 56,
                    "template-line-number": 219,
                    "node-pos": 92
                },
                {
                    "name": "BondsLineItems",
                    "part": "6",
                    "replacement-node": 58,
                    "expression-node": 59,
                    "template-line-number": 224,
                    "node-pos": 96
                },
                {
                    "name": "BondsLineItems",
                    "part": "7",
                    "replacement-node": 61,
                    "expression-node": 62,
                    "template-line-number": 230,
                    "node-pos": 100
                }
            ]
        },
        "rule-18": {
            "name": "LongTermDebtHeadings",
            "subs": [
                {
                    "name": "LongTermDebtHeadings",
                    "part": "1",
                    "replacement-node": 36,
                    "template-line-number": 131,
                    "extras": {},
                    "node-pos": 66,
                    "html": true
                },
                {
                    "name": "LongTermDebtHeadings",
                    "part": "2",
                    "replacement-node": 39,
                    "template-line-number": 140,
                    "extras": {},
                    "node-pos": 70
                },
                {
                    "name": "LongTermDebtHeadings",
                    "part": "3",
                    "replacement-node": 34,
                    "template-line-number": 127,
                    "extras": {},
                    "node-pos": 64
                }
            ]
        }
    },
    "line-numbers": {
        "BondsLineItems": [
            {
                "line-number-node": 43,
                "start-number": 1,
                "template-line-number": 201
            }
        ]
    },
    "showifs": {},
    "footnotes": {},
    "standard-rules": [
        "rule-1",
        "rule-2",
        "rule-3",
        "rule-4",
        "rule-5",
        "rule-6",
        "rule-7",
        "rule-8",
        "rule-9",
        "rule-10",
        "rule-11",
        "rule-12",
        "rule-13",
        "rule-14",
        "rule-15",
        "rule-16",
        "rule-17",
        "rule-18"
    ],
    "footnote-rules": []
}