{
    "substitutions": {
        "rule-1": [
            {
                "part": null,
                "replacement-node": 0,
                "template-line-number": 22,
                "node-pos": 9
            }
        ],
        "rule-2": [
            {
                "part": null,
                "replacement-node": 3,
                "expression-node": 4,
                "template-line-number": 27,
                "node-pos": 13
            }
        ],
        "rule-3": [
            {
                "part": null,
                "replacement-node": 6,
                "template-line-number": 33,
                "node-pos": 17
            }
        ],
        "rule-4": [
            {
                "part": null,
                "replacement-node": 9,
                "template-line-number": 39,
                "node-pos": 21,
                "html": true
            }
        ],
        "rule-5": [
            {
                "part": null,
                "replacement-node": 12,
                "template-line-number": 51,
                "node-pos": 26,
                "html": true
            }
        ],
        "rule-6": [
            {
                "part": null,
                "replacement-node": 15,
                "template-line-number": 62,
                "node-pos": 31
            }
        ],
        "rule-7": [
            {
                "part": null,
                "replacement-node": 18,
                "expression-node": 19,
                "template-line-number": 67,
                "node-pos": 35
            }
        ],
        "rule-8": [
            {
                "part": null,
                "replacement-node": 21,
                "template-line-number": 72,
                "node-pos": 39
            }
        ],
        "rule-9": [
            {
                "part": null,
                "replacement-node": 24,
                "expression-node": 25,
                "template-line-number": 77,
                "node-pos": 43
            }
        ],
        "rule-10": [
            {
                "part": null,
                "replacement-node": 27,
                "expression-node": 28,
                "template-line-number": 82,
                "node-pos": 47
            }
        ],
        "rule-11": [
            {
                "part": null,
                "replacement-node": 30,
                "template-line-number": 92,
                "node-pos": 53
            }
        ],
        "rule-12": [
            {
                "part": null,
                "replacement-node": 33,
                "template-line-number": 103,
                "node-pos": 58,
                "html": true
            }
        ],
        "rule-13": [
            {
                "part": null,
                "replacement-node": 64,
                "expression-node": 65,
                "template-line-number": 230,
                "node-pos": 112
            }
        ],
        "rule-14": [
            {
                "part": null,
                "replacement-node": 67,
                "template-line-number": 235,
                "node-pos": 116
            }
        ],
        "rule-15": [
            {
                "part": null,
                "replacement-node": 70,
                "template-line-number": 244,
                "node-pos": 120
            }
        ],
        "rule-16": {
            "name": "ListLineItems",
            "subs": [
                {
                    "name": "ListLineItems",
                    "part": "1",
                    "replacement-node": 44,
                    "template-line-number": 179,
                    "extras": {},
                    "node-pos": 76
                },
                {
                    "name": "ListLineItems",
                    "part": "2",
                    "replacement-node": 49,
                    "template-line-number": 190,
                    "extras": {},
                    "node-pos": 84
                },
                {
                    "name": "ListLineItems",
                    "part": "3",
                    "replacement-node": 53,
                    "template-line-number": 201,
                    "extras": {},
                    "node-pos": 90
                },
                {
                    "name": "ListLineItems",
                    "part": "4",
                    "replacement-node": 56,
                    "template-line-number": 208,
                    "extras": {},
                    "node-pos": 94
                },
                {
                    "name": "ListLineItems",
                    "part": "5",
                    "replacement-node": 58,
                    "expression-node": 59,
                    "template-line-number": 212,
                    "node-pos": 97
                },
                {
                    "name": "ListLineItems",
                    "part": "6",
                    "replacement-node": 47,
                    "template-line-number": 186,
                    "extras": {},
                    "node-pos": 82
                },
                {
                    "name": "ListLineItems",
                    "part": "6",
                    "replacement-node": 60,
                    "expression-node": 61,
                    "template-line-number": 213,
                    "node-pos": 99
                },
                {
                    "name": "ListLineItems",
                    "part": "7",
                    "replacement-node": 62,
                    "expression-node": 63,
                    "template-line-number": 214,
                    "node-pos": 101
                }
            ]
        },
        "rule-17": {
            "name": "ListHeadings",
            "subs": [
                {
                    "name": "ListHeadings",
                    "part": "1",
                    "replacement-node": 37,
                    "template-line-number": 126,
                    "extras": {},
                    "node-pos": 66
                },
                {
                    "name": "ListHeadings",
                    "part": "2",
                    "replacement-node": 40,
                    "template-line-number": 133,
                    "extras": {},
                    "node-pos": 70
                }
            ]
        }
    },
    "line-numbers": {},
    "showifs": {},
    "footnotes": {},
    "standard-rules": [
        "rule-1",
        "rule-2",
        "rule-3",
        "rule-4",
        "rule-5",
        "rule-6",
        "rule-7",
        "rule-8",
        "rule-9",
        "rule-10",
        "rule-11",
        "rule-12",
        "rule-13",
        "rule-14",
        "rule-15",
        "rule-16",
        "rule-17"
    ],
    "footnote-rules": []
}