{
    "substitutions": {
        "rule-2": [
            {
                "part": null,
                "replacement-node": 1,
                "template-line-number": 27,
                "node-pos": 10
            }
        ],
        "rule-3": [
            {
                "part": null,
                "replacement-node": 4,
                "expression-node": 5,
                "template-line-number": 32,
                "node-pos": 14
            }
        ],
        "rule-4": [
            {
                "part": null,
                "replacement-node": 7,
                "template-line-number": 38,
                "node-pos": 18
            }
        ],
        "rule-5": [
            {
                "part": null,
                "replacement-node": 10,
                "template-line-number": 44,
                "node-pos": 22,
                "html": true
            }
        ],
        "rule-6": [
            {
                "part": null,
                "replacement-node": 13,
                "template-line-number": 56,
                "node-pos": 27,
                "html": true
            }
        ],
        "rule-7": [
            {
                "part": null,
                "replacement-node": 16,
                "template-line-number": 67,
                "node-pos": 32
            }
        ],
        "rule-8": [
            {
                "part": null,
                "replacement-node": 19,
                "expression-node": 20,
                "template-line-number": 72,
                "node-pos": 36
            }
        ],
        "rule-9": [
            {
                "part": null,
                "replacement-node": 22,
                "template-line-number": 77,
                "node-pos": 40
            }
        ],
        "rule-10": [
            {
                "part": null,
                "replacement-node": 25,
                "expression-node": 26,
                "template-line-number": 82,
                "node-pos": 44
            }
        ],
        "rule-11": [
            {
                "part": null,
                "replacement-node": 28,
                "expression-node": 29,
                "template-line-number": 87,
                "node-pos": 48
            }
        ],
        "rule-12": [
            {
                "part": null,
                "replacement-node": 31,
                "template-line-number": 97,
                "node-pos": 54
            }
        ],
        "rule-13": [
            {
                "part": null,
                "replacement-node": 34,
                "template-line-number": 108,
                "node-pos": 59,
                "html": true
            }
        ],
        "rule-14": [
            {
                "part": null,
                "replacement-node": 57,
                "expression-node": 58,
                "template-line-number": 234,
                "node-pos": 100
            }
        ],
        "rule-15": [
            {
                "part": null,
                "replacement-node": 60,
                "template-line-number": 239,
                "node-pos": 104
            }
        ],
        "rule-16": [
            {
                "part": null,
                "replacement-node": 63,
                "template-line-number": 248,
                "node-pos": 108
            }
        ],
        "rule-17": {
            "name": "NaturalGasLineItems",
            "subs": [
                {
                    "name": "NaturalGasLineItems",
                    "part": "1",
                    "replacement-node": 50,
                    "template-line-number": 208,
                    "extras": {},
                    "node-pos": 88
                },
                {
                    "name": "NaturalGasLineItems",
                    "part": "2",
                    "replacement-node": 48,
                    "template-line-number": 204,
                    "extras": {},
                    "node-pos": 86
                },
                {
                    "name": "NaturalGasLineItems",
                    "part": "2",
                    "replacement-node": 52,
                    "expression-node": 53,
                    "template-line-number": 216,
                    "node-pos": 91
                },
                {
                    "name": "NaturalGasLineItems",
                    "part": "3",
                    "replacement-node": 54,
                    "expression-node": 55,
                    "template-line-number": 223,
                    "node-pos": 94
                }
            ]
        },
        "rule-18": {
            "name": "NaturalGasHeadings",
            "subs": [
                {
                    "name": "NaturalGasHeadings",
                    "part": "1",
                    "replacement-node": 38,
                    "template-line-number": 134,
                    "extras": {},
                    "node-pos": 70
                },
                {
                    "name": "NaturalGasHeadings",
                    "part": "2",
                    "replacement-node": 41,
                    "template-line-number": 141,
                    "extras": {},
                    "node-pos": 74
                }
            ]
        }
    },
    "line-numbers": {
        "NaturalGasLineItems": [
            {
                "line-number-node": 45,
                "start-number": 1,
                "template-line-number": 194
            }
        ]
    },
    "showifs": {
        "rule-1": {
            "type": "showif",
            "template-line-number": 17
        }
    },
    "footnotes": {},
    "standard-rules": [
        "rule-2",
        "rule-3",
        "rule-4",
        "rule-5",
        "rule-6",
        "rule-7",
        "rule-8",
        "rule-9",
        "rule-10",
        "rule-11",
        "rule-12",
        "rule-13",
        "rule-14",
        "rule-15",
        "rule-16",
        "rule-17",
        "rule-18"
    ],
    "footnote-rules": []
}