{
    "substitutions": {
        "rule-2": [
            {
                "part": null,
                "replacement-node": 1,
                "template-line-number": 28,
                "node-pos": 11
            }
        ],
        "rule-3": [
            {
                "part": null,
                "replacement-node": 4,
                "expression-node": 5,
                "template-line-number": 34,
                "node-pos": 15
            }
        ],
        "rule-4": [
            {
                "part": null,
                "replacement-node": 7,
                "template-line-number": 40,
                "node-pos": 19
            }
        ],
        "rule-5": [
            {
                "part": null,
                "replacement-node": 10,
                "template-line-number": 46,
                "node-pos": 23,
                "html": true
            }
        ],
        "rule-6": [
            {
                "part": null,
                "replacement-node": 13,
                "template-line-number": 58,
                "node-pos": 28,
                "html": true
            }
        ],
        "rule-7": [
            {
                "part": null,
                "replacement-node": 16,
                "template-line-number": 69,
                "node-pos": 33
            }
        ],
        "rule-8": [
            {
                "part": null,
                "replacement-node": 19,
                "expression-node": 20,
                "template-line-number": 74,
                "node-pos": 37
            }
        ],
        "rule-9": [
            {
                "part": null,
                "replacement-node": 22,
                "template-line-number": 79,
                "node-pos": 41
            }
        ],
        "rule-10": [
            {
                "part": null,
                "replacement-node": 25,
                "expression-node": 26,
                "template-line-number": 84,
                "node-pos": 45
            }
        ],
        "rule-11": [
            {
                "part": null,
                "replacement-node": 28,
                "expression-node": 29,
                "template-line-number": 89,
                "node-pos": 49
            }
        ],
        "rule-12": [
            {
                "part": null,
                "replacement-node": 31,
                "template-line-number": 99,
                "node-pos": 55
            }
        ],
        "rule-13": [
            {
                "part": null,
                "replacement-node": 34,
                "template-line-number": 110,
                "node-pos": 60,
                "html": true
            }
        ],
        "rule-14": [
            {
                "part": null,
                "replacement-node": 46,
                "template-line-number": 179,
                "node-pos": 98
            }
        ],
        "rule-15": [
            {
                "part": null,
                "replacement-node": 75,
                "expression-node": 76,
                "template-line-number": 302,
                "node-pos": 147
            }
        ],
        "rule-16": [
            {
                "part": null,
                "replacement-node": 78,
                "expression-node": 79,
                "template-line-number": 312,
                "node-pos": 151
            }
        ],
        "rule-17": [
            {
                "part": null,
                "replacement-node": 81,
                "expression-node": 82,
                "template-line-number": 322,
                "node-pos": 155
            }
        ],
        "rule-18": [
            {
                "part": null,
                "replacement-node": 84,
                "expression-node": 85,
                "template-line-number": 332,
                "node-pos": 159
            }
        ],
        "rule-19": [
            {
                "part": null,
                "replacement-node": 87,
                "expression-node": 88,
                "template-line-number": 342,
                "node-pos": 163
            }
        ],
        "rule-20": [
            {
                "part": null,
                "replacement-node": 90,
                "expression-node": 91,
                "template-line-number": 352,
                "node-pos": 167
            }
        ],
        "rule-21": [
            {
                "part": null,
                "replacement-node": 93,
                "template-line-number": 367,
                "node-pos": 173
            }
        ],
        "rule-22": [
            {
                "part": null,
                "replacement-node": 96,
                "expression-node": 97,
                "template-line-number": 375,
                "node-pos": 177
            }
        ],
        "rule-23": [
            {
                "part": null,
                "replacement-node": 99,
                "expression-node": 100,
                "template-line-number": 385,
                "node-pos": 181
            }
        ],
        "rule-24": [
            {
                "part": null,
                "replacement-node": 102,
                "expression-node": 103,
                "template-line-number": 395,
                "node-pos": 185
            }
        ],
        "rule-25": [
            {
                "part": null,
                "replacement-node": 105,
                "expression-node": 106,
                "template-line-number": 405,
                "node-pos": 189
            }
        ],
        "rule-26": [
            {
                "part": null,
                "replacement-node": 108,
                "expression-node": 109,
                "template-line-number": 415,
                "node-pos": 193
            }
        ],
        "rule-27": [
            {
                "part": null,
                "replacement-node": 111,
                "expression-node": 112,
                "template-line-number": 425,
                "node-pos": 197
            }
        ],
        "rule-28": [
            {
                "part": null,
                "replacement-node": 114,
                "template-line-number": 439,
                "node-pos": 203
            }
        ],
        "rule-29": [
            {
                "part": null,
                "replacement-node": 117,
                "expression-node": 118,
                "template-line-number": 448,
                "node-pos": 207
            }
        ],
        "rule-30": [
            {
                "part": null,
                "replacement-node": 120,
                "expression-node": 121,
                "template-line-number": 458,
                "node-pos": 211
            }
        ],
        "rule-31": [
            {
                "part": null,
                "replacement-node": 123,
                "expression-node": 124,
                "template-line-number": 468,
                "node-pos": 215
            }
        ],
        "rule-32": [
            {
                "part": null,
                "replacement-node": 126,
                "expression-node": 127,
                "template-line-number": 478,
                "node-pos": 219
            }
        ],
        "rule-33": [
            {
                "part": null,
                "replacement-node": 129,
                "expression-node": 130,
                "template-line-number": 488,
                "node-pos": 223
            }
        ],
        "rule-34": [
            {
                "part": null,
                "replacement-node": 132,
                "expression-node": 133,
                "template-line-number": 498,
                "node-pos": 227
            }
        ],
        "rule-35": [
            {
                "part": null,
                "replacement-node": 135,
                "template-line-number": 515,
                "node-pos": 234
            }
        ],
        "rule-36": [
            {
                "part": null,
                "replacement-node": 168,
                "expression-node": 169,
                "template-line-number": 660,
                "node-pos": 291
            }
        ],
        "rule-37": [
            {
                "part": null,
                "replacement-node": 171,
                "template-line-number": 665,
                "node-pos": 295
            }
        ],
        "rule-38": [
            {
                "part": null,
                "replacement-node": 174,
                "template-line-number": 674,
                "node-pos": 299
            }
        ],
        "rule-39": {
            "name": "InvestCommStocks",
            "subs": [
                {
                    "name": "InvestCommStocks",
                    "part": "2",
                    "replacement-node": 52,
                    "expression-node": 53,
                    "template-line-number": 255,
                    "node-pos": 114
                },
                {
                    "name": "InvestCommStocks",
                    "part": "3",
                    "replacement-node": 55,
                    "expression-node": 56,
                    "template-line-number": 260,
                    "node-pos": 118
                },
                {
                    "name": "InvestCommStocks",
                    "part": "4",
                    "replacement-node": 58,
                    "expression-node": 59,
                    "template-line-number": 265,
                    "node-pos": 122
                },
                {
                    "name": "InvestCommStocks",
                    "part": "5",
                    "replacement-node": 61,
                    "expression-node": 62,
                    "template-line-number": 270,
                    "node-pos": 126
                },
                {
                    "name": "InvestCommStocks",
                    "part": "6",
                    "replacement-node": 64,
                    "expression-node": 65,
                    "template-line-number": 275,
                    "node-pos": 130
                },
                {
                    "name": "InvestCommStocks",
                    "part": "7",
                    "replacement-node": 68,
                    "expression-node": 69,
                    "template-line-number": 282,
                    "node-pos": 135
                },
                {
                    "name": "InvestCommStocks",
                    "part": "8",
                    "replacement-node": 72,
                    "expression-node": 73,
                    "template-line-number": 289,
                    "node-pos": 140
                }
            ]
        },
        "rule-40": {
            "name": "ColumnHeadings",
            "subs": [
                {
                    "name": "ColumnHeadings",
                    "part": "1",
                    "replacement-node": 40,
                    "template-line-number": 160,
                    "extras": {},
                    "node-pos": 88
                },
                {
                    "name": "ColumnHeadings",
                    "part": "2",
                    "replacement-node": 43,
                    "template-line-number": 168,
                    "extras": {},
                    "node-pos": 92
                },
                {
                    "name": "ColumnHeadings",
                    "part": "3",
                    "replacement-node": 38,
                    "template-line-number": 156,
                    "extras": {},
                    "node-pos": 86
                }
            ]
        },
        "rule-41": {
            "name": "CoControlledDirectly",
            "subs": [
                {
                    "name": "CoControlledDirectly",
                    "part": "2",
                    "replacement-node": 150,
                    "expression-node": 151,
                    "template-line-number": 624,
                    "node-pos": 265
                },
                {
                    "name": "CoControlledDirectly",
                    "part": "3",
                    "replacement-node": 153,
                    "expression-node": 154,
                    "template-line-number": 629,
                    "node-pos": 269
                },
                {
                    "name": "CoControlledDirectly",
                    "part": "4",
                    "replacement-node": 156,
                    "expression-node": 157,
                    "template-line-number": 634,
                    "node-pos": 273
                },
                {
                    "name": "CoControlledDirectly",
                    "part": "5",
                    "replacement-node": 159,
                    "expression-node": 160,
                    "template-line-number": 639,
                    "node-pos": 277
                },
                {
                    "name": "CoControlledDirectly",
                    "part": "6",
                    "replacement-node": 162,
                    "expression-node": 163,
                    "template-line-number": 644,
                    "node-pos": 281
                },
                {
                    "name": "CoControlledDirectly",
                    "part": "7",
                    "replacement-node": 165,
                    "expression-node": 166,
                    "template-line-number": 649,
                    "node-pos": 285
                }
            ]
        },
        "rule-42": {
            "name": "ColumnHeadings2",
            "subs": [
                {
                    "name": "ColumnHeadings2",
                    "part": "1",
                    "replacement-node": 141,
                    "template-line-number": 552,
                    "extras": {},
                    "node-pos": 252
                },
                {
                    "name": "ColumnHeadings2",
                    "part": "2",
                    "replacement-node": 144,
                    "template-line-number": 560,
                    "extras": {},
                    "node-pos": 256
                },
                {
                    "name": "ColumnHeadings2",
                    "part": "3",
                    "replacement-node": 139,
                    "template-line-number": 548,
                    "extras": {},
                    "node-pos": 250
                }
            ]
        }
    },
    "line-numbers": {
        "InvestCommStocks": [
            {
                "line-number-node": 50,
                "start-number": 1,
                "template-line-number": 252
            }
        ],
        "CoControlledDirectly": [
            {
                "line-number-node": 148,
                "start-number": 1,
                "template-line-number": 620
            }
        ]
    },
    "showifs": {
        "rule-1": {
            "type": "showif",
            "template-line-number": 18
        }
    },
    "footnotes": {},
    "standard-rules": [
        "rule-2",
        "rule-3",
        "rule-4",
        "rule-5",
        "rule-6",
        "rule-7",
        "rule-8",
        "rule-9",
        "rule-10",
        "rule-11",
        "rule-12",
        "rule-13",
        "rule-14",
        "rule-15",
        "rule-16",
        "rule-17",
        "rule-18",
        "rule-19",
        "rule-20",
        "rule-21",
        "rule-22",
        "rule-23",
        "rule-24",
        "rule-25",
        "rule-26",
        "rule-27",
        "rule-28",
        "rule-29",
        "rule-30",
        "rule-31",
        "rule-32",
        "rule-33",
        "rule-34",
        "rule-35",
        "rule-36",
        "rule-37",
        "rule-38",
        "rule-39",
        "rule-40",
        "rule-41",
        "rule-42"
    ],
    "footnote-rules": []
}