{
    "substitutions": {
        "rule-2": [
            {
                "part": null,
                "replacement-node": 1,
                "template-line-number": 28,
                "node-pos": 11
            }
        ],
        "rule-3": [
            {
                "part": null,
                "replacement-node": 4,
                "expression-node": 5,
                "template-line-number": 33,
                "node-pos": 15
            }
        ],
        "rule-4": [
            {
                "part": null,
                "replacement-node": 7,
                "template-line-number": 39,
                "node-pos": 19
            }
        ],
        "rule-5": [
            {
                "part": null,
                "replacement-node": 10,
                "template-line-number": 45,
                "node-pos": 23,
                "html": true
            }
        ],
        "rule-6": [
            {
                "part": null,
                "replacement-node": 13,
                "template-line-number": 57,
                "node-pos": 28,
                "html": true
            }
        ],
        "rule-7": [
            {
                "part": null,
                "replacement-node": 16,
                "template-line-number": 68,
                "node-pos": 33
            }
        ],
        "rule-8": [
            {
                "part": null,
                "replacement-node": 19,
                "expression-node": 20,
                "template-line-number": 73,
                "node-pos": 37
            }
        ],
        "rule-9": [
            {
                "part": null,
                "replacement-node": 22,
                "template-line-number": 78,
                "node-pos": 41
            }
        ],
        "rule-10": [
            {
                "part": null,
                "replacement-node": 25,
                "expression-node": 26,
                "template-line-number": 83,
                "node-pos": 45
            }
        ],
        "rule-11": [
            {
                "part": null,
                "replacement-node": 28,
                "expression-node": 29,
                "template-line-number": 88,
                "node-pos": 49
            }
        ],
        "rule-12": [
            {
                "part": null,
                "replacement-node": 31,
                "template-line-number": 98,
                "node-pos": 55
            }
        ],
        "rule-13": [
            {
                "part": null,
                "replacement-node": 34,
                "template-line-number": 109,
                "node-pos": 60,
                "html": true
            }
        ],
        "rule-14": [
            {
                "part": null,
                "replacement-node": 76,
                "expression-node": 77,
                "template-line-number": 314,
                "node-pos": 137
            }
        ],
        "rule-15": [
            {
                "part": null,
                "replacement-node": 79,
                "template-line-number": 319,
                "node-pos": 141
            }
        ],
        "rule-16": [
            {
                "part": null,
                "replacement-node": 82,
                "template-line-number": 328,
                "node-pos": 145
            }
        ],
        "rule-17": {
            "name": "ColumnHeadings",
            "subs": [
                {
                    "name": "ColumnHeadings",
                    "part": "1",
                    "replacement-node": 38,
                    "template-line-number": 154,
                    "extras": {},
                    "node-pos": 84
                },
                {
                    "name": "ColumnHeadings",
                    "part": "2",
                    "replacement-node": 41,
                    "template-line-number": 161,
                    "extras": {},
                    "node-pos": 88
                }
            ]
        },
        "rule-18": {
            "name": "UndividedJIPropertyItems",
            "subs": [
                {
                    "name": "UndividedJIPropertyItems",
                    "part": "1",
                    "replacement-node": 45,
                    "template-line-number": 236,
                    "extras": {},
                    "node-pos": 94
                },
                {
                    "name": "UndividedJIPropertyItems",
                    "part": "1",
                    "replacement-node": 49,
                    "template-line-number": 246,
                    "extras": {},
                    "node-pos": 99
                },
                {
                    "name": "UndividedJIPropertyItems",
                    "part": "2",
                    "replacement-node": 52,
                    "expression-node": 53,
                    "template-line-number": 252,
                    "node-pos": 103
                },
                {
                    "name": "UndividedJIPropertyItems",
                    "part": "3",
                    "replacement-node": 55,
                    "expression-node": 56,
                    "template-line-number": 259,
                    "node-pos": 107
                },
                {
                    "name": "UndividedJIPropertyItems",
                    "part": "4",
                    "replacement-node": 58,
                    "expression-node": 59,
                    "template-line-number": 266,
                    "node-pos": 111
                },
                {
                    "name": "UndividedJIPropertyItems",
                    "part": "5",
                    "replacement-node": 61,
                    "expression-node": 62,
                    "template-line-number": 273,
                    "node-pos": 115
                },
                {
                    "name": "UndividedJIPropertyItems",
                    "part": "6",
                    "replacement-node": 64,
                    "expression-node": 65,
                    "template-line-number": 280,
                    "node-pos": 119
                },
                {
                    "name": "UndividedJIPropertyItems",
                    "part": "7",
                    "replacement-node": 67,
                    "expression-node": 68,
                    "template-line-number": 286,
                    "node-pos": 123
                },
                {
                    "name": "UndividedJIPropertyItems",
                    "part": "8",
                    "replacement-node": 70,
                    "expression-node": 71,
                    "template-line-number": 293,
                    "node-pos": 127
                },
                {
                    "name": "UndividedJIPropertyItems",
                    "part": "9",
                    "replacement-node": 73,
                    "expression-node": 74,
                    "template-line-number": 302,
                    "node-pos": 131
                }
            ]
        }
    },
    "line-numbers": {},
    "showifs": {
        "rule-1": {
            "type": "showif",
            "template-line-number": 18
        }
    },
    "footnotes": {},
    "standard-rules": [
        "rule-2",
        "rule-3",
        "rule-4",
        "rule-5",
        "rule-6",
        "rule-7",
        "rule-8",
        "rule-9",
        "rule-10",
        "rule-11",
        "rule-12",
        "rule-13",
        "rule-14",
        "rule-15",
        "rule-16",
        "rule-17",
        "rule-18"
    ],
    "footnote-rules": []
}