{
    "substitutions": {
        "rule-2": [
            {
                "part": null,
                "replacement-node": 1,
                "template-line-number": 27,
                "node-pos": 10
            }
        ],
        "rule-3": [
            {
                "part": null,
                "replacement-node": 4,
                "expression-node": 5,
                "template-line-number": 32,
                "node-pos": 14
            }
        ],
        "rule-4": [
            {
                "part": null,
                "replacement-node": 7,
                "template-line-number": 38,
                "node-pos": 18
            }
        ],
        "rule-5": [
            {
                "part": null,
                "replacement-node": 10,
                "template-line-number": 44,
                "node-pos": 22,
                "html": true
            }
        ],
        "rule-6": [
            {
                "part": null,
                "replacement-node": 13,
                "template-line-number": 56,
                "node-pos": 27,
                "html": true
            }
        ],
        "rule-7": [
            {
                "part": null,
                "replacement-node": 16,
                "template-line-number": 67,
                "node-pos": 32
            }
        ],
        "rule-8": [
            {
                "part": null,
                "replacement-node": 19,
                "expression-node": 20,
                "template-line-number": 72,
                "node-pos": 36
            }
        ],
        "rule-9": [
            {
                "part": null,
                "replacement-node": 22,
                "template-line-number": 77,
                "node-pos": 40
            }
        ],
        "rule-10": [
            {
                "part": null,
                "replacement-node": 25,
                "expression-node": 26,
                "template-line-number": 82,
                "node-pos": 44
            }
        ],
        "rule-11": [
            {
                "part": null,
                "replacement-node": 28,
                "expression-node": 29,
                "template-line-number": 87,
                "node-pos": 48
            }
        ],
        "rule-12": [
            {
                "part": null,
                "replacement-node": 31,
                "template-line-number": 97,
                "node-pos": 54
            }
        ],
        "rule-13": [
            {
                "part": null,
                "replacement-node": 34,
                "template-line-number": 108,
                "node-pos": 59,
                "html": true
            }
        ],
        "rule-14": [
            {
                "part": null,
                "replacement-node": 67,
                "template-line-number": 263,
                "node-pos": 113
            }
        ],
        "rule-15": [
            {
                "part": null,
                "replacement-node": 70,
                "expression-node": 71,
                "template-line-number": 275,
                "node-pos": 118
            }
        ],
        "rule-16": [
            {
                "part": null,
                "replacement-node": 73,
                "expression-node": 74,
                "template-line-number": 288,
                "node-pos": 124
            }
        ],
        "rule-17": [
            {
                "part": null,
                "replacement-node": 76,
                "template-line-number": 293,
                "node-pos": 128
            }
        ],
        "rule-18": [
            {
                "part": null,
                "replacement-node": 79,
                "template-line-number": 302,
                "node-pos": 132
            }
        ],
        "rule-19": {
            "name": "GeneralExpensesHeadings",
            "subs": [
                {
                    "name": "GeneralExpensesHeadings",
                    "part": "1",
                    "replacement-node": 38,
                    "template-line-number": 134,
                    "extras": {},
                    "node-pos": 70
                },
                {
                    "name": "GeneralExpensesHeadings",
                    "part": "2",
                    "replacement-node": 41,
                    "template-line-number": 141,
                    "extras": {},
                    "node-pos": 74
                }
            ]
        },
        "rule-20": {
            "name": "GeneralExpensesLineItems",
            "subs": [
                {
                    "name": "GeneralExpensesLineItems",
                    "part": "1",
                    "replacement-node": 45,
                    "template-line-number": 176,
                    "extras": {},
                    "node-pos": 80
                },
                {
                    "name": "GeneralExpensesLineItems",
                    "part": "2",
                    "replacement-node": 50,
                    "template-line-number": 187,
                    "extras": {},
                    "node-pos": 88
                },
                {
                    "name": "GeneralExpensesLineItems",
                    "part": "4",
                    "replacement-node": 54,
                    "expression-node": 55,
                    "template-line-number": 197,
                    "node-pos": 93
                },
                {
                    "name": "GeneralExpensesLineItems",
                    "part": "6",
                    "replacement-node": 48,
                    "template-line-number": 183,
                    "extras": {},
                    "node-pos": 86
                }
            ]
        },
        "rule-21": {
            "name": "MiscGenExpenses",
            "subs": [
                {
                    "name": "MiscGenExpenses",
                    "part": "2",
                    "replacement-node": 61,
                    "expression-node": 62,
                    "template-line-number": 247,
                    "node-pos": 103
                },
                {
                    "name": "MiscGenExpenses",
                    "part": "3",
                    "replacement-node": 64,
                    "expression-node": 65,
                    "template-line-number": 252,
                    "node-pos": 107
                }
            ]
        }
    },
    "line-numbers": {
        "MiscGenExpenses": [
            {
                "line-number-node": 58,
                "start-number": 4,
                "template-line-number": 244
            }
        ]
    },
    "showifs": {
        "rule-1": {
            "type": "showif",
            "template-line-number": 17
        }
    },
    "footnotes": {},
    "standard-rules": [
        "rule-2",
        "rule-3",
        "rule-4",
        "rule-5",
        "rule-6",
        "rule-7",
        "rule-8",
        "rule-9",
        "rule-10",
        "rule-11",
        "rule-12",
        "rule-13",
        "rule-14",
        "rule-15",
        "rule-16",
        "rule-17",
        "rule-18",
        "rule-19",
        "rule-20",
        "rule-21"
    ],
    "footnote-rules": []
}