{
    "substitutions": {
        "rule-2": [
            {
                "part": null,
                "replacement-node": 1,
                "template-line-number": 31,
                "node-pos": 10
            }
        ],
        "rule-3": [
            {
                "part": null,
                "replacement-node": 4,
                "expression-node": 5,
                "template-line-number": 35,
                "node-pos": 14
            }
        ],
        "rule-4": [
            {
                "part": null,
                "replacement-node": 7,
                "template-line-number": 41,
                "node-pos": 18
            }
        ],
        "rule-5": [
            {
                "part": null,
                "replacement-node": 10,
                "template-line-number": 47,
                "node-pos": 22,
                "html": true
            }
        ],
        "rule-6": [
            {
                "part": null,
                "replacement-node": 13,
                "template-line-number": 59,
                "node-pos": 27,
                "html": true
            }
        ],
        "rule-7": [
            {
                "part": null,
                "replacement-node": 16,
                "template-line-number": 70,
                "node-pos": 32
            }
        ],
        "rule-8": [
            {
                "part": null,
                "replacement-node": 19,
                "expression-node": 20,
                "template-line-number": 74,
                "node-pos": 36
            }
        ],
        "rule-9": [
            {
                "part": null,
                "replacement-node": 22,
                "template-line-number": 79,
                "node-pos": 40
            }
        ],
        "rule-10": [
            {
                "part": null,
                "replacement-node": 25,
                "expression-node": 26,
                "template-line-number": 83,
                "node-pos": 44
            }
        ],
        "rule-11": [
            {
                "part": null,
                "replacement-node": 28,
                "expression-node": 29,
                "template-line-number": 88,
                "node-pos": 48
            }
        ],
        "rule-12": [
            {
                "part": null,
                "replacement-node": 31,
                "template-line-number": 98,
                "node-pos": 54
            }
        ],
        "rule-13": [
            {
                "part": null,
                "replacement-node": 34,
                "template-line-number": 110,
                "node-pos": 59,
                "html": true
            }
        ],
        "rule-14": [
            {
                "part": null,
                "replacement-node": 44,
                "template-line-number": 165,
                "node-pos": 86
            }
        ],
        "rule-15": [
            {
                "part": null,
                "replacement-node": 47,
                "expression-node": 48,
                "template-line-number": 178,
                "node-pos": 91
            }
        ],
        "rule-16": [
            {
                "part": null,
                "replacement-node": 50,
                "expression-node": 51,
                "template-line-number": 187,
                "node-pos": 95
            }
        ],
        "rule-17": [
            {
                "part": null,
                "replacement-node": 53,
                "expression-node": 54,
                "template-line-number": 196,
                "node-pos": 99
            }
        ],
        "rule-18": [
            {
                "part": null,
                "replacement-node": 56,
                "expression-node": 57,
                "template-line-number": 205,
                "node-pos": 103
            }
        ],
        "rule-19": [
            {
                "part": null,
                "replacement-node": 59,
                "template-line-number": 218,
                "node-pos": 109
            }
        ],
        "rule-20": [
            {
                "part": null,
                "replacement-node": 102,
                "template-line-number": 420,
                "node-pos": 178
            }
        ],
        "rule-21": [
            {
                "part": null,
                "replacement-node": 105,
                "expression-node": 106,
                "template-line-number": 433,
                "node-pos": 183
            }
        ],
        "rule-22": [
            {
                "part": null,
                "replacement-node": 108,
                "expression-node": 109,
                "template-line-number": 442,
                "node-pos": 187
            }
        ],
        "rule-23": [
            {
                "part": null,
                "replacement-node": 111,
                "expression-node": 112,
                "template-line-number": 451,
                "node-pos": 191
            }
        ],
        "rule-24": [
            {
                "part": null,
                "replacement-node": 114,
                "expression-node": 115,
                "template-line-number": 460,
                "node-pos": 195
            }
        ],
        "rule-25": [
            {
                "part": null,
                "replacement-node": 117,
                "template-line-number": 475,
                "node-pos": 201
            }
        ],
        "rule-26": [
            {
                "part": null,
                "replacement-node": 146,
                "template-line-number": 596,
                "node-pos": 249
            }
        ],
        "rule-27": [
            {
                "part": null,
                "replacement-node": 149,
                "expression-node": 150,
                "template-line-number": 609,
                "node-pos": 254
            }
        ],
        "rule-28": [
            {
                "part": null,
                "replacement-node": 153,
                "expression-node": 154,
                "template-line-number": 619,
                "node-pos": 259
            }
        ],
        "rule-29": [
            {
                "part": null,
                "replacement-node": 157,
                "expression-node": 158,
                "template-line-number": 629,
                "node-pos": 264
            }
        ],
        "rule-30": [
            {
                "part": null,
                "replacement-node": 161,
                "expression-node": 162,
                "template-line-number": 639,
                "node-pos": 269
            }
        ],
        "rule-31": [
            {
                "part": null,
                "replacement-node": 187,
                "template-line-number": 747,
                "node-pos": 307
            }
        ],
        "rule-32": [
            {
                "part": null,
                "replacement-node": 190,
                "expression-node": 191,
                "template-line-number": 760,
                "node-pos": 312
            }
        ],
        "rule-33": [
            {
                "part": null,
                "replacement-node": 194,
                "expression-node": 195,
                "template-line-number": 770,
                "node-pos": 317
            }
        ],
        "rule-34": [
            {
                "part": null,
                "replacement-node": 198,
                "expression-node": 199,
                "template-line-number": 780,
                "node-pos": 322
            }
        ],
        "rule-35": [
            {
                "part": null,
                "replacement-node": 202,
                "expression-node": 203,
                "template-line-number": 790,
                "node-pos": 327
            }
        ],
        "rule-36": [
            {
                "part": null,
                "replacement-node": 206,
                "template-line-number": 808,
                "node-pos": 336
            }
        ],
        "rule-37": [
            {
                "part": null,
                "replacement-node": 209,
                "expression-node": 210,
                "template-line-number": 821,
                "node-pos": 341
            }
        ],
        "rule-38": [
            {
                "part": null,
                "replacement-node": 212,
                "expression-node": 213,
                "template-line-number": 830,
                "node-pos": 345
            }
        ],
        "rule-39": [
            {
                "part": null,
                "replacement-node": 215,
                "expression-node": 216,
                "template-line-number": 839,
                "node-pos": 349
            }
        ],
        "rule-40": [
            {
                "part": null,
                "replacement-node": 218,
                "expression-node": 219,
                "template-line-number": 848,
                "node-pos": 353
            }
        ],
        "rule-41": [
            {
                "part": null,
                "replacement-node": 243,
                "template-line-number": 964,
                "node-pos": 394
            }
        ],
        "rule-42": [
            {
                "part": null,
                "replacement-node": 246,
                "expression-node": 247,
                "template-line-number": 977,
                "node-pos": 399
            }
        ],
        "rule-43": [
            {
                "part": null,
                "replacement-node": 249,
                "expression-node": 250,
                "template-line-number": 986,
                "node-pos": 403
            }
        ],
        "rule-44": [
            {
                "part": null,
                "replacement-node": 252,
                "expression-node": 253,
                "template-line-number": 995,
                "node-pos": 407
            }
        ],
        "rule-45": [
            {
                "part": null,
                "replacement-node": 255,
                "expression-node": 256,
                "template-line-number": 1004,
                "node-pos": 411
            }
        ],
        "rule-46": [
            {
                "part": null,
                "replacement-node": 258,
                "expression-node": 259,
                "template-line-number": 1020,
                "node-pos": 417
            }
        ],
        "rule-47": [
            {
                "part": null,
                "replacement-node": 261,
                "template-line-number": 1025,
                "node-pos": 421
            }
        ],
        "rule-48": [
            {
                "part": null,
                "replacement-node": 264,
                "template-line-number": 1034,
                "node-pos": 425
            }
        ],
        "rule-49": {
            "name": "APLineItems2",
            "subs": [
                {
                    "name": "APLineItems2",
                    "part": "1",
                    "replacement-node": 121,
                    "template-line-number": 534,
                    "extras": {},
                    "node-pos": 212
                },
                {
                    "name": "APLineItems2",
                    "part": "2",
                    "replacement-node": 126,
                    "template-line-number": 545,
                    "extras": {},
                    "node-pos": 220
                },
                {
                    "name": "APLineItems2",
                    "part": "4",
                    "replacement-node": 130,
                    "expression-node": 131,
                    "template-line-number": 555,
                    "node-pos": 225
                },
                {
                    "name": "APLineItems2",
                    "part": "5",
                    "replacement-node": 134,
                    "expression-node": 135,
                    "template-line-number": 563,
                    "node-pos": 230
                },
                {
                    "name": "APLineItems2",
                    "part": "6",
                    "replacement-node": 124,
                    "template-line-number": 541,
                    "extras": {},
                    "node-pos": 218
                },
                {
                    "name": "APLineItems2",
                    "part": "6",
                    "replacement-node": 138,
                    "expression-node": 139,
                    "template-line-number": 571,
                    "node-pos": 235
                },
                {
                    "name": "APLineItems2",
                    "part": "7",
                    "replacement-node": 142,
                    "expression-node": 143,
                    "template-line-number": 578,
                    "node-pos": 240
                }
            ]
        },
        "rule-50": {
            "name": "SectionASequence1",
            "subs": [
                {
                    "name": "SectionASequence1",
                    "part": "2",
                    "replacement-node": 87,
                    "expression-node": 88,
                    "template-line-number": 382,
                    "node-pos": 154
                },
                {
                    "name": "SectionASequence1",
                    "part": "3",
                    "replacement-node": 90,
                    "expression-node": 91,
                    "template-line-number": 387,
                    "node-pos": 158
                },
                {
                    "name": "SectionASequence1",
                    "part": "4",
                    "replacement-node": 93,
                    "expression-node": 94,
                    "template-line-number": 392,
                    "node-pos": 162
                },
                {
                    "name": "SectionASequence1",
                    "part": "5",
                    "replacement-node": 96,
                    "expression-node": 97,
                    "template-line-number": 397,
                    "node-pos": 166
                },
                {
                    "name": "SectionASequence1",
                    "part": "6",
                    "replacement-node": 99,
                    "expression-node": 100,
                    "template-line-number": 402,
                    "node-pos": 170
                }
            ]
        },
        "rule-51": {
            "name": "APLineItems",
            "subs": [
                {
                    "name": "APLineItems",
                    "part": "1",
                    "replacement-node": 63,
                    "template-line-number": 274,
                    "extras": {},
                    "node-pos": 120
                },
                {
                    "name": "APLineItems",
                    "part": "2",
                    "replacement-node": 68,
                    "template-line-number": 285,
                    "extras": {},
                    "node-pos": 128
                },
                {
                    "name": "APLineItems",
                    "part": "4",
                    "replacement-node": 72,
                    "expression-node": 73,
                    "template-line-number": 295,
                    "node-pos": 133
                },
                {
                    "name": "APLineItems",
                    "part": "5",
                    "replacement-node": 75,
                    "expression-node": 76,
                    "template-line-number": 302,
                    "node-pos": 137
                },
                {
                    "name": "APLineItems",
                    "part": "6",
                    "replacement-node": 66,
                    "template-line-number": 281,
                    "extras": {},
                    "node-pos": 126
                },
                {
                    "name": "APLineItems",
                    "part": "6",
                    "replacement-node": 78,
                    "expression-node": 79,
                    "template-line-number": 309,
                    "node-pos": 141
                },
                {
                    "name": "APLineItems",
                    "part": "7",
                    "replacement-node": 81,
                    "expression-node": 82,
                    "template-line-number": 315,
                    "node-pos": 145
                }
            ]
        },
        "rule-52": {
            "name": "APHeadings",
            "subs": [
                {
                    "name": "APHeadings",
                    "part": "1",
                    "replacement-node": 38,
                    "template-line-number": 138,
                    "extras": {},
                    "node-pos": 72
                },
                {
                    "name": "APHeadings",
                    "part": "2",
                    "replacement-node": 41,
                    "template-line-number": 145,
                    "extras": {},
                    "node-pos": 76
                }
            ]
        },
        "rule-53": {
            "name": "APLineItems3",
            "subs": [
                {
                    "name": "APLineItems3",
                    "part": "1",
                    "replacement-node": 222,
                    "template-line-number": 908,
                    "extras": {},
                    "node-pos": 361
                },
                {
                    "name": "APLineItems3",
                    "part": "2",
                    "replacement-node": 227,
                    "template-line-number": 919,
                    "extras": {},
                    "node-pos": 369
                },
                {
                    "name": "APLineItems3",
                    "part": "4",
                    "replacement-node": 231,
                    "expression-node": 232,
                    "template-line-number": 929,
                    "node-pos": 374
                },
                {
                    "name": "APLineItems3",
                    "part": "5",
                    "replacement-node": 234,
                    "expression-node": 235,
                    "template-line-number": 936,
                    "node-pos": 378
                },
                {
                    "name": "APLineItems3",
                    "part": "6",
                    "replacement-node": 225,
                    "template-line-number": 915,
                    "extras": {},
                    "node-pos": 367
                },
                {
                    "name": "APLineItems3",
                    "part": "6",
                    "replacement-node": 237,
                    "expression-node": 238,
                    "template-line-number": 943,
                    "node-pos": 382
                },
                {
                    "name": "APLineItems3",
                    "part": "7",
                    "replacement-node": 240,
                    "expression-node": 241,
                    "template-line-number": 949,
                    "node-pos": 386
                }
            ]
        },
        "rule-54": {
            "name": "SectionASequence2",
            "subs": [
                {
                    "name": "SectionASequence2",
                    "part": "2",
                    "replacement-node": 168,
                    "expression-node": 169,
                    "template-line-number": 709,
                    "node-pos": 279
                },
                {
                    "name": "SectionASequence2",
                    "part": "3",
                    "replacement-node": 171,
                    "expression-node": 172,
                    "template-line-number": 714,
                    "node-pos": 283
                },
                {
                    "name": "SectionASequence2",
                    "part": "4",
                    "replacement-node": 175,
                    "expression-node": 176,
                    "template-line-number": 720,
                    "node-pos": 288
                },
                {
                    "name": "SectionASequence2",
                    "part": "5",
                    "replacement-node": 179,
                    "expression-node": 180,
                    "template-line-number": 726,
                    "node-pos": 293
                },
                {
                    "name": "SectionASequence2",
                    "part": "6",
                    "replacement-node": 183,
                    "expression-node": 184,
                    "template-line-number": 732,
                    "node-pos": 298
                }
            ]
        }
    },
    "line-numbers": {
        "SectionASequence1": [
            {
                "line-number-node": 85,
                "start-number": 9,
                "template-line-number": 378,
                "sub-number": true
            }
        ],
        "SectionASequence2": [
            {
                "line-number-node": 166,
                "start-number": 17,
                "template-line-number": 705,
                "sub-number": true
            }
        ]
    },
    "showifs": {
        "rule-1": {
            "type": "showif",
            "template-line-number": 18
        }
    },
    "footnotes": {},
    "standard-rules": [
        "rule-2",
        "rule-3",
        "rule-4",
        "rule-5",
        "rule-6",
        "rule-7",
        "rule-8",
        "rule-9",
        "rule-10",
        "rule-11",
        "rule-12",
        "rule-13",
        "rule-14",
        "rule-15",
        "rule-16",
        "rule-17",
        "rule-18",
        "rule-19",
        "rule-20",
        "rule-21",
        "rule-22",
        "rule-23",
        "rule-24",
        "rule-25",
        "rule-26",
        "rule-27",
        "rule-28",
        "rule-29",
        "rule-30",
        "rule-31",
        "rule-32",
        "rule-33",
        "rule-34",
        "rule-35",
        "rule-36",
        "rule-37",
        "rule-38",
        "rule-39",
        "rule-40",
        "rule-41",
        "rule-42",
        "rule-43",
        "rule-44",
        "rule-45",
        "rule-46",
        "rule-47",
        "rule-48",
        "rule-49",
        "rule-50",
        "rule-51",
        "rule-52",
        "rule-53",
        "rule-54"
    ],
    "footnote-rules": []
}