{
    "substitutions": {
        "rule-1": [
            {
                "part": null,
                "replacement-node": 0,
                "template-line-number": 22,
                "node-pos": 10
            }
        ],
        "rule-2": [
            {
                "part": null,
                "replacement-node": 3,
                "expression-node": 4,
                "template-line-number": 26,
                "node-pos": 14
            }
        ],
        "rule-3": [
            {
                "part": null,
                "replacement-node": 6,
                "template-line-number": 32,
                "node-pos": 18
            }
        ],
        "rule-4": [
            {
                "part": null,
                "replacement-node": 9,
                "template-line-number": 38,
                "node-pos": 22,
                "html": true
            }
        ],
        "rule-5": [
            {
                "part": null,
                "replacement-node": 12,
                "template-line-number": 50,
                "node-pos": 27,
                "html": true
            }
        ],
        "rule-6": [
            {
                "part": null,
                "replacement-node": 15,
                "template-line-number": 61,
                "node-pos": 32
            }
        ],
        "rule-7": [
            {
                "part": null,
                "replacement-node": 18,
                "expression-node": 19,
                "template-line-number": 65,
                "node-pos": 36
            }
        ],
        "rule-8": [
            {
                "part": null,
                "replacement-node": 21,
                "template-line-number": 70,
                "node-pos": 40
            }
        ],
        "rule-9": [
            {
                "part": null,
                "replacement-node": 24,
                "expression-node": 25,
                "template-line-number": 74,
                "node-pos": 44
            }
        ],
        "rule-10": [
            {
                "part": null,
                "replacement-node": 27,
                "expression-node": 28,
                "template-line-number": 79,
                "node-pos": 48
            }
        ],
        "rule-11": [
            {
                "part": null,
                "replacement-node": 30,
                "template-line-number": 89,
                "node-pos": 54
            }
        ],
        "rule-12": [
            {
                "part": null,
                "replacement-node": 33,
                "template-line-number": 100,
                "node-pos": 59,
                "html": true
            }
        ],
        "rule-13": [
            {
                "part": null,
                "replacement-node": 64,
                "expression-node": 65,
                "template-line-number": 251,
                "node-pos": 107
            }
        ],
        "rule-14": [
            {
                "part": null,
                "replacement-node": 67,
                "template-line-number": 257,
                "node-pos": 111
            }
        ],
        "rule-15": [
            {
                "part": null,
                "replacement-node": 70,
                "template-line-number": 267,
                "node-pos": 115
            }
        ],
        "rule-16": {
            "name": "CommonStockLineItems",
            "subs": [
                {
                    "name": "CommonStockLineItems",
                    "part": "2",
                    "replacement-node": 46,
                    "expression-node": 47,
                    "template-line-number": 201,
                    "node-pos": 81
                },
                {
                    "name": "CommonStockLineItems",
                    "part": "3",
                    "replacement-node": 49,
                    "expression-node": 50,
                    "template-line-number": 209,
                    "node-pos": 85
                },
                {
                    "name": "CommonStockLineItems",
                    "part": "4",
                    "replacement-node": 52,
                    "expression-node": 53,
                    "template-line-number": 217,
                    "node-pos": 89
                },
                {
                    "name": "CommonStockLineItems",
                    "part": "5",
                    "replacement-node": 55,
                    "expression-node": 56,
                    "template-line-number": 224,
                    "node-pos": 93
                },
                {
                    "name": "CommonStockLineItems",
                    "part": "6",
                    "replacement-node": 58,
                    "expression-node": 59,
                    "template-line-number": 231,
                    "node-pos": 97
                },
                {
                    "name": "CommonStockLineItems",
                    "part": "7",
                    "replacement-node": 61,
                    "expression-node": 62,
                    "template-line-number": 238,
                    "node-pos": 101
                }
            ]
        },
        "rule-17": {
            "name": "CPHeadings",
            "subs": [
                {
                    "name": "CPHeadings",
                    "part": "1",
                    "replacement-node": 37,
                    "template-line-number": 125,
                    "extras": {},
                    "node-pos": 68
                },
                {
                    "name": "CPHeadings",
                    "part": "2",
                    "replacement-node": 40,
                    "template-line-number": 132,
                    "extras": {},
                    "node-pos": 72
                }
            ]
        }
    },
    "line-numbers": {
        "CommonStockLineItems": [
            {
                "line-number-node": 44,
                "start-number": 1,
                "template-line-number": 194
            }
        ]
    },
    "showifs": {},
    "footnotes": {},
    "standard-rules": [
        "rule-1",
        "rule-2",
        "rule-3",
        "rule-4",
        "rule-5",
        "rule-6",
        "rule-7",
        "rule-8",
        "rule-9",
        "rule-10",
        "rule-11",
        "rule-12",
        "rule-13",
        "rule-14",
        "rule-15",
        "rule-16",
        "rule-17"
    ],
    "footnote-rules": []
}