{
    "substitutions": {
        "rule-2": [
            {
                "part": null,
                "replacement-node": 1,
                "template-line-number": 33,
                "node-pos": 10
            }
        ],
        "rule-3": [
            {
                "part": null,
                "replacement-node": 4,
                "expression-node": 5,
                "template-line-number": 38,
                "node-pos": 14
            }
        ],
        "rule-4": [
            {
                "part": null,
                "replacement-node": 7,
                "template-line-number": 44,
                "node-pos": 18
            }
        ],
        "rule-5": [
            {
                "part": null,
                "replacement-node": 10,
                "template-line-number": 50,
                "node-pos": 22,
                "html": true
            }
        ],
        "rule-6": [
            {
                "part": null,
                "replacement-node": 13,
                "template-line-number": 62,
                "node-pos": 27,
                "html": true
            }
        ],
        "rule-7": [
            {
                "part": null,
                "replacement-node": 16,
                "template-line-number": 73,
                "node-pos": 32
            }
        ],
        "rule-8": [
            {
                "part": null,
                "replacement-node": 19,
                "expression-node": 20,
                "template-line-number": 77,
                "node-pos": 36
            }
        ],
        "rule-9": [
            {
                "part": null,
                "replacement-node": 22,
                "template-line-number": 82,
                "node-pos": 40
            }
        ],
        "rule-10": [
            {
                "part": null,
                "replacement-node": 25,
                "expression-node": 26,
                "template-line-number": 86,
                "node-pos": 44
            }
        ],
        "rule-11": [
            {
                "part": null,
                "replacement-node": 28,
                "expression-node": 29,
                "template-line-number": 91,
                "node-pos": 48
            }
        ],
        "rule-12": [
            {
                "part": null,
                "replacement-node": 31,
                "template-line-number": 101,
                "node-pos": 54
            }
        ],
        "rule-13": [
            {
                "part": null,
                "replacement-node": 66,
                "expression-node": 67,
                "template-line-number": 237,
                "node-pos": 107
            }
        ],
        "rule-14": [
            {
                "part": null,
                "replacement-node": 69,
                "template-line-number": 242,
                "node-pos": 111
            }
        ],
        "rule-15": [
            {
                "part": null,
                "replacement-node": 72,
                "template-line-number": 251,
                "node-pos": 115
            }
        ],
        "rule-16": {
            "name": "APHeadings",
            "subs": [
                {
                    "name": "APHeadings",
                    "part": "1",
                    "replacement-node": 35,
                    "template-line-number": 124,
                    "extras": {},
                    "node-pos": 62
                },
                {
                    "name": "APHeadings",
                    "part": "2",
                    "replacement-node": 38,
                    "template-line-number": 131,
                    "extras": {},
                    "node-pos": 66
                }
            ]
        },
        "rule-17": {
            "name": "APLineItems",
            "subs": [
                {
                    "name": "APLineItems",
                    "part": "1",
                    "replacement-node": 42,
                    "template-line-number": 183,
                    "extras": {},
                    "node-pos": 72
                },
                {
                    "name": "APLineItems",
                    "part": "2",
                    "replacement-node": 47,
                    "template-line-number": 194,
                    "extras": {},
                    "node-pos": 80
                },
                {
                    "name": "APLineItems",
                    "part": "3",
                    "replacement-node": 51,
                    "expression-node": 52,
                    "template-line-number": 203,
                    "node-pos": 85
                },
                {
                    "name": "APLineItems",
                    "part": "4",
                    "replacement-node": 54,
                    "expression-node": 55,
                    "template-line-number": 209,
                    "node-pos": 89
                },
                {
                    "name": "APLineItems",
                    "part": "5",
                    "replacement-node": 57,
                    "expression-node": 58,
                    "template-line-number": 215,
                    "node-pos": 93
                },
                {
                    "name": "APLineItems",
                    "part": "6",
                    "replacement-node": 60,
                    "expression-node": 61,
                    "template-line-number": 221,
                    "node-pos": 97
                },
                {
                    "name": "APLineItems",
                    "part": "7",
                    "replacement-node": 63,
                    "expression-node": 64,
                    "template-line-number": 227,
                    "node-pos": 101
                },
                {
                    "name": "APLineItems",
                    "part": "8",
                    "replacement-node": 45,
                    "template-line-number": 190,
                    "extras": {},
                    "node-pos": 78
                }
            ]
        }
    },
    "line-numbers": {},
    "showifs": {
        "rule-1": {
            "type": "showif",
            "template-line-number": 17
        }
    },
    "footnotes": {},
    "standard-rules": [
        "rule-2",
        "rule-3",
        "rule-4",
        "rule-5",
        "rule-6",
        "rule-7",
        "rule-8",
        "rule-9",
        "rule-10",
        "rule-11",
        "rule-12",
        "rule-13",
        "rule-14",
        "rule-15",
        "rule-16",
        "rule-17"
    ],
    "footnote-rules": []
}