{
    "substitutions": {
        "rule-2": [
            {
                "part": null,
                "replacement-node": 1,
                "template-line-number": 27,
                "node-pos": 10
            }
        ],
        "rule-3": [
            {
                "part": null,
                "replacement-node": 4,
                "expression-node": 5,
                "template-line-number": 31,
                "node-pos": 14
            }
        ],
        "rule-4": [
            {
                "part": null,
                "replacement-node": 7,
                "template-line-number": 37,
                "node-pos": 18
            }
        ],
        "rule-5": [
            {
                "part": null,
                "replacement-node": 10,
                "template-line-number": 43,
                "node-pos": 22,
                "html": true
            }
        ],
        "rule-6": [
            {
                "part": null,
                "replacement-node": 13,
                "template-line-number": 55,
                "node-pos": 27,
                "html": true
            }
        ],
        "rule-7": [
            {
                "part": null,
                "replacement-node": 16,
                "template-line-number": 66,
                "node-pos": 32
            }
        ],
        "rule-8": [
            {
                "part": null,
                "replacement-node": 19,
                "expression-node": 20,
                "template-line-number": 70,
                "node-pos": 36
            }
        ],
        "rule-9": [
            {
                "part": null,
                "replacement-node": 22,
                "template-line-number": 75,
                "node-pos": 40
            }
        ],
        "rule-10": [
            {
                "part": null,
                "replacement-node": 25,
                "expression-node": 26,
                "template-line-number": 79,
                "node-pos": 44
            }
        ],
        "rule-11": [
            {
                "part": null,
                "replacement-node": 28,
                "expression-node": 29,
                "template-line-number": 84,
                "node-pos": 48
            }
        ],
        "rule-12": [
            {
                "part": null,
                "replacement-node": 31,
                "template-line-number": 94,
                "node-pos": 54
            }
        ],
        "rule-13": [
            {
                "part": null,
                "replacement-node": 34,
                "template-line-number": 105,
                "node-pos": 59,
                "html": true
            }
        ],
        "rule-14": [
            {
                "part": null,
                "replacement-node": 46,
                "template-line-number": 163,
                "node-pos": 87
            }
        ],
        "rule-15": [
            {
                "part": null,
                "replacement-node": 59,
                "template-line-number": 232,
                "node-pos": 108
            }
        ],
        "rule-16": [
            {
                "part": null,
                "replacement-node": 62,
                "expression-node": 63,
                "template-line-number": 249,
                "node-pos": 113
            }
        ],
        "rule-17": [
            {
                "part": null,
                "replacement-node": 65,
                "template-line-number": 259,
                "node-pos": 118
            }
        ],
        "rule-18": [
            {
                "part": null,
                "replacement-node": 67,
                "template-line-number": 271,
                "node-pos": 121
            }
        ],
        "rule-19": [
            {
                "part": null,
                "replacement-node": 80,
                "template-line-number": 350,
                "node-pos": 142
            }
        ],
        "rule-20": [
            {
                "part": null,
                "replacement-node": 83,
                "expression-node": 84,
                "template-line-number": 371,
                "node-pos": 147
            }
        ],
        "rule-21": [
            {
                "part": null,
                "replacement-node": 86,
                "template-line-number": 381,
                "node-pos": 152
            }
        ],
        "rule-22": [
            {
                "part": null,
                "replacement-node": 88,
                "template-line-number": 397,
                "node-pos": 155
            }
        ],
        "rule-23": [
            {
                "part": null,
                "replacement-node": 101,
                "template-line-number": 479,
                "node-pos": 176
            }
        ],
        "rule-24": [
            {
                "part": null,
                "replacement-node": 104,
                "expression-node": 105,
                "template-line-number": 505,
                "node-pos": 181
            }
        ],
        "rule-25": [
            {
                "part": null,
                "replacement-node": 107,
                "template-line-number": 519,
                "node-pos": 186
            }
        ],
        "rule-26": [
            {
                "part": null,
                "replacement-node": 109,
                "template-line-number": 539,
                "node-pos": 189
            }
        ],
        "rule-27": [
            {
                "part": null,
                "replacement-node": 122,
                "template-line-number": 625,
                "node-pos": 210
            }
        ],
        "rule-28": [
            {
                "part": null,
                "replacement-node": 125,
                "expression-node": 126,
                "template-line-number": 654,
                "node-pos": 215
            }
        ],
        "rule-29": [
            {
                "part": null,
                "replacement-node": 128,
                "template-line-number": 665,
                "node-pos": 220
            }
        ],
        "rule-30": [
            {
                "part": null,
                "replacement-node": 130,
                "template-line-number": 689,
                "node-pos": 223
            }
        ],
        "rule-31": [
            {
                "part": null,
                "replacement-node": 143,
                "template-line-number": 779,
                "node-pos": 244
            }
        ],
        "rule-32": [
            {
                "part": null,
                "replacement-node": 146,
                "expression-node": 147,
                "template-line-number": 812,
                "node-pos": 249
            }
        ],
        "rule-33": [
            {
                "part": null,
                "replacement-node": 149,
                "template-line-number": 823,
                "node-pos": 254
            }
        ],
        "rule-34": [
            {
                "part": null,
                "replacement-node": 151,
                "template-line-number": 851,
                "node-pos": 257
            }
        ],
        "rule-35": [
            {
                "part": null,
                "replacement-node": 164,
                "template-line-number": 945,
                "node-pos": 278
            }
        ],
        "rule-36": [
            {
                "part": null,
                "replacement-node": 167,
                "expression-node": 168,
                "template-line-number": 982,
                "node-pos": 283
            }
        ],
        "rule-37": [
            {
                "part": null,
                "replacement-node": 170,
                "template-line-number": 993,
                "node-pos": 288
            }
        ],
        "rule-38": [
            {
                "part": null,
                "replacement-node": 172,
                "template-line-number": 1025,
                "node-pos": 291
            }
        ],
        "rule-39": [
            {
                "part": null,
                "replacement-node": 185,
                "template-line-number": 1123,
                "node-pos": 312
            }
        ],
        "rule-40": [
            {
                "part": null,
                "replacement-node": 188,
                "expression-node": 189,
                "template-line-number": 1164,
                "node-pos": 317
            }
        ],
        "rule-41": [
            {
                "part": null,
                "replacement-node": 191,
                "template-line-number": 1175,
                "node-pos": 322
            }
        ],
        "rule-42": [
            {
                "part": null,
                "replacement-node": 193,
                "template-line-number": 1211,
                "node-pos": 325
            }
        ],
        "rule-43": [
            {
                "part": null,
                "replacement-node": 206,
                "template-line-number": 1313,
                "node-pos": 346
            }
        ],
        "rule-44": [
            {
                "part": null,
                "replacement-node": 209,
                "expression-node": 210,
                "template-line-number": 1358,
                "node-pos": 351
            }
        ],
        "rule-45": [
            {
                "part": null,
                "replacement-node": 221,
                "expression-node": 222,
                "template-line-number": 1423,
                "node-pos": 370
            }
        ],
        "rule-46": [
            {
                "part": null,
                "replacement-node": 224,
                "template-line-number": 1428,
                "node-pos": 374
            }
        ],
        "rule-47": [
            {
                "part": null,
                "replacement-node": 227,
                "template-line-number": 1437,
                "node-pos": 378
            }
        ],
        "rule-48": {
            "name": "LifeInsuranceLineItems",
            "subs": [
                {
                    "name": "LifeInsuranceLineItems",
                    "part": "2",
                    "replacement-node": 95,
                    "expression-node": 96,
                    "template-line-number": 464,
                    "node-pos": 167
                },
                {
                    "name": "LifeInsuranceLineItems",
                    "part": "3",
                    "replacement-node": 98,
                    "expression-node": 99,
                    "template-line-number": 470,
                    "node-pos": 171
                }
            ]
        },
        "rule-49": {
            "name": "PenaltiesLineItems",
            "subs": [
                {
                    "name": "PenaltiesLineItems",
                    "part": "2",
                    "replacement-node": 116,
                    "expression-node": 117,
                    "template-line-number": 610,
                    "node-pos": 201
                },
                {
                    "name": "PenaltiesLineItems",
                    "part": "3",
                    "replacement-node": 119,
                    "expression-node": 120,
                    "template-line-number": 616,
                    "node-pos": 205
                }
            ]
        },
        "rule-50": {
            "name": "InvHeadings",
            "subs": [
                {
                    "name": "InvHeadings",
                    "part": "1",
                    "replacement-node": 40,
                    "template-line-number": 141,
                    "extras": {},
                    "node-pos": 77
                },
                {
                    "name": "InvHeadings",
                    "part": "2",
                    "replacement-node": 43,
                    "template-line-number": 150,
                    "extras": {},
                    "node-pos": 81
                },
                {
                    "name": "InvHeadings",
                    "part": "3",
                    "replacement-node": 38,
                    "template-line-number": 137,
                    "extras": {},
                    "node-pos": 75
                }
            ]
        },
        "rule-51": {
            "name": "OtherDeductionsLineItems",
            "subs": [
                {
                    "name": "OtherDeductionsLineItems",
                    "part": "2",
                    "replacement-node": 158,
                    "expression-node": 159,
                    "template-line-number": 930,
                    "node-pos": 269
                },
                {
                    "name": "OtherDeductionsLineItems",
                    "part": "3",
                    "replacement-node": 161,
                    "expression-node": 162,
                    "template-line-number": 936,
                    "node-pos": 273
                }
            ]
        },
        "rule-52": {
            "name": "InterestLineItems",
            "subs": [
                {
                    "name": "InterestLineItems",
                    "part": "2",
                    "replacement-node": 179,
                    "expression-node": 180,
                    "template-line-number": 1108,
                    "node-pos": 303
                },
                {
                    "name": "InterestLineItems",
                    "part": "3",
                    "replacement-node": 182,
                    "expression-node": 183,
                    "template-line-number": 1114,
                    "node-pos": 307
                }
            ]
        },
        "rule-53": {
            "name": "CPRLineItems",
            "subs": [
                {
                    "name": "CPRLineItems",
                    "part": "2",
                    "replacement-node": 137,
                    "expression-node": 138,
                    "template-line-number": 764,
                    "node-pos": 235
                },
                {
                    "name": "CPRLineItems",
                    "part": "3",
                    "replacement-node": 140,
                    "expression-node": 141,
                    "template-line-number": 770,
                    "node-pos": 239
                }
            ]
        },
        "rule-54": {
            "name": "OtherInterestLineItems",
            "subs": [
                {
                    "name": "OtherInterestLineItems",
                    "part": "2",
                    "replacement-node": 200,
                    "expression-node": 201,
                    "template-line-number": 1298,
                    "node-pos": 337
                },
                {
                    "name": "OtherInterestLineItems",
                    "part": "3",
                    "replacement-node": 203,
                    "expression-node": 204,
                    "template-line-number": 1304,
                    "node-pos": 341
                }
            ]
        },
        "rule-55": {
            "name": "DDAGP",
            "subs": [
                {
                    "name": "DDAGP",
                    "part": "2",
                    "replacement-node": 215,
                    "expression-node": 216,
                    "template-line-number": 1406,
                    "node-pos": 360
                },
                {
                    "name": "DDAGP",
                    "part": "3",
                    "replacement-node": 218,
                    "expression-node": 219,
                    "template-line-number": 1412,
                    "node-pos": 364
                }
            ]
        },
        "rule-56": {
            "name": "MiscAmortLineItems",
            "subs": [
                {
                    "name": "MiscAmortLineItems",
                    "part": "2",
                    "replacement-node": 53,
                    "expression-node": 54,
                    "template-line-number": 217,
                    "node-pos": 99
                },
                {
                    "name": "MiscAmortLineItems",
                    "part": "3",
                    "replacement-node": 56,
                    "expression-node": 57,
                    "template-line-number": 223,
                    "node-pos": 103
                }
            ]
        },
        "rule-57": {
            "name": "DonationsLineItems",
            "subs": [
                {
                    "name": "DonationsLineItems",
                    "part": "2",
                    "replacement-node": 74,
                    "expression-node": 75,
                    "template-line-number": 335,
                    "node-pos": 133
                },
                {
                    "name": "DonationsLineItems",
                    "part": "3",
                    "replacement-node": 77,
                    "expression-node": 78,
                    "template-line-number": 341,
                    "node-pos": 137
                }
            ]
        }
    },
    "line-numbers": {
        "MiscAmortLineItems": [
            {
                "line-number-node": 50,
                "start-number": 2,
                "template-line-number": 213
            }
        ],
        "DonationsLineItems": [
            {
                "line-number-node": 71,
                "start-rule": "rule-58",
                "template-line-number": 321
            }
        ],
        "LifeInsuranceLineItems": [
            {
                "line-number-node": 92,
                "start-rule": "rule-59",
                "template-line-number": 447
            }
        ],
        "PenaltiesLineItems": [
            {
                "line-number-node": 113,
                "start-rule": "rule-60",
                "template-line-number": 589
            }
        ],
        "CPRLineItems": [
            {
                "line-number-node": 134,
                "start-rule": "rule-61",
                "template-line-number": 739
            }
        ],
        "OtherDeductionsLineItems": [
            {
                "line-number-node": 155,
                "start-rule": "rule-62",
                "template-line-number": 901
            }
        ],
        "InterestLineItems": [
            {
                "line-number-node": 176,
                "start-rule": "rule-63",
                "template-line-number": 1075
            }
        ],
        "OtherInterestLineItems": [
            {
                "line-number-node": 197,
                "start-rule": "rule-64",
                "template-line-number": 1261
            }
        ],
        "DDAGP": [
            {
                "line-number-node": 213,
                "start-number": 1,
                "template-line-number": 1402
            }
        ]
    },
    "showifs": {
        "rule-1": {
            "type": "showif",
            "template-line-number": 17
        }
    },
    "footnotes": {},
    "standard-rules": [
        "rule-2",
        "rule-3",
        "rule-4",
        "rule-5",
        "rule-6",
        "rule-7",
        "rule-8",
        "rule-9",
        "rule-10",
        "rule-11",
        "rule-12",
        "rule-13",
        "rule-14",
        "rule-15",
        "rule-16",
        "rule-17",
        "rule-18",
        "rule-19",
        "rule-20",
        "rule-21",
        "rule-22",
        "rule-23",
        "rule-24",
        "rule-25",
        "rule-26",
        "rule-27",
        "rule-28",
        "rule-29",
        "rule-30",
        "rule-31",
        "rule-32",
        "rule-33",
        "rule-34",
        "rule-35",
        "rule-36",
        "rule-37",
        "rule-38",
        "rule-39",
        "rule-40",
        "rule-41",
        "rule-42",
        "rule-43",
        "rule-44",
        "rule-45",
        "rule-46",
        "rule-47",
        "rule-48",
        "rule-49",
        "rule-50",
        "rule-51",
        "rule-52",
        "rule-53",
        "rule-54",
        "rule-55",
        "rule-56",
        "rule-57"
    ],
    "footnote-rules": []
}