{
    "substitutions": {
        "rule-2": [
            {
                "part": null,
                "replacement-node": 1,
                "template-line-number": 27,
                "node-pos": 10
            }
        ],
        "rule-3": [
            {
                "part": null,
                "replacement-node": 4,
                "expression-node": 5,
                "template-line-number": 31,
                "node-pos": 14
            }
        ],
        "rule-4": [
            {
                "part": null,
                "replacement-node": 7,
                "template-line-number": 37,
                "node-pos": 18
            }
        ],
        "rule-5": [
            {
                "part": null,
                "replacement-node": 10,
                "template-line-number": 43,
                "node-pos": 22,
                "html": true
            }
        ],
        "rule-6": [
            {
                "part": null,
                "replacement-node": 13,
                "template-line-number": 55,
                "node-pos": 27,
                "html": true
            }
        ],
        "rule-7": [
            {
                "part": null,
                "replacement-node": 16,
                "template-line-number": 66,
                "node-pos": 32
            }
        ],
        "rule-8": [
            {
                "part": null,
                "replacement-node": 19,
                "expression-node": 20,
                "template-line-number": 70,
                "node-pos": 36
            }
        ],
        "rule-9": [
            {
                "part": null,
                "replacement-node": 22,
                "template-line-number": 75,
                "node-pos": 40
            }
        ],
        "rule-10": [
            {
                "part": null,
                "replacement-node": 25,
                "expression-node": 26,
                "template-line-number": 79,
                "node-pos": 44
            }
        ],
        "rule-11": [
            {
                "part": null,
                "replacement-node": 28,
                "expression-node": 29,
                "template-line-number": 84,
                "node-pos": 48
            }
        ],
        "rule-12": [
            {
                "part": null,
                "replacement-node": 31,
                "template-line-number": 95,
                "node-pos": 54
            }
        ],
        "rule-13": [
            {
                "part": null,
                "replacement-node": 34,
                "template-line-number": 106,
                "node-pos": 59,
                "html": true
            }
        ],
        "rule-14": [
            {
                "part": null,
                "replacement-node": 111,
                "template-line-number": 485,
                "node-pos": 180
            }
        ],
        "rule-15": [
            {
                "part": null,
                "replacement-node": 114,
                "expression-node": 115,
                "template-line-number": 500,
                "node-pos": 188
            }
        ],
        "rule-16": [
            {
                "part": null,
                "replacement-node": 117,
                "expression-node": 118,
                "template-line-number": 509,
                "node-pos": 192
            }
        ],
        "rule-17": [
            {
                "part": null,
                "replacement-node": 120,
                "expression-node": 121,
                "template-line-number": 518,
                "node-pos": 196
            }
        ],
        "rule-18": [
            {
                "part": null,
                "replacement-node": 123,
                "expression-node": 124,
                "template-line-number": 527,
                "node-pos": 200
            }
        ],
        "rule-19": [
            {
                "part": null,
                "replacement-node": 126,
                "expression-node": 127,
                "template-line-number": 536,
                "node-pos": 204
            }
        ],
        "rule-20": [
            {
                "part": null,
                "replacement-node": 129,
                "expression-node": 130,
                "template-line-number": 545,
                "node-pos": 208
            }
        ],
        "rule-21": [
            {
                "part": null,
                "replacement-node": 132,
                "expression-node": 133,
                "template-line-number": 554,
                "node-pos": 212
            }
        ],
        "rule-22": [
            {
                "part": null,
                "replacement-node": 135,
                "expression-node": 136,
                "template-line-number": 563,
                "node-pos": 216
            }
        ],
        "rule-23": [
            {
                "part": null,
                "replacement-node": 138,
                "expression-node": 139,
                "template-line-number": 572,
                "node-pos": 220
            }
        ],
        "rule-24": [
            {
                "part": null,
                "replacement-node": 141,
                "expression-node": 142,
                "template-line-number": 581,
                "node-pos": 224
            }
        ],
        "rule-25": [
            {
                "part": null,
                "replacement-node": 144,
                "expression-node": 145,
                "template-line-number": 590,
                "node-pos": 228
            }
        ],
        "rule-26": [
            {
                "part": null,
                "replacement-node": 147,
                "expression-node": 148,
                "template-line-number": 599,
                "node-pos": 232
            }
        ],
        "rule-27": [
            {
                "part": null,
                "replacement-node": 150,
                "expression-node": 151,
                "template-line-number": 608,
                "node-pos": 236
            }
        ],
        "rule-28": [
            {
                "part": null,
                "replacement-node": 153,
                "expression-node": 154,
                "template-line-number": 617,
                "node-pos": 240
            }
        ],
        "rule-29": [
            {
                "part": null,
                "replacement-node": 156,
                "expression-node": 157,
                "template-line-number": 626,
                "node-pos": 244
            }
        ],
        "rule-30": [
            {
                "part": null,
                "replacement-node": 159,
                "expression-node": 160,
                "template-line-number": 640,
                "node-pos": 251
            }
        ],
        "rule-31": [
            {
                "part": null,
                "replacement-node": 162,
                "template-line-number": 645,
                "node-pos": 255
            }
        ],
        "rule-32": [
            {
                "part": null,
                "replacement-node": 165,
                "template-line-number": 654,
                "node-pos": 259
            }
        ],
        "rule-33": {
            "name": "TaxesAccruedHead",
            "subs": [
                {
                    "name": "TaxesAccruedHead",
                    "part": "1",
                    "replacement-node": 40,
                    "template-line-number": 149,
                    "extras": {},
                    "node-pos": 83
                },
                {
                    "name": "TaxesAccruedHead",
                    "part": "2",
                    "replacement-node": 43,
                    "template-line-number": 158,
                    "extras": {},
                    "node-pos": 87
                },
                {
                    "name": "TaxesAccruedHead",
                    "part": "3",
                    "replacement-node": 38,
                    "template-line-number": 145,
                    "extras": {},
                    "node-pos": 81
                }
            ]
        },
        "rule-34": {
            "name": "TaxesAccrued",
            "subs": [
                {
                    "name": "TaxesAccrued",
                    "part": "10",
                    "replacement-node": 84,
                    "expression-node": 85,
                    "template-line-number": 434,
                    "node-pos": 142
                },
                {
                    "name": "TaxesAccrued",
                    "part": "11",
                    "replacement-node": 87,
                    "expression-node": 88,
                    "template-line-number": 439,
                    "node-pos": 146
                },
                {
                    "name": "TaxesAccrued",
                    "part": "12",
                    "replacement-node": 90,
                    "expression-node": 91,
                    "template-line-number": 444,
                    "node-pos": 150
                },
                {
                    "name": "TaxesAccrued",
                    "part": "13",
                    "replacement-node": 93,
                    "expression-node": 94,
                    "template-line-number": 449,
                    "node-pos": 154
                },
                {
                    "name": "TaxesAccrued",
                    "part": "14",
                    "replacement-node": 96,
                    "expression-node": 97,
                    "template-line-number": 454,
                    "node-pos": 158
                },
                {
                    "name": "TaxesAccrued",
                    "part": "15",
                    "replacement-node": 99,
                    "expression-node": 100,
                    "template-line-number": 459,
                    "node-pos": 162
                },
                {
                    "name": "TaxesAccrued",
                    "part": "16",
                    "replacement-node": 102,
                    "expression-node": 103,
                    "template-line-number": 464,
                    "node-pos": 166
                },
                {
                    "name": "TaxesAccrued",
                    "part": "17",
                    "replacement-node": 105,
                    "expression-node": 106,
                    "template-line-number": 469,
                    "node-pos": 170
                },
                {
                    "name": "TaxesAccrued",
                    "part": "18",
                    "replacement-node": 108,
                    "expression-node": 109,
                    "template-line-number": 474,
                    "node-pos": 174
                },
                {
                    "name": "TaxesAccrued",
                    "part": "2",
                    "replacement-node": 49,
                    "expression-node": 50,
                    "template-line-number": 376,
                    "node-pos": 96
                },
                {
                    "name": "TaxesAccrued",
                    "part": "2",
                    "replacement-node": 54,
                    "expression-node": 55,
                    "template-line-number": 384,
                    "node-pos": 102
                },
                {
                    "name": "TaxesAccrued",
                    "part": "2",
                    "replacement-node": 57,
                    "expression-node": 58,
                    "template-line-number": 389,
                    "node-pos": 106
                },
                {
                    "name": "TaxesAccrued",
                    "part": "2",
                    "replacement-node": 60,
                    "expression-node": 61,
                    "template-line-number": 394,
                    "node-pos": 110
                },
                {
                    "name": "TaxesAccrued",
                    "part": "3",
                    "replacement-node": 63,
                    "expression-node": 64,
                    "template-line-number": 399,
                    "node-pos": 114
                },
                {
                    "name": "TaxesAccrued",
                    "part": "4",
                    "replacement-node": 66,
                    "expression-node": 67,
                    "template-line-number": 404,
                    "node-pos": 118
                },
                {
                    "name": "TaxesAccrued",
                    "part": "5",
                    "replacement-node": 69,
                    "expression-node": 70,
                    "template-line-number": 409,
                    "node-pos": 122
                },
                {
                    "name": "TaxesAccrued",
                    "part": "6",
                    "replacement-node": 72,
                    "expression-node": 73,
                    "template-line-number": 414,
                    "node-pos": 126
                },
                {
                    "name": "TaxesAccrued",
                    "part": "7",
                    "replacement-node": 75,
                    "expression-node": 76,
                    "template-line-number": 419,
                    "node-pos": 130
                },
                {
                    "name": "TaxesAccrued",
                    "part": "8",
                    "replacement-node": 78,
                    "expression-node": 79,
                    "template-line-number": 424,
                    "node-pos": 134
                },
                {
                    "name": "TaxesAccrued",
                    "part": "9",
                    "replacement-node": 81,
                    "expression-node": 82,
                    "template-line-number": 429,
                    "node-pos": 138
                }
            ]
        }
    },
    "line-numbers": {
        "TaxesAccrued": [
            {
                "line-number-node": 47,
                "start-number": 1,
                "template-line-number": 373
            }
        ]
    },
    "showifs": {
        "rule-1": {
            "type": "showif",
            "template-line-number": 17
        }
    },
    "footnotes": {},
    "standard-rules": [
        "rule-2",
        "rule-3",
        "rule-4",
        "rule-5",
        "rule-6",
        "rule-7",
        "rule-8",
        "rule-9",
        "rule-10",
        "rule-11",
        "rule-12",
        "rule-13",
        "rule-14",
        "rule-15",
        "rule-16",
        "rule-17",
        "rule-18",
        "rule-19",
        "rule-20",
        "rule-21",
        "rule-22",
        "rule-23",
        "rule-24",
        "rule-25",
        "rule-26",
        "rule-27",
        "rule-28",
        "rule-29",
        "rule-30",
        "rule-31",
        "rule-32",
        "rule-33",
        "rule-34"
    ],
    "footnote-rules": []
}