{
    "substitutions": {
        "rule-2": [
            {
                "part": null,
                "replacement-node": 1,
                "template-line-number": 28,
                "node-pos": 11
            }
        ],
        "rule-3": [
            {
                "part": null,
                "replacement-node": 4,
                "expression-node": 5,
                "template-line-number": 33,
                "node-pos": 15
            }
        ],
        "rule-4": [
            {
                "part": null,
                "replacement-node": 7,
                "template-line-number": 39,
                "node-pos": 19
            }
        ],
        "rule-5": [
            {
                "part": null,
                "replacement-node": 10,
                "template-line-number": 45,
                "node-pos": 23,
                "html": true
            }
        ],
        "rule-6": [
            {
                "part": null,
                "replacement-node": 13,
                "template-line-number": 57,
                "node-pos": 28,
                "html": true
            }
        ],
        "rule-7": [
            {
                "part": null,
                "replacement-node": 16,
                "template-line-number": 68,
                "node-pos": 33
            }
        ],
        "rule-8": [
            {
                "part": null,
                "replacement-node": 19,
                "expression-node": 20,
                "template-line-number": 73,
                "node-pos": 37
            }
        ],
        "rule-9": [
            {
                "part": null,
                "replacement-node": 22,
                "template-line-number": 78,
                "node-pos": 41
            }
        ],
        "rule-10": [
            {
                "part": null,
                "replacement-node": 25,
                "expression-node": 26,
                "template-line-number": 83,
                "node-pos": 45
            }
        ],
        "rule-11": [
            {
                "part": null,
                "replacement-node": 28,
                "expression-node": 29,
                "template-line-number": 88,
                "node-pos": 49
            }
        ],
        "rule-12": [
            {
                "part": null,
                "replacement-node": 31,
                "template-line-number": 98,
                "node-pos": 55
            }
        ],
        "rule-13": [
            {
                "part": null,
                "replacement-node": 34,
                "template-line-number": 109,
                "node-pos": 60,
                "html": true
            }
        ],
        "rule-14": [
            {
                "part": null,
                "replacement-node": 64,
                "expression-node": 65,
                "template-line-number": 247,
                "node-pos": 113
            }
        ],
        "rule-15": [
            {
                "part": null,
                "replacement-node": 67,
                "template-line-number": 252,
                "node-pos": 117
            }
        ],
        "rule-16": [
            {
                "part": null,
                "replacement-node": 70,
                "template-line-number": 261,
                "node-pos": 121
            }
        ],
        "rule-17": {
            "name": "CostOfServiceAnalysisLineItems",
            "subs": [
                {
                    "name": "CostOfServiceAnalysisLineItems",
                    "part": "1",
                    "replacement-node": 45,
                    "template-line-number": 193,
                    "extras": {},
                    "node-pos": 86
                },
                {
                    "name": "CostOfServiceAnalysisLineItems",
                    "part": "2",
                    "replacement-node": 50,
                    "template-line-number": 204,
                    "extras": {},
                    "node-pos": 94
                },
                {
                    "name": "CostOfServiceAnalysisLineItems",
                    "part": "4",
                    "replacement-node": 54,
                    "expression-node": 55,
                    "template-line-number": 213,
                    "node-pos": 99
                },
                {
                    "name": "CostOfServiceAnalysisLineItems",
                    "part": "5",
                    "replacement-node": 59,
                    "expression-node": 60,
                    "template-line-number": 228,
                    "node-pos": 105
                },
                {
                    "name": "CostOfServiceAnalysisLineItems",
                    "part": "6",
                    "replacement-node": 48,
                    "template-line-number": 200,
                    "extras": {},
                    "node-pos": 92
                }
            ]
        },
        "rule-18": {
            "name": "ColumnHeadings",
            "subs": [
                {
                    "name": "ColumnHeadings",
                    "part": "1",
                    "replacement-node": 38,
                    "template-line-number": 140,
                    "extras": {},
                    "node-pos": 76
                },
                {
                    "name": "ColumnHeadings",
                    "part": "2",
                    "replacement-node": 41,
                    "template-line-number": 147,
                    "extras": {},
                    "node-pos": 80
                }
            ]
        }
    },
    "line-numbers": {},
    "showifs": {
        "rule-1": {
            "type": "showif",
            "template-line-number": 18
        }
    },
    "footnotes": {},
    "standard-rules": [
        "rule-2",
        "rule-3",
        "rule-4",
        "rule-5",
        "rule-6",
        "rule-7",
        "rule-8",
        "rule-9",
        "rule-10",
        "rule-11",
        "rule-12",
        "rule-13",
        "rule-14",
        "rule-15",
        "rule-16",
        "rule-17",
        "rule-18"
    ],
    "footnote-rules": []
}