{
    "substitutions": {
        "rule-2": [
            {
                "part": null,
                "replacement-node": 1,
                "template-line-number": 28,
                "node-pos": 11
            }
        ],
        "rule-3": [
            {
                "part": null,
                "replacement-node": 4,
                "expression-node": 5,
                "template-line-number": 35,
                "node-pos": 15
            }
        ],
        "rule-4": [
            {
                "part": null,
                "replacement-node": 7,
                "template-line-number": 42,
                "node-pos": 19
            }
        ],
        "rule-5": [
            {
                "part": null,
                "replacement-node": 10,
                "template-line-number": 50,
                "node-pos": 23,
                "html": true
            }
        ],
        "rule-6": [
            {
                "part": null,
                "replacement-node": 13,
                "template-line-number": 67,
                "node-pos": 28,
                "html": true
            }
        ],
        "rule-7": [
            {
                "part": null,
                "replacement-node": 16,
                "template-line-number": 85,
                "node-pos": 33
            }
        ],
        "rule-8": [
            {
                "part": null,
                "replacement-node": 19,
                "expression-node": 20,
                "template-line-number": 92,
                "node-pos": 38
            }
        ],
        "rule-9": [
            {
                "part": null,
                "replacement-node": 22,
                "template-line-number": 99,
                "node-pos": 42
            }
        ],
        "rule-10": [
            {
                "part": null,
                "replacement-node": 25,
                "expression-node": 26,
                "template-line-number": 106,
                "node-pos": 47
            }
        ],
        "rule-11": [
            {
                "part": null,
                "replacement-node": 28,
                "expression-node": 29,
                "template-line-number": 112,
                "node-pos": 51
            }
        ],
        "rule-12": [
            {
                "part": null,
                "replacement-node": 31,
                "template-line-number": 123,
                "node-pos": 57
            }
        ],
        "rule-13": [
            {
                "part": null,
                "replacement-node": 34,
                "template-line-number": 134,
                "node-pos": 62,
                "html": true
            }
        ],
        "rule-14": [
            {
                "part": null,
                "replacement-node": 63,
                "template-line-number": 296,
                "node-pos": 120
            }
        ],
        "rule-15": [
            {
                "part": null,
                "replacement-node": 66,
                "expression-node": 67,
                "template-line-number": 308,
                "node-pos": 125
            }
        ],
        "rule-16": [
            {
                "part": null,
                "replacement-node": 69,
                "expression-node": 70,
                "template-line-number": 317,
                "node-pos": 129
            }
        ],
        "rule-17": [
            {
                "part": null,
                "replacement-node": 72,
                "expression-node": 73,
                "template-line-number": 326,
                "node-pos": 133
            }
        ],
        "rule-18": [
            {
                "part": null,
                "replacement-node": 75,
                "expression-node": 76,
                "template-line-number": 335,
                "node-pos": 137
            }
        ],
        "rule-19": [
            {
                "part": null,
                "replacement-node": 97,
                "template-line-number": 460,
                "node-pos": 176
            }
        ],
        "rule-20": [
            {
                "part": null,
                "replacement-node": 100,
                "expression-node": 101,
                "template-line-number": 472,
                "node-pos": 181
            }
        ],
        "rule-21": [
            {
                "part": null,
                "replacement-node": 103,
                "expression-node": 104,
                "template-line-number": 481,
                "node-pos": 185
            }
        ],
        "rule-22": [
            {
                "part": null,
                "replacement-node": 106,
                "expression-node": 107,
                "template-line-number": 490,
                "node-pos": 189
            }
        ],
        "rule-23": [
            {
                "part": null,
                "replacement-node": 109,
                "expression-node": 110,
                "template-line-number": 499,
                "node-pos": 193
            }
        ],
        "rule-24": [
            {
                "part": null,
                "replacement-node": 112,
                "expression-node": 113,
                "template-line-number": 512,
                "node-pos": 199
            }
        ],
        "rule-25": [
            {
                "part": null,
                "replacement-node": 115,
                "template-line-number": 517,
                "node-pos": 203
            }
        ],
        "rule-26": [
            {
                "part": null,
                "replacement-node": 118,
                "template-line-number": 526,
                "node-pos": 207
            }
        ],
        "rule-27": {
            "name": "TaxesDeferredNoncurrent2",
            "subs": [
                {
                    "name": "TaxesDeferredNoncurrent2",
                    "part": "2",
                    "replacement-node": 82,
                    "expression-node": 83,
                    "template-line-number": 416,
                    "node-pos": 154
                },
                {
                    "name": "TaxesDeferredNoncurrent2",
                    "part": "3",
                    "replacement-node": 85,
                    "expression-node": 86,
                    "template-line-number": 424,
                    "node-pos": 158
                },
                {
                    "name": "TaxesDeferredNoncurrent2",
                    "part": "4",
                    "replacement-node": 88,
                    "expression-node": 89,
                    "template-line-number": 432,
                    "node-pos": 162
                },
                {
                    "name": "TaxesDeferredNoncurrent2",
                    "part": "5",
                    "replacement-node": 91,
                    "expression-node": 92,
                    "template-line-number": 440,
                    "node-pos": 166
                },
                {
                    "name": "TaxesDeferredNoncurrent2",
                    "part": "6",
                    "replacement-node": 94,
                    "expression-node": 95,
                    "template-line-number": 448,
                    "node-pos": 170
                }
            ]
        },
        "rule-28": {
            "name": "TaxesDeferredCurrent",
            "subs": [
                {
                    "name": "TaxesDeferredCurrent",
                    "part": "2",
                    "replacement-node": 48,
                    "expression-node": 49,
                    "template-line-number": 252,
                    "node-pos": 98
                },
                {
                    "name": "TaxesDeferredCurrent",
                    "part": "3",
                    "replacement-node": 51,
                    "expression-node": 52,
                    "template-line-number": 260,
                    "node-pos": 102
                },
                {
                    "name": "TaxesDeferredCurrent",
                    "part": "4",
                    "replacement-node": 54,
                    "expression-node": 55,
                    "template-line-number": 268,
                    "node-pos": 106
                },
                {
                    "name": "TaxesDeferredCurrent",
                    "part": "5",
                    "replacement-node": 57,
                    "expression-node": 58,
                    "template-line-number": 276,
                    "node-pos": 110
                },
                {
                    "name": "TaxesDeferredCurrent",
                    "part": "6",
                    "replacement-node": 60,
                    "expression-node": 61,
                    "template-line-number": 284,
                    "node-pos": 114
                }
            ]
        },
        "rule-29": {
            "name": "ColumnHeadings",
            "subs": [
                {
                    "name": "ColumnHeadings",
                    "part": "1",
                    "replacement-node": 38,
                    "template-line-number": 165,
                    "extras": {},
                    "node-pos": 77
                },
                {
                    "name": "ColumnHeadings",
                    "part": "2",
                    "replacement-node": 41,
                    "template-line-number": 172,
                    "extras": {},
                    "node-pos": 81
                }
            ]
        }
    },
    "line-numbers": {
        "TaxesDeferredCurrent": [
            {
                "line-number-node": 45,
                "start-number": 1,
                "template-line-number": 245
            }
        ],
        "TaxesDeferredNoncurrent2": [
            {
                "line-number-node": 79,
                "start-number": 11,
                "template-line-number": 409
            }
        ]
    },
    "showifs": {
        "rule-1": {
            "type": "showif",
            "template-line-number": 18
        }
    },
    "footnotes": {},
    "standard-rules": [
        "rule-2",
        "rule-3",
        "rule-4",
        "rule-5",
        "rule-6",
        "rule-7",
        "rule-8",
        "rule-9",
        "rule-10",
        "rule-11",
        "rule-12",
        "rule-13",
        "rule-14",
        "rule-15",
        "rule-16",
        "rule-17",
        "rule-18",
        "rule-19",
        "rule-20",
        "rule-21",
        "rule-22",
        "rule-23",
        "rule-24",
        "rule-25",
        "rule-26",
        "rule-27",
        "rule-28",
        "rule-29"
    ],
    "footnote-rules": []
}