{
    "substitutions": {
        "rule-1": [
            {
                "part": null,
                "replacement-node": 0,
                "template-line-number": 23,
                "node-pos": 10
            }
        ],
        "rule-2": [
            {
                "part": null,
                "replacement-node": 3,
                "expression-node": 4,
                "template-line-number": 28,
                "node-pos": 14
            }
        ],
        "rule-3": [
            {
                "part": null,
                "replacement-node": 6,
                "template-line-number": 34,
                "node-pos": 18
            }
        ],
        "rule-4": [
            {
                "part": null,
                "replacement-node": 9,
                "template-line-number": 40,
                "node-pos": 22,
                "html": true
            }
        ],
        "rule-5": [
            {
                "part": null,
                "replacement-node": 12,
                "template-line-number": 52,
                "node-pos": 27,
                "html": true
            }
        ],
        "rule-6": [
            {
                "part": null,
                "replacement-node": 15,
                "template-line-number": 63,
                "node-pos": 32
            }
        ],
        "rule-7": [
            {
                "part": null,
                "replacement-node": 18,
                "expression-node": 19,
                "template-line-number": 68,
                "node-pos": 36
            }
        ],
        "rule-8": [
            {
                "part": null,
                "replacement-node": 21,
                "template-line-number": 73,
                "node-pos": 40
            }
        ],
        "rule-9": [
            {
                "part": null,
                "replacement-node": 24,
                "expression-node": 25,
                "template-line-number": 78,
                "node-pos": 44
            }
        ],
        "rule-10": [
            {
                "part": null,
                "replacement-node": 27,
                "expression-node": 28,
                "template-line-number": 83,
                "node-pos": 48
            }
        ],
        "rule-11": [
            {
                "part": null,
                "replacement-node": 30,
                "template-line-number": 93,
                "node-pos": 54
            }
        ],
        "rule-12": [
            {
                "part": null,
                "replacement-node": 33,
                "template-line-number": 105,
                "node-pos": 59,
                "html": true
            }
        ],
        "rule-13": [
            {
                "part": null,
                "replacement-node": 74,
                "expression-node": 75,
                "template-line-number": 286,
                "node-pos": 123
            }
        ],
        "rule-14": [
            {
                "part": null,
                "replacement-node": 77,
                "template-line-number": 293,
                "node-pos": 127
            }
        ],
        "rule-15": [
            {
                "part": null,
                "replacement-node": 80,
                "template-line-number": 303,
                "node-pos": 131
            }
        ],
        "rule-16": {
            "name": "DeferredIncomeTaxesHeadings",
            "subs": [
                {
                    "name": "DeferredIncomeTaxesHeadings",
                    "part": "1",
                    "replacement-node": 39,
                    "template-line-number": 145,
                    "extras": {},
                    "node-pos": 76
                },
                {
                    "name": "DeferredIncomeTaxesHeadings",
                    "part": "2",
                    "replacement-node": 42,
                    "template-line-number": 153,
                    "extras": {},
                    "node-pos": 80
                },
                {
                    "name": "DeferredIncomeTaxesHeadings",
                    "part": "3",
                    "replacement-node": 37,
                    "template-line-number": 141,
                    "extras": {},
                    "node-pos": 74
                }
            ]
        },
        "rule-17": {
            "name": "MTSPeakLoadLineItems",
            "subs": [
                {
                    "name": "MTSPeakLoadLineItems",
                    "part": "2",
                    "replacement-node": 50,
                    "template-line-number": 230,
                    "extras": {},
                    "node-pos": 91
                },
                {
                    "name": "MTSPeakLoadLineItems",
                    "part": "3",
                    "replacement-node": 46,
                    "template-line-number": 223,
                    "extras": {},
                    "node-pos": 86
                },
                {
                    "name": "MTSPeakLoadLineItems",
                    "part": "4",
                    "replacement-node": 54,
                    "expression-node": 55,
                    "template-line-number": 239,
                    "node-pos": 96
                },
                {
                    "name": "MTSPeakLoadLineItems",
                    "part": "5",
                    "replacement-node": 58,
                    "expression-node": 59,
                    "template-line-number": 247,
                    "node-pos": 101
                },
                {
                    "name": "MTSPeakLoadLineItems",
                    "part": "6",
                    "replacement-node": 62,
                    "expression-node": 63,
                    "template-line-number": 254,
                    "node-pos": 106
                },
                {
                    "name": "MTSPeakLoadLineItems",
                    "part": "7",
                    "replacement-node": 66,
                    "expression-node": 67,
                    "template-line-number": 261,
                    "node-pos": 111
                },
                {
                    "name": "MTSPeakLoadLineItems",
                    "part": "8",
                    "replacement-node": 70,
                    "expression-node": 71,
                    "template-line-number": 268,
                    "node-pos": 116
                }
            ]
        }
    },
    "line-numbers": {},
    "showifs": {},
    "footnotes": {},
    "standard-rules": [
        "rule-1",
        "rule-2",
        "rule-3",
        "rule-4",
        "rule-5",
        "rule-6",
        "rule-7",
        "rule-8",
        "rule-9",
        "rule-10",
        "rule-11",
        "rule-12",
        "rule-13",
        "rule-14",
        "rule-15",
        "rule-16",
        "rule-17"
    ],
    "footnote-rules": []
}