{
    "substitutions": {
        "rule-2": [
            {
                "part": null,
                "replacement-node": 1,
                "template-line-number": 29,
                "node-pos": 11
            }
        ],
        "rule-3": [
            {
                "part": null,
                "replacement-node": 4,
                "expression-node": 5,
                "template-line-number": 34,
                "node-pos": 15
            }
        ],
        "rule-4": [
            {
                "part": null,
                "replacement-node": 7,
                "template-line-number": 40,
                "node-pos": 19
            }
        ],
        "rule-5": [
            {
                "part": null,
                "replacement-node": 10,
                "template-line-number": 46,
                "node-pos": 23,
                "html": true
            }
        ],
        "rule-6": [
            {
                "part": null,
                "replacement-node": 13,
                "template-line-number": 58,
                "node-pos": 28,
                "html": true
            }
        ],
        "rule-7": [
            {
                "part": null,
                "replacement-node": 16,
                "template-line-number": 69,
                "node-pos": 33
            }
        ],
        "rule-8": [
            {
                "part": null,
                "replacement-node": 19,
                "expression-node": 20,
                "template-line-number": 74,
                "node-pos": 37
            }
        ],
        "rule-9": [
            {
                "part": null,
                "replacement-node": 22,
                "template-line-number": 79,
                "node-pos": 41
            }
        ],
        "rule-10": [
            {
                "part": null,
                "replacement-node": 25,
                "expression-node": 26,
                "template-line-number": 84,
                "node-pos": 45
            }
        ],
        "rule-11": [
            {
                "part": null,
                "replacement-node": 28,
                "expression-node": 29,
                "template-line-number": 89,
                "node-pos": 49
            }
        ],
        "rule-12": [
            {
                "part": null,
                "replacement-node": 31,
                "template-line-number": 99,
                "node-pos": 55
            }
        ],
        "rule-13": [
            {
                "part": null,
                "replacement-node": 34,
                "template-line-number": 110,
                "node-pos": 60,
                "html": true
            }
        ],
        "rule-14": [
            {
                "part": null,
                "replacement-node": 96,
                "expression-node": 97,
                "template-line-number": 385,
                "node-pos": 160
            }
        ],
        "rule-15": [
            {
                "part": null,
                "replacement-node": 99,
                "template-line-number": 390,
                "node-pos": 164
            }
        ],
        "rule-16": [
            {
                "part": null,
                "replacement-node": 102,
                "template-line-number": 400,
                "node-pos": 168
            }
        ],
        "rule-17": {
            "name": "ISHeadings",
            "subs": [
                {
                    "name": "ISHeadings",
                    "part": "1",
                    "replacement-node": 38,
                    "template-line-number": 150,
                    "extras": {},
                    "node-pos": 84
                },
                {
                    "name": "ISHeadings",
                    "part": "2",
                    "replacement-node": 41,
                    "template-line-number": 157,
                    "extras": {},
                    "node-pos": 88
                }
            ]
        },
        "rule-18": {
            "name": "ISLineItems",
            "subs": [
                {
                    "name": "ISLineItems",
                    "part": "1",
                    "replacement-node": 45,
                    "template-line-number": 233,
                    "extras": {},
                    "node-pos": 94
                },
                {
                    "name": "ISLineItems",
                    "part": "10",
                    "replacement-node": 82,
                    "expression-node": 83,
                    "template-line-number": 340,
                    "node-pos": 141
                },
                {
                    "name": "ISLineItems",
                    "part": "11",
                    "replacement-node": 87,
                    "expression-node": 88,
                    "template-line-number": 356,
                    "node-pos": 147
                },
                {
                    "name": "ISLineItems",
                    "part": "11",
                    "replacement-node": 92,
                    "template-line-number": 371,
                    "extras": {},
                    "node-pos": 153
                },
                {
                    "name": "ISLineItems",
                    "part": "2",
                    "replacement-node": 50,
                    "template-line-number": 244,
                    "extras": {},
                    "node-pos": 102
                },
                {
                    "name": "ISLineItems",
                    "part": "4",
                    "replacement-node": 54,
                    "expression-node": 55,
                    "template-line-number": 253,
                    "node-pos": 107
                },
                {
                    "name": "ISLineItems",
                    "part": "5",
                    "replacement-node": 58,
                    "expression-node": 59,
                    "template-line-number": 262,
                    "node-pos": 112
                },
                {
                    "name": "ISLineItems",
                    "part": "6",
                    "replacement-node": 48,
                    "template-line-number": 240,
                    "extras": {},
                    "node-pos": 100
                },
                {
                    "name": "ISLineItems",
                    "part": "6",
                    "replacement-node": 62,
                    "expression-node": 63,
                    "template-line-number": 275,
                    "node-pos": 117
                },
                {
                    "name": "ISLineItems",
                    "part": "7",
                    "replacement-node": 67,
                    "expression-node": 68,
                    "template-line-number": 291,
                    "node-pos": 123
                },
                {
                    "name": "ISLineItems",
                    "part": "8",
                    "replacement-node": 72,
                    "expression-node": 73,
                    "template-line-number": 308,
                    "node-pos": 129
                },
                {
                    "name": "ISLineItems",
                    "part": "9",
                    "replacement-node": 77,
                    "expression-node": 78,
                    "template-line-number": 324,
                    "node-pos": 135
                }
            ]
        }
    },
    "line-numbers": {},
    "showifs": {
        "rule-1": {
            "type": "showif",
            "template-line-number": 19
        }
    },
    "footnotes": {},
    "standard-rules": [
        "rule-2",
        "rule-3",
        "rule-4",
        "rule-5",
        "rule-6",
        "rule-7",
        "rule-8",
        "rule-9",
        "rule-10",
        "rule-11",
        "rule-12",
        "rule-13",
        "rule-14",
        "rule-15",
        "rule-16",
        "rule-17",
        "rule-18"
    ],
    "footnote-rules": []
}