{
    "substitutions": {
        "rule-2": [
            {
                "part": null,
                "replacement-node": 1,
                "template-line-number": 27,
                "node-pos": 10
            }
        ],
        "rule-3": [
            {
                "part": null,
                "replacement-node": 4,
                "expression-node": 5,
                "template-line-number": 31,
                "node-pos": 14
            }
        ],
        "rule-4": [
            {
                "part": null,
                "replacement-node": 7,
                "template-line-number": 37,
                "node-pos": 18
            }
        ],
        "rule-5": [
            {
                "part": null,
                "replacement-node": 10,
                "template-line-number": 43,
                "node-pos": 22,
                "html": true
            }
        ],
        "rule-6": [
            {
                "part": null,
                "replacement-node": 13,
                "template-line-number": 55,
                "node-pos": 27,
                "html": true
            }
        ],
        "rule-7": [
            {
                "part": null,
                "replacement-node": 16,
                "template-line-number": 66,
                "node-pos": 32
            }
        ],
        "rule-8": [
            {
                "part": null,
                "replacement-node": 19,
                "expression-node": 20,
                "template-line-number": 70,
                "node-pos": 36
            }
        ],
        "rule-9": [
            {
                "part": null,
                "replacement-node": 22,
                "template-line-number": 75,
                "node-pos": 40
            }
        ],
        "rule-10": [
            {
                "part": null,
                "replacement-node": 25,
                "expression-node": 26,
                "template-line-number": 79,
                "node-pos": 44
            }
        ],
        "rule-11": [
            {
                "part": null,
                "replacement-node": 28,
                "expression-node": 29,
                "template-line-number": 84,
                "node-pos": 48
            }
        ],
        "rule-12": [
            {
                "part": null,
                "replacement-node": 31,
                "template-line-number": 94,
                "node-pos": 54
            }
        ],
        "rule-13": [
            {
                "part": null,
                "replacement-node": 34,
                "template-line-number": 105,
                "node-pos": 59,
                "html": true
            }
        ],
        "rule-14": [
            {
                "part": null,
                "replacement-node": 67,
                "template-line-number": 242,
                "node-pos": 114
            }
        ],
        "rule-15": [
            {
                "part": null,
                "replacement-node": 70,
                "expression-node": 71,
                "template-line-number": 254,
                "node-pos": 119
            }
        ],
        "rule-16": [
            {
                "part": null,
                "replacement-node": 73,
                "expression-node": 74,
                "template-line-number": 264,
                "node-pos": 124
            }
        ],
        "rule-17": [
            {
                "part": null,
                "replacement-node": 76,
                "expression-node": 77,
                "template-line-number": 273,
                "node-pos": 128
            }
        ],
        "rule-18": [
            {
                "part": null,
                "replacement-node": 79,
                "expression-node": 80,
                "template-line-number": 282,
                "node-pos": 132
            }
        ],
        "rule-19": [
            {
                "part": null,
                "replacement-node": 82,
                "expression-node": 83,
                "template-line-number": 295,
                "node-pos": 138
            }
        ],
        "rule-20": [
            {
                "part": null,
                "replacement-node": 85,
                "template-line-number": 300,
                "node-pos": 142
            }
        ],
        "rule-21": [
            {
                "part": null,
                "replacement-node": 88,
                "template-line-number": 309,
                "node-pos": 146
            }
        ],
        "rule-22": {
            "name": "ODCHead",
            "subs": [
                {
                    "name": "ODCHead",
                    "part": "1",
                    "replacement-node": 40,
                    "template-line-number": 139,
                    "extras": {},
                    "node-pos": 75
                },
                {
                    "name": "ODCHead",
                    "part": "2",
                    "replacement-node": 43,
                    "template-line-number": 148,
                    "extras": {},
                    "node-pos": 79
                },
                {
                    "name": "ODCHead",
                    "part": "3",
                    "replacement-node": 38,
                    "template-line-number": 135,
                    "extras": {},
                    "node-pos": 73
                }
            ]
        },
        "rule-23": {
            "name": "OtherDeferredCredits",
            "subs": [
                {
                    "name": "OtherDeferredCredits",
                    "part": "2",
                    "replacement-node": 49,
                    "expression-node": 50,
                    "template-line-number": 207,
                    "node-pos": 88
                },
                {
                    "name": "OtherDeferredCredits",
                    "part": "3",
                    "replacement-node": 52,
                    "expression-node": 53,
                    "template-line-number": 212,
                    "node-pos": 92
                },
                {
                    "name": "OtherDeferredCredits",
                    "part": "4",
                    "replacement-node": 55,
                    "expression-node": 56,
                    "template-line-number": 217,
                    "node-pos": 96
                },
                {
                    "name": "OtherDeferredCredits",
                    "part": "5",
                    "replacement-node": 58,
                    "expression-node": 59,
                    "template-line-number": 222,
                    "node-pos": 100
                },
                {
                    "name": "OtherDeferredCredits",
                    "part": "6",
                    "replacement-node": 61,
                    "expression-node": 62,
                    "template-line-number": 227,
                    "node-pos": 104
                },
                {
                    "name": "OtherDeferredCredits",
                    "part": "7",
                    "replacement-node": 64,
                    "expression-node": 65,
                    "template-line-number": 232,
                    "node-pos": 108
                }
            ]
        }
    },
    "line-numbers": {
        "OtherDeferredCredits": [
            {
                "line-number-node": 47,
                "start-number": 1,
                "template-line-number": 204
            }
        ]
    },
    "showifs": {
        "rule-1": {
            "type": "showif",
            "template-line-number": 17
        }
    },
    "footnotes": {},
    "standard-rules": [
        "rule-2",
        "rule-3",
        "rule-4",
        "rule-5",
        "rule-6",
        "rule-7",
        "rule-8",
        "rule-9",
        "rule-10",
        "rule-11",
        "rule-12",
        "rule-13",
        "rule-14",
        "rule-15",
        "rule-16",
        "rule-17",
        "rule-18",
        "rule-19",
        "rule-20",
        "rule-21",
        "rule-22",
        "rule-23"
    ],
    "footnote-rules": []
}