{
    "substitutions": {
        "rule-1": [
            {
                "part": null,
                "replacement-node": 0,
                "template-line-number": 19,
                "node-pos": 10
            }
        ],
        "rule-2": [
            {
                "part": null,
                "replacement-node": 3,
                "expression-node": 4,
                "template-line-number": 26,
                "node-pos": 14
            }
        ],
        "rule-3": [
            {
                "part": null,
                "replacement-node": 6,
                "template-line-number": 33,
                "node-pos": 18
            }
        ],
        "rule-4": [
            {
                "part": null,
                "replacement-node": 9,
                "template-line-number": 41,
                "node-pos": 22,
                "html": true
            }
        ],
        "rule-5": [
            {
                "part": null,
                "replacement-node": 12,
                "template-line-number": 57,
                "node-pos": 27,
                "html": true
            }
        ],
        "rule-6": [
            {
                "part": null,
                "replacement-node": 15,
                "template-line-number": 75,
                "node-pos": 32
            }
        ],
        "rule-7": [
            {
                "part": null,
                "replacement-node": 18,
                "expression-node": 19,
                "template-line-number": 82,
                "node-pos": 36
            }
        ],
        "rule-8": [
            {
                "part": null,
                "replacement-node": 21,
                "template-line-number": 89,
                "node-pos": 40
            }
        ],
        "rule-9": [
            {
                "part": null,
                "replacement-node": 24,
                "expression-node": 25,
                "template-line-number": 96,
                "node-pos": 44
            }
        ],
        "rule-10": [
            {
                "part": null,
                "replacement-node": 27,
                "expression-node": 28,
                "template-line-number": 102,
                "node-pos": 48
            }
        ],
        "rule-11": [
            {
                "part": null,
                "replacement-node": 30,
                "template-line-number": 113,
                "node-pos": 54
            }
        ],
        "rule-12": [
            {
                "part": null,
                "replacement-node": 33,
                "template-line-number": 124,
                "node-pos": 59,
                "html": true
            }
        ],
        "rule-13": [
            {
                "part": null,
                "replacement-node": 43,
                "expression-node": 44,
                "template-line-number": 184,
                "node-pos": 87
            }
        ],
        "rule-14": [
            {
                "part": null,
                "replacement-node": 46,
                "expression-node": 47,
                "template-line-number": 194,
                "node-pos": 91
            }
        ],
        "rule-15": [
            {
                "part": null,
                "replacement-node": 49,
                "expression-node": 50,
                "template-line-number": 204,
                "node-pos": 95
            }
        ],
        "rule-16": [
            {
                "part": null,
                "replacement-node": 52,
                "expression-node": 53,
                "template-line-number": 214,
                "node-pos": 99
            }
        ],
        "rule-17": [
            {
                "part": null,
                "replacement-node": 55,
                "expression-node": 56,
                "template-line-number": 230,
                "node-pos": 106
            }
        ],
        "rule-18": [
            {
                "part": null,
                "replacement-node": 58,
                "expression-node": 59,
                "template-line-number": 240,
                "node-pos": 110
            }
        ],
        "rule-19": [
            {
                "part": null,
                "replacement-node": 61,
                "expression-node": 62,
                "template-line-number": 250,
                "node-pos": 114
            }
        ],
        "rule-20": [
            {
                "part": null,
                "replacement-node": 64,
                "expression-node": 65,
                "template-line-number": 260,
                "node-pos": 118
            }
        ],
        "rule-21": [
            {
                "part": null,
                "replacement-node": 67,
                "expression-node": 68,
                "template-line-number": 276,
                "node-pos": 125
            }
        ],
        "rule-22": [
            {
                "part": null,
                "replacement-node": 70,
                "expression-node": 71,
                "template-line-number": 286,
                "node-pos": 129
            }
        ],
        "rule-23": [
            {
                "part": null,
                "replacement-node": 73,
                "expression-node": 74,
                "template-line-number": 296,
                "node-pos": 133
            }
        ],
        "rule-24": [
            {
                "part": null,
                "replacement-node": 76,
                "expression-node": 77,
                "template-line-number": 306,
                "node-pos": 137
            }
        ],
        "rule-25": [
            {
                "part": null,
                "replacement-node": 79,
                "expression-node": 80,
                "template-line-number": 322,
                "node-pos": 144
            }
        ],
        "rule-26": [
            {
                "part": null,
                "replacement-node": 82,
                "expression-node": 83,
                "template-line-number": 332,
                "node-pos": 148
            }
        ],
        "rule-27": [
            {
                "part": null,
                "replacement-node": 85,
                "expression-node": 86,
                "template-line-number": 342,
                "node-pos": 152
            }
        ],
        "rule-28": [
            {
                "part": null,
                "replacement-node": 88,
                "expression-node": 89,
                "template-line-number": 352,
                "node-pos": 156
            }
        ],
        "rule-29": [
            {
                "part": null,
                "replacement-node": 109,
                "expression-node": 110,
                "template-line-number": 483,
                "node-pos": 195
            }
        ],
        "rule-30": [
            {
                "part": null,
                "replacement-node": 112,
                "expression-node": 113,
                "template-line-number": 494,
                "node-pos": 199
            }
        ],
        "rule-31": [
            {
                "part": null,
                "replacement-node": 115,
                "expression-node": 116,
                "template-line-number": 505,
                "node-pos": 203
            }
        ],
        "rule-32": [
            {
                "part": null,
                "replacement-node": 118,
                "expression-node": 119,
                "template-line-number": 516,
                "node-pos": 207
            }
        ],
        "rule-33": [
            {
                "part": null,
                "replacement-node": 121,
                "template-line-number": 531,
                "node-pos": 213
            }
        ],
        "rule-34": [
            {
                "part": null,
                "replacement-node": 124,
                "template-line-number": 541,
                "node-pos": 217
            }
        ],
        "rule-35": {
            "name": "BSHeadings",
            "subs": [
                {
                    "name": "BSHeadings",
                    "part": "1",
                    "replacement-node": 37,
                    "template-line-number": 150,
                    "extras": {},
                    "node-pos": 69
                },
                {
                    "name": "BSHeadings",
                    "part": "2",
                    "replacement-node": 40,
                    "template-line-number": 157,
                    "extras": {},
                    "node-pos": 73
                }
            ]
        },
        "rule-36": {
            "name": "IsoOrRtoSettlements",
            "subs": [
                {
                    "name": "IsoOrRtoSettlements",
                    "part": "2",
                    "replacement-node": 94,
                    "expression-node": 95,
                    "template-line-number": 432,
                    "node-pos": 172
                },
                {
                    "name": "IsoOrRtoSettlements",
                    "part": "3",
                    "replacement-node": 97,
                    "expression-node": 98,
                    "template-line-number": 441,
                    "node-pos": 176
                },
                {
                    "name": "IsoOrRtoSettlements",
                    "part": "4",
                    "replacement-node": 100,
                    "expression-node": 101,
                    "template-line-number": 450,
                    "node-pos": 180
                },
                {
                    "name": "IsoOrRtoSettlements",
                    "part": "5",
                    "replacement-node": 103,
                    "expression-node": 104,
                    "template-line-number": 458,
                    "node-pos": 184
                },
                {
                    "name": "IsoOrRtoSettlements",
                    "part": "6",
                    "replacement-node": 106,
                    "expression-node": 107,
                    "template-line-number": 466,
                    "node-pos": 188
                }
            ]
        }
    },
    "line-numbers": {
        "IsoOrRtoSettlements": [
            {
                "line-number-node": 92,
                "start-number": 7,
                "template-line-number": 425
            }
        ]
    },
    "showifs": {},
    "footnotes": {},
    "standard-rules": [
        "rule-1",
        "rule-2",
        "rule-3",
        "rule-4",
        "rule-5",
        "rule-6",
        "rule-7",
        "rule-8",
        "rule-9",
        "rule-10",
        "rule-11",
        "rule-12",
        "rule-13",
        "rule-14",
        "rule-15",
        "rule-16",
        "rule-17",
        "rule-18",
        "rule-19",
        "rule-20",
        "rule-21",
        "rule-22",
        "rule-23",
        "rule-24",
        "rule-25",
        "rule-26",
        "rule-27",
        "rule-28",
        "rule-29",
        "rule-30",
        "rule-31",
        "rule-32",
        "rule-33",
        "rule-34",
        "rule-35",
        "rule-36"
    ],
    "footnote-rules": []
}