{
    "substitutions": {
        "rule-1": [
            {
                "part": null,
                "replacement-node": 0,
                "expression-node": 1,
                "template-line-number": 23,
                "node-pos": 9
            }
        ],
        "rule-2": [
            {
                "part": null,
                "replacement-node": 3,
                "template-line-number": 32,
                "node-pos": 15
            }
        ],
        "rule-3": [
            {
                "part": null,
                "replacement-node": 6,
                "template-line-number": 43,
                "node-pos": 20
            }
        ],
        "rule-4": [
            {
                "part": null,
                "replacement-node": 12,
                "template-line-number": 60,
                "node-pos": 28
            }
        ],
        "rule-5": [
            {
                "part": null,
                "replacement-node": 15,
                "expression-node": 16,
                "template-line-number": 68,
                "node-pos": 33
            }
        ],
        "rule-6": [
            {
                "part": null,
                "replacement-node": 18,
                "expression-node": 19,
                "template-line-number": 73,
                "node-pos": 37
            }
        ],
        "rule-7": [
            {
                "part": null,
                "replacement-node": 21,
                "template-line-number": 82,
                "node-pos": 42
            }
        ],
        "rule-8": [
            {
                "part": null,
                "replacement-node": 27,
                "expression-node": 28,
                "template-line-number": 98,
                "node-pos": 51
            }
        ],
        "rule-9": [
            {
                "part": null,
                "replacement-node": 30,
                "template-line-number": 107,
                "node-pos": 56
            }
        ],
        "rule-10": [
            {
                "part": null,
                "replacement-node": 33,
                "expression-node": 34,
                "template-line-number": 115,
                "node-pos": 61
            }
        ],
        "rule-11": [
            {
                "part": null,
                "replacement-node": 36,
                "template-line-number": 127,
                "node-pos": 66
            }
        ],
        "rule-12": [
            {
                "part": null,
                "replacement-node": 39,
                "expression-node": 40,
                "template-line-number": 135,
                "node-pos": 70
            }
        ],
        "rule-13": [
            {
                "part": null,
                "replacement-node": 42,
                "template-line-number": 145,
                "node-pos": 74
            }
        ],
        "rule-14": [
            {
                "part": null,
                "replacement-node": 45,
                "expression-node": 46,
                "template-line-number": 153,
                "node-pos": 78
            }
        ],
        "rule-15": [
            {
                "part": null,
                "replacement-node": 48,
                "template-line-number": 165,
                "node-pos": 83
            }
        ],
        "rule-16": [
            {
                "part": null,
                "replacement-node": 51,
                "expression-node": 52,
                "template-line-number": 173,
                "node-pos": 88
            }
        ],
        "rule-17": [
            {
                "part": null,
                "replacement-node": 54,
                "template-line-number": 185,
                "node-pos": 93
            }
        ],
        "rule-18": [
            {
                "part": null,
                "replacement-node": 57,
                "expression-node": 58,
                "template-line-number": 193,
                "node-pos": 98
            }
        ],
        "rule-19": [
            {
                "part": null,
                "replacement-node": 60,
                "template-line-number": 203,
                "node-pos": 102
            }
        ],
        "rule-20": [
            {
                "part": null,
                "replacement-node": 63,
                "template-line-number": 213,
                "node-pos": 106,
                "html": true
            }
        ],
        "rule-21": [
            {
                "part": null,
                "replacement-node": 66,
                "template-line-number": 225,
                "node-pos": 111,
                "html": true
            }
        ],
        "rule-22": [
            {
                "part": null,
                "replacement-node": 69,
                "template-line-number": 237,
                "node-pos": 116
            }
        ],
        "rule-23": [
            {
                "part": null,
                "replacement-node": 72,
                "expression-node": 73,
                "template-line-number": 245,
                "node-pos": 121
            }
        ],
        "rule-24": [
            {
                "part": null,
                "replacement-node": 75,
                "template-line-number": 257,
                "node-pos": 126
            }
        ],
        "rule-25": [
            {
                "part": null,
                "replacement-node": 78,
                "expression-node": 79,
                "template-line-number": 265,
                "node-pos": 130
            }
        ],
        "rule-26": [
            {
                "part": null,
                "replacement-node": 81,
                "template-line-number": 275,
                "node-pos": 134
            }
        ],
        "rule-27": [
            {
                "part": null,
                "replacement-node": 84,
                "expression-node": 85,
                "template-line-number": 283,
                "node-pos": 138
            }
        ],
        "rule-28": [
            {
                "part": null,
                "replacement-node": 87,
                "template-line-number": 295,
                "node-pos": 143
            }
        ],
        "rule-29": [
            {
                "part": null,
                "replacement-node": 90,
                "expression-node": 91,
                "template-line-number": 303,
                "node-pos": 148
            }
        ],
        "rule-30": [
            {
                "part": null,
                "replacement-node": 93,
                "template-line-number": 315,
                "node-pos": 153
            }
        ],
        "rule-31": [
            {
                "part": null,
                "replacement-node": 96,
                "expression-node": 97,
                "template-line-number": 323,
                "node-pos": 157
            }
        ],
        "rule-32": [
            {
                "part": null,
                "replacement-node": 99,
                "template-line-number": 332,
                "node-pos": 161
            }
        ],
        "rule-33": [
            {
                "part": null,
                "replacement-node": 102,
                "expression-node": 103,
                "template-line-number": 340,
                "node-pos": 166
            }
        ],
        "rule-34": [
            {
                "part": null,
                "replacement-node": 105,
                "template-line-number": 349,
                "node-pos": 170
            }
        ],
        "rule-35": [
            {
                "part": null,
                "replacement-node": 108,
                "expression-node": 109,
                "template-line-number": 357,
                "node-pos": 174
            }
        ],
        "rule-36": [
            {
                "part": null,
                "replacement-node": 111,
                "template-line-number": 368,
                "node-pos": 179
            }
        ],
        "rule-37": [
            {
                "part": null,
                "replacement-node": 114,
                "expression-node": 115,
                "template-line-number": 376,
                "node-pos": 183
            }
        ],
        "rule-38": [
            {
                "part": null,
                "replacement-node": 117,
                "template-line-number": 394,
                "node-pos": 192
            }
        ],
        "rule-39": [
            {
                "part": null,
                "replacement-node": 120,
                "template-line-number": 422,
                "node-pos": 204
            }
        ],
        "rule-40": [
            {
                "part": null,
                "replacement-node": 123,
                "expression-node": 124,
                "template-line-number": 430,
                "node-pos": 208
            }
        ],
        "rule-41": [
            {
                "part": null,
                "replacement-node": 126,
                "template-line-number": 440,
                "node-pos": 212
            }
        ],
        "rule-42": [
            {
                "part": null,
                "replacement-node": 129,
                "expression-node": 130,
                "template-line-number": 448,
                "node-pos": 216
            }
        ],
        "rule-43": [
            {
                "part": null,
                "replacement-node": 132,
                "template-line-number": 459,
                "node-pos": 221
            }
        ],
        "rule-44": [
            {
                "part": null,
                "replacement-node": 135,
                "expression-node": 136,
                "template-line-number": 467,
                "node-pos": 225
            }
        ],
        "rule-45": [
            {
                "part": null,
                "replacement-node": 138,
                "template-line-number": 477,
                "node-pos": 230
            }
        ],
        "rule-46": [
            {
                "part": null,
                "replacement-node": 141,
                "expression-node": 142,
                "template-line-number": 485,
                "node-pos": 234
            }
        ],
        "rule-47": [
            {
                "part": null,
                "replacement-node": 144,
                "expression-node": 145,
                "template-line-number": 510,
                "node-pos": 244
            }
        ],
        "rule-48": [
            {
                "part": null,
                "replacement-node": 147,
                "template-line-number": 515,
                "node-pos": 248
            }
        ],
        "rule-49": [
            {
                "part": null,
                "replacement-node": 150,
                "template-line-number": 524,
                "node-pos": 252
            }
        ],
        "rule-50": {
            "name": "RespondentLegalName",
            "subs": [
                {
                    "name": "RespondentLegalName",
                    "part": "1",
                    "replacement-node": 9,
                    "expression-node": 10,
                    "template-line-number": 51,
                    "node-pos": 24
                }
            ]
        },
        "rule-51": {
            "name": "PreviousName",
            "subs": [
                {
                    "name": "PreviousName",
                    "part": "1",
                    "replacement-node": 24,
                    "expression-node": 25,
                    "template-line-number": 90,
                    "node-pos": 47
                }
            ]
        }
    },
    "line-numbers": {},
    "showifs": {},
    "footnotes": {},
    "standard-rules": [
        "rule-1",
        "rule-2",
        "rule-3",
        "rule-4",
        "rule-5",
        "rule-6",
        "rule-7",
        "rule-8",
        "rule-9",
        "rule-10",
        "rule-11",
        "rule-12",
        "rule-13",
        "rule-14",
        "rule-15",
        "rule-16",
        "rule-17",
        "rule-18",
        "rule-19",
        "rule-20",
        "rule-21",
        "rule-22",
        "rule-23",
        "rule-24",
        "rule-25",
        "rule-26",
        "rule-27",
        "rule-28",
        "rule-29",
        "rule-30",
        "rule-31",
        "rule-32",
        "rule-33",
        "rule-34",
        "rule-35",
        "rule-36",
        "rule-37",
        "rule-38",
        "rule-39",
        "rule-40",
        "rule-41",
        "rule-42",
        "rule-43",
        "rule-44",
        "rule-45",
        "rule-46",
        "rule-47",
        "rule-48",
        "rule-49",
        "rule-50",
        "rule-51"
    ],
    "footnote-rules": []
}