{
    "substitutions": {
        "rule-2": [
            {
                "part": null,
                "replacement-node": 1,
                "template-line-number": 27,
                "node-pos": 10
            }
        ],
        "rule-3": [
            {
                "part": null,
                "replacement-node": 4,
                "expression-node": 5,
                "template-line-number": 31,
                "node-pos": 14
            }
        ],
        "rule-4": [
            {
                "part": null,
                "replacement-node": 7,
                "template-line-number": 37,
                "node-pos": 18
            }
        ],
        "rule-5": [
            {
                "part": null,
                "replacement-node": 10,
                "template-line-number": 43,
                "node-pos": 22,
                "html": true
            }
        ],
        "rule-6": [
            {
                "part": null,
                "replacement-node": 13,
                "template-line-number": 55,
                "node-pos": 27,
                "html": true
            }
        ],
        "rule-7": [
            {
                "part": null,
                "replacement-node": 16,
                "template-line-number": 66,
                "node-pos": 32
            }
        ],
        "rule-8": [
            {
                "part": null,
                "replacement-node": 19,
                "expression-node": 20,
                "template-line-number": 70,
                "node-pos": 36
            }
        ],
        "rule-9": [
            {
                "part": null,
                "replacement-node": 22,
                "template-line-number": 75,
                "node-pos": 40
            }
        ],
        "rule-10": [
            {
                "part": null,
                "replacement-node": 25,
                "expression-node": 26,
                "template-line-number": 79,
                "node-pos": 44
            }
        ],
        "rule-11": [
            {
                "part": null,
                "replacement-node": 28,
                "expression-node": 29,
                "template-line-number": 84,
                "node-pos": 48
            }
        ],
        "rule-12": [
            {
                "part": null,
                "replacement-node": 31,
                "template-line-number": 94,
                "node-pos": 54
            }
        ],
        "rule-13": [
            {
                "part": null,
                "replacement-node": 34,
                "template-line-number": 104,
                "node-pos": 59,
                "html": true
            }
        ],
        "rule-14": [
            {
                "part": null,
                "replacement-node": 44,
                "template-line-number": 160,
                "node-pos": 90
            }
        ],
        "rule-15": [
            {
                "part": null,
                "replacement-node": 47,
                "expression-node": 48,
                "template-line-number": 172,
                "node-pos": 95
            }
        ],
        "rule-16": [
            {
                "part": null,
                "replacement-node": 50,
                "expression-node": 51,
                "template-line-number": 181,
                "node-pos": 99
            }
        ],
        "rule-17": [
            {
                "part": null,
                "replacement-node": 53,
                "expression-node": 54,
                "template-line-number": 190,
                "node-pos": 103
            }
        ],
        "rule-18": [
            {
                "part": null,
                "replacement-node": 56,
                "expression-node": 57,
                "template-line-number": 199,
                "node-pos": 107
            }
        ],
        "rule-19": [
            {
                "part": null,
                "replacement-node": 100,
                "template-line-number": 402,
                "node-pos": 179
            }
        ],
        "rule-20": [
            {
                "part": null,
                "replacement-node": 103,
                "expression-node": 104,
                "template-line-number": 415,
                "node-pos": 184
            }
        ],
        "rule-21": [
            {
                "part": null,
                "replacement-node": 106,
                "expression-node": 107,
                "template-line-number": 424,
                "node-pos": 188
            }
        ],
        "rule-22": [
            {
                "part": null,
                "replacement-node": 109,
                "expression-node": 110,
                "template-line-number": 433,
                "node-pos": 192
            }
        ],
        "rule-23": [
            {
                "part": null,
                "replacement-node": 112,
                "expression-node": 113,
                "template-line-number": 442,
                "node-pos": 196
            }
        ],
        "rule-24": [
            {
                "part": null,
                "replacement-node": 141,
                "template-line-number": 562,
                "node-pos": 244
            }
        ],
        "rule-25": [
            {
                "part": null,
                "replacement-node": 144,
                "expression-node": 145,
                "template-line-number": 574,
                "node-pos": 249
            }
        ],
        "rule-26": [
            {
                "part": null,
                "replacement-node": 148,
                "expression-node": 149,
                "template-line-number": 584,
                "node-pos": 254
            }
        ],
        "rule-27": [
            {
                "part": null,
                "replacement-node": 152,
                "expression-node": 153,
                "template-line-number": 594,
                "node-pos": 259
            }
        ],
        "rule-28": [
            {
                "part": null,
                "replacement-node": 156,
                "expression-node": 157,
                "template-line-number": 604,
                "node-pos": 264
            }
        ],
        "rule-29": [
            {
                "part": null,
                "replacement-node": 182,
                "template-line-number": 706,
                "node-pos": 300
            }
        ],
        "rule-30": [
            {
                "part": null,
                "replacement-node": 185,
                "expression-node": 186,
                "template-line-number": 718,
                "node-pos": 305
            }
        ],
        "rule-31": [
            {
                "part": null,
                "replacement-node": 189,
                "expression-node": 190,
                "template-line-number": 728,
                "node-pos": 310
            }
        ],
        "rule-32": [
            {
                "part": null,
                "replacement-node": 193,
                "expression-node": 194,
                "template-line-number": 738,
                "node-pos": 315
            }
        ],
        "rule-33": [
            {
                "part": null,
                "replacement-node": 197,
                "expression-node": 198,
                "template-line-number": 748,
                "node-pos": 320
            }
        ],
        "rule-34": [
            {
                "part": null,
                "replacement-node": 201,
                "template-line-number": 762,
                "node-pos": 327
            }
        ],
        "rule-35": [
            {
                "part": null,
                "replacement-node": 204,
                "expression-node": 205,
                "template-line-number": 774,
                "node-pos": 332
            }
        ],
        "rule-36": [
            {
                "part": null,
                "replacement-node": 207,
                "expression-node": 208,
                "template-line-number": 783,
                "node-pos": 336
            }
        ],
        "rule-37": [
            {
                "part": null,
                "replacement-node": 210,
                "expression-node": 211,
                "template-line-number": 792,
                "node-pos": 340
            }
        ],
        "rule-38": [
            {
                "part": null,
                "replacement-node": 213,
                "expression-node": 214,
                "template-line-number": 801,
                "node-pos": 344
            }
        ],
        "rule-39": [
            {
                "part": null,
                "replacement-node": 238,
                "template-line-number": 910,
                "node-pos": 390
            }
        ],
        "rule-40": [
            {
                "part": null,
                "replacement-node": 241,
                "expression-node": 242,
                "template-line-number": 923,
                "node-pos": 395
            }
        ],
        "rule-41": [
            {
                "part": null,
                "replacement-node": 244,
                "expression-node": 245,
                "template-line-number": 932,
                "node-pos": 399
            }
        ],
        "rule-42": [
            {
                "part": null,
                "replacement-node": 247,
                "expression-node": 248,
                "template-line-number": 941,
                "node-pos": 403
            }
        ],
        "rule-43": [
            {
                "part": null,
                "replacement-node": 250,
                "expression-node": 251,
                "template-line-number": 950,
                "node-pos": 407
            }
        ],
        "rule-44": [
            {
                "part": null,
                "replacement-node": 253,
                "expression-node": 254,
                "template-line-number": 964,
                "node-pos": 413
            }
        ],
        "rule-45": [
            {
                "part": null,
                "replacement-node": 256,
                "template-line-number": 969,
                "node-pos": 417
            }
        ],
        "rule-46": [
            {
                "part": null,
                "replacement-node": 259,
                "template-line-number": 978,
                "node-pos": 421
            }
        ],
        "rule-47": {
            "name": "APLineItems2",
            "subs": [
                {
                    "name": "APLineItems2",
                    "part": "1",
                    "replacement-node": 116,
                    "template-line-number": 507,
                    "extras": {},
                    "node-pos": 209
                },
                {
                    "name": "APLineItems2",
                    "part": "2",
                    "replacement-node": 121,
                    "template-line-number": 518,
                    "extras": {},
                    "node-pos": 217
                },
                {
                    "name": "APLineItems2",
                    "part": "4",
                    "replacement-node": 125,
                    "expression-node": 126,
                    "template-line-number": 528,
                    "node-pos": 222
                },
                {
                    "name": "APLineItems2",
                    "part": "5",
                    "replacement-node": 129,
                    "expression-node": 130,
                    "template-line-number": 536,
                    "node-pos": 227
                },
                {
                    "name": "APLineItems2",
                    "part": "6",
                    "replacement-node": 119,
                    "template-line-number": 514,
                    "extras": {},
                    "node-pos": 215
                },
                {
                    "name": "APLineItems2",
                    "part": "6",
                    "replacement-node": 133,
                    "expression-node": 134,
                    "template-line-number": 544,
                    "node-pos": 232
                },
                {
                    "name": "APLineItems2",
                    "part": "7",
                    "replacement-node": 137,
                    "expression-node": 138,
                    "template-line-number": 551,
                    "node-pos": 237
                }
            ]
        },
        "rule-48": {
            "name": "SectionASequence1",
            "subs": [
                {
                    "name": "SectionASequence1",
                    "part": "2",
                    "replacement-node": 85,
                    "expression-node": 86,
                    "template-line-number": 366,
                    "node-pos": 155
                },
                {
                    "name": "SectionASequence1",
                    "part": "3",
                    "replacement-node": 88,
                    "expression-node": 89,
                    "template-line-number": 371,
                    "node-pos": 159
                },
                {
                    "name": "SectionASequence1",
                    "part": "4",
                    "replacement-node": 91,
                    "expression-node": 92,
                    "template-line-number": 376,
                    "node-pos": 163
                },
                {
                    "name": "SectionASequence1",
                    "part": "5",
                    "replacement-node": 94,
                    "expression-node": 95,
                    "template-line-number": 381,
                    "node-pos": 167
                },
                {
                    "name": "SectionASequence1",
                    "part": "6",
                    "replacement-node": 97,
                    "expression-node": 98,
                    "template-line-number": 386,
                    "node-pos": 171
                }
            ]
        },
        "rule-49": {
            "name": "APLineItems",
            "subs": [
                {
                    "name": "APLineItems",
                    "part": "1",
                    "replacement-node": 60,
                    "template-line-number": 258,
                    "extras": {},
                    "node-pos": 120
                },
                {
                    "name": "APLineItems",
                    "part": "2",
                    "replacement-node": 65,
                    "expression-node": 66,
                    "template-line-number": 269,
                    "node-pos": 128
                },
                {
                    "name": "APLineItems",
                    "part": "4",
                    "replacement-node": 70,
                    "expression-node": 71,
                    "template-line-number": 280,
                    "node-pos": 134
                },
                {
                    "name": "APLineItems",
                    "part": "5",
                    "replacement-node": 73,
                    "expression-node": 74,
                    "template-line-number": 287,
                    "node-pos": 138
                },
                {
                    "name": "APLineItems",
                    "part": "6",
                    "replacement-node": 63,
                    "template-line-number": 265,
                    "extras": {},
                    "node-pos": 126
                },
                {
                    "name": "APLineItems",
                    "part": "6",
                    "replacement-node": 76,
                    "expression-node": 77,
                    "template-line-number": 294,
                    "node-pos": 142
                },
                {
                    "name": "APLineItems",
                    "part": "7",
                    "replacement-node": 79,
                    "expression-node": 80,
                    "template-line-number": 300,
                    "node-pos": 146
                }
            ]
        },
        "rule-50": {
            "name": "APLineItems3",
            "subs": [
                {
                    "name": "APLineItems3",
                    "part": "1",
                    "replacement-node": 217,
                    "template-line-number": 861,
                    "extras": {},
                    "node-pos": 357
                },
                {
                    "name": "APLineItems3",
                    "part": "2",
                    "replacement-node": 222,
                    "template-line-number": 872,
                    "extras": {},
                    "node-pos": 365
                },
                {
                    "name": "APLineItems3",
                    "part": "4",
                    "replacement-node": 226,
                    "expression-node": 227,
                    "template-line-number": 880,
                    "node-pos": 370
                },
                {
                    "name": "APLineItems3",
                    "part": "5",
                    "replacement-node": 229,
                    "expression-node": 230,
                    "template-line-number": 885,
                    "node-pos": 374
                },
                {
                    "name": "APLineItems3",
                    "part": "6",
                    "replacement-node": 220,
                    "template-line-number": 868,
                    "extras": {},
                    "node-pos": 363
                },
                {
                    "name": "APLineItems3",
                    "part": "6",
                    "replacement-node": 232,
                    "expression-node": 233,
                    "template-line-number": 890,
                    "node-pos": 378
                },
                {
                    "name": "APLineItems3",
                    "part": "7",
                    "replacement-node": 235,
                    "expression-node": 236,
                    "template-line-number": 895,
                    "node-pos": 382
                }
            ]
        },
        "rule-51": {
            "name": "SectionASequence2",
            "subs": [
                {
                    "name": "SectionASequence2",
                    "part": "2",
                    "replacement-node": 163,
                    "expression-node": 164,
                    "template-line-number": 672,
                    "node-pos": 274
                },
                {
                    "name": "SectionASequence2",
                    "part": "3",
                    "replacement-node": 166,
                    "expression-node": 167,
                    "template-line-number": 677,
                    "node-pos": 278
                },
                {
                    "name": "SectionASequence2",
                    "part": "4",
                    "replacement-node": 170,
                    "expression-node": 171,
                    "template-line-number": 684,
                    "node-pos": 283
                },
                {
                    "name": "SectionASequence2",
                    "part": "5",
                    "replacement-node": 174,
                    "expression-node": 175,
                    "template-line-number": 689,
                    "node-pos": 288
                },
                {
                    "name": "SectionASequence2",
                    "part": "6",
                    "replacement-node": 178,
                    "expression-node": 179,
                    "template-line-number": 694,
                    "node-pos": 293
                }
            ]
        },
        "rule-52": {
            "name": "APHeadings",
            "subs": [
                {
                    "name": "APHeadings",
                    "part": "1",
                    "replacement-node": 38,
                    "template-line-number": 133,
                    "extras": {},
                    "node-pos": 73
                },
                {
                    "name": "APHeadings",
                    "part": "2",
                    "replacement-node": 41,
                    "template-line-number": 140,
                    "extras": {},
                    "node-pos": 77
                }
            ]
        }
    },
    "line-numbers": {
        "SectionASequence1": [
            {
                "line-number-node": 83,
                "start-number": 9,
                "template-line-number": 362,
                "sub-number": true
            }
        ],
        "SectionASequence2": [
            {
                "line-number-node": 161,
                "start-number": 17,
                "template-line-number": 668,
                "sub-number": true
            }
        ]
    },
    "showifs": {
        "rule-1": {
            "type": "showif",
            "template-line-number": 17
        }
    },
    "footnotes": {},
    "standard-rules": [
        "rule-2",
        "rule-3",
        "rule-4",
        "rule-5",
        "rule-6",
        "rule-7",
        "rule-8",
        "rule-9",
        "rule-10",
        "rule-11",
        "rule-12",
        "rule-13",
        "rule-14",
        "rule-15",
        "rule-16",
        "rule-17",
        "rule-18",
        "rule-19",
        "rule-20",
        "rule-21",
        "rule-22",
        "rule-23",
        "rule-24",
        "rule-25",
        "rule-26",
        "rule-27",
        "rule-28",
        "rule-29",
        "rule-30",
        "rule-31",
        "rule-32",
        "rule-33",
        "rule-34",
        "rule-35",
        "rule-36",
        "rule-37",
        "rule-38",
        "rule-39",
        "rule-40",
        "rule-41",
        "rule-42",
        "rule-43",
        "rule-44",
        "rule-45",
        "rule-46",
        "rule-47",
        "rule-48",
        "rule-49",
        "rule-50",
        "rule-51",
        "rule-52"
    ],
    "footnote-rules": []
}