{
    "substitutions": {
        "rule-2": [
            {
                "part": null,
                "replacement-node": 1,
                "template-line-number": 28,
                "node-pos": 11
            }
        ],
        "rule-3": [
            {
                "part": null,
                "replacement-node": 4,
                "expression-node": 5,
                "template-line-number": 32,
                "node-pos": 15
            }
        ],
        "rule-4": [
            {
                "part": null,
                "replacement-node": 7,
                "template-line-number": 38,
                "node-pos": 19
            }
        ],
        "rule-5": [
            {
                "part": null,
                "replacement-node": 10,
                "template-line-number": 44,
                "node-pos": 23,
                "html": true
            }
        ],
        "rule-6": [
            {
                "part": null,
                "replacement-node": 13,
                "template-line-number": 56,
                "node-pos": 28,
                "html": true
            }
        ],
        "rule-7": [
            {
                "part": null,
                "replacement-node": 16,
                "template-line-number": 67,
                "node-pos": 33
            }
        ],
        "rule-8": [
            {
                "part": null,
                "replacement-node": 19,
                "expression-node": 20,
                "template-line-number": 71,
                "node-pos": 37
            }
        ],
        "rule-9": [
            {
                "part": null,
                "replacement-node": 22,
                "template-line-number": 76,
                "node-pos": 41
            }
        ],
        "rule-10": [
            {
                "part": null,
                "replacement-node": 25,
                "expression-node": 26,
                "template-line-number": 80,
                "node-pos": 45
            }
        ],
        "rule-11": [
            {
                "part": null,
                "replacement-node": 28,
                "expression-node": 29,
                "template-line-number": 85,
                "node-pos": 49
            }
        ],
        "rule-12": [
            {
                "part": null,
                "replacement-node": 31,
                "template-line-number": 96,
                "node-pos": 55
            }
        ],
        "rule-13": [
            {
                "part": null,
                "replacement-node": 34,
                "template-line-number": 107,
                "node-pos": 60,
                "html": true
            }
        ],
        "rule-14": [
            {
                "part": null,
                "replacement-node": 46,
                "template-line-number": 179,
                "node-pos": 98
            }
        ],
        "rule-15": [
            {
                "part": null,
                "replacement-node": 82,
                "template-line-number": 358,
                "node-pos": 158
            }
        ],
        "rule-16": [
            {
                "part": null,
                "replacement-node": 85,
                "template-line-number": 375,
                "node-pos": 162
            }
        ],
        "rule-17": [
            {
                "part": null,
                "replacement-node": 88,
                "expression-node": 89,
                "template-line-number": 388,
                "node-pos": 167
            }
        ],
        "rule-18": [
            {
                "part": null,
                "replacement-node": 91,
                "expression-node": 92,
                "template-line-number": 399,
                "node-pos": 173
            }
        ],
        "rule-19": [
            {
                "part": null,
                "replacement-node": 94,
                "expression-node": 95,
                "template-line-number": 408,
                "node-pos": 177
            }
        ],
        "rule-20": [
            {
                "part": null,
                "replacement-node": 97,
                "template-line-number": 423,
                "node-pos": 186
            }
        ],
        "rule-21": [
            {
                "part": null,
                "replacement-node": 100,
                "template-line-number": 437,
                "node-pos": 190
            }
        ],
        "rule-22": [
            {
                "part": null,
                "replacement-node": 137,
                "template-line-number": 623,
                "node-pos": 251
            }
        ],
        "rule-23": [
            {
                "part": null,
                "replacement-node": 140,
                "template-line-number": 645,
                "node-pos": 255
            }
        ],
        "rule-24": [
            {
                "part": null,
                "replacement-node": 143,
                "expression-node": 144,
                "template-line-number": 658,
                "node-pos": 260
            }
        ],
        "rule-25": [
            {
                "part": null,
                "replacement-node": 146,
                "expression-node": 147,
                "template-line-number": 669,
                "node-pos": 266
            }
        ],
        "rule-26": [
            {
                "part": null,
                "replacement-node": 149,
                "expression-node": 150,
                "template-line-number": 678,
                "node-pos": 270
            }
        ],
        "rule-27": [
            {
                "part": null,
                "replacement-node": 152,
                "template-line-number": 695,
                "node-pos": 280
            }
        ],
        "rule-28": [
            {
                "part": null,
                "replacement-node": 188,
                "template-line-number": 885,
                "node-pos": 340
            }
        ],
        "rule-29": [
            {
                "part": null,
                "replacement-node": 191,
                "template-line-number": 901,
                "node-pos": 344
            }
        ],
        "rule-30": [
            {
                "part": null,
                "replacement-node": 194,
                "expression-node": 195,
                "template-line-number": 914,
                "node-pos": 349
            }
        ],
        "rule-31": [
            {
                "part": null,
                "replacement-node": 197,
                "expression-node": 198,
                "template-line-number": 925,
                "node-pos": 355
            }
        ],
        "rule-32": [
            {
                "part": null,
                "replacement-node": 200,
                "expression-node": 201,
                "template-line-number": 934,
                "node-pos": 359
            }
        ],
        "rule-33": [
            {
                "part": null,
                "replacement-node": 203,
                "expression-node": 204,
                "template-line-number": 951,
                "node-pos": 369
            }
        ],
        "rule-34": [
            {
                "part": null,
                "replacement-node": 206,
                "template-line-number": 956,
                "node-pos": 373
            }
        ],
        "rule-35": [
            {
                "part": null,
                "replacement-node": 209,
                "template-line-number": 965,
                "node-pos": 377
            }
        ],
        "rule-36": {
            "name": "PreferredStockLineItems",
            "subs": [
                {
                    "name": "PreferredStockLineItems",
                    "part": "10",
                    "replacement-node": 131,
                    "expression-node": 132,
                    "template-line-number": 607,
                    "node-pos": 242
                },
                {
                    "name": "PreferredStockLineItems",
                    "part": "11",
                    "replacement-node": 134,
                    "expression-node": 135,
                    "template-line-number": 614,
                    "node-pos": 246
                },
                {
                    "name": "PreferredStockLineItems",
                    "part": "2",
                    "replacement-node": 107,
                    "expression-node": 108,
                    "template-line-number": 551,
                    "node-pos": 210
                },
                {
                    "name": "PreferredStockLineItems",
                    "part": "3",
                    "replacement-node": 110,
                    "expression-node": 111,
                    "template-line-number": 557,
                    "node-pos": 214
                },
                {
                    "name": "PreferredStockLineItems",
                    "part": "4",
                    "replacement-node": 113,
                    "expression-node": 114,
                    "template-line-number": 565,
                    "node-pos": 218
                },
                {
                    "name": "PreferredStockLineItems",
                    "part": "5",
                    "replacement-node": 116,
                    "expression-node": 117,
                    "template-line-number": 572,
                    "node-pos": 222
                },
                {
                    "name": "PreferredStockLineItems",
                    "part": "6",
                    "replacement-node": 119,
                    "expression-node": 120,
                    "template-line-number": 579,
                    "node-pos": 226
                },
                {
                    "name": "PreferredStockLineItems",
                    "part": "7",
                    "replacement-node": 122,
                    "expression-node": 123,
                    "template-line-number": 586,
                    "node-pos": 230
                },
                {
                    "name": "PreferredStockLineItems",
                    "part": "8",
                    "replacement-node": 125,
                    "expression-node": 126,
                    "template-line-number": 593,
                    "node-pos": 234
                },
                {
                    "name": "PreferredStockLineItems",
                    "part": "9",
                    "replacement-node": 128,
                    "expression-node": 129,
                    "template-line-number": 600,
                    "node-pos": 238
                }
            ]
        },
        "rule-37": {
            "name": "CapitalStockLineItems",
            "subs": [
                {
                    "name": "CapitalStockLineItems",
                    "part": "10",
                    "replacement-node": 182,
                    "expression-node": 183,
                    "template-line-number": 867,
                    "node-pos": 331
                },
                {
                    "name": "CapitalStockLineItems",
                    "part": "11",
                    "replacement-node": 185,
                    "expression-node": 186,
                    "template-line-number": 876,
                    "node-pos": 335
                },
                {
                    "name": "CapitalStockLineItems",
                    "part": "2",
                    "replacement-node": 158,
                    "expression-node": 159,
                    "template-line-number": 796,
                    "node-pos": 299
                },
                {
                    "name": "CapitalStockLineItems",
                    "part": "3",
                    "replacement-node": 161,
                    "expression-node": 162,
                    "template-line-number": 806,
                    "node-pos": 303
                },
                {
                    "name": "CapitalStockLineItems",
                    "part": "4",
                    "replacement-node": 164,
                    "expression-node": 165,
                    "template-line-number": 813,
                    "node-pos": 307
                },
                {
                    "name": "CapitalStockLineItems",
                    "part": "5",
                    "replacement-node": 167,
                    "expression-node": 168,
                    "template-line-number": 822,
                    "node-pos": 311
                },
                {
                    "name": "CapitalStockLineItems",
                    "part": "6",
                    "replacement-node": 170,
                    "expression-node": 171,
                    "template-line-number": 831,
                    "node-pos": 315
                },
                {
                    "name": "CapitalStockLineItems",
                    "part": "7",
                    "replacement-node": 173,
                    "expression-node": 174,
                    "template-line-number": 840,
                    "node-pos": 319
                },
                {
                    "name": "CapitalStockLineItems",
                    "part": "8",
                    "replacement-node": 176,
                    "expression-node": 177,
                    "template-line-number": 849,
                    "node-pos": 323
                },
                {
                    "name": "CapitalStockLineItems",
                    "part": "9",
                    "replacement-node": 179,
                    "expression-node": 180,
                    "template-line-number": 858,
                    "node-pos": 327
                }
            ]
        },
        "rule-38": {
            "name": "CommonStockLineItems",
            "subs": [
                {
                    "name": "CommonStockLineItems",
                    "part": "10",
                    "replacement-node": 76,
                    "expression-node": 77,
                    "template-line-number": 342,
                    "node-pos": 149
                },
                {
                    "name": "CommonStockLineItems",
                    "part": "11",
                    "replacement-node": 79,
                    "expression-node": 80,
                    "template-line-number": 349,
                    "node-pos": 153
                },
                {
                    "name": "CommonStockLineItems",
                    "part": "2",
                    "replacement-node": 52,
                    "expression-node": 53,
                    "template-line-number": 284,
                    "node-pos": 117
                },
                {
                    "name": "CommonStockLineItems",
                    "part": "3",
                    "replacement-node": 55,
                    "expression-node": 56,
                    "template-line-number": 292,
                    "node-pos": 121
                },
                {
                    "name": "CommonStockLineItems",
                    "part": "4",
                    "replacement-node": 58,
                    "expression-node": 59,
                    "template-line-number": 300,
                    "node-pos": 125
                },
                {
                    "name": "CommonStockLineItems",
                    "part": "5",
                    "replacement-node": 61,
                    "expression-node": 62,
                    "template-line-number": 307,
                    "node-pos": 129
                },
                {
                    "name": "CommonStockLineItems",
                    "part": "6",
                    "replacement-node": 64,
                    "expression-node": 65,
                    "template-line-number": 314,
                    "node-pos": 133
                },
                {
                    "name": "CommonStockLineItems",
                    "part": "7",
                    "replacement-node": 67,
                    "expression-node": 68,
                    "template-line-number": 321,
                    "node-pos": 137
                },
                {
                    "name": "CommonStockLineItems",
                    "part": "8",
                    "replacement-node": 70,
                    "expression-node": 71,
                    "template-line-number": 328,
                    "node-pos": 141
                },
                {
                    "name": "CommonStockLineItems",
                    "part": "9",
                    "replacement-node": 73,
                    "expression-node": 74,
                    "template-line-number": 335,
                    "node-pos": 145
                }
            ]
        },
        "rule-39": {
            "name": "ColumnHeadings",
            "subs": [
                {
                    "name": "ColumnHeadings",
                    "part": "1",
                    "replacement-node": 40,
                    "template-line-number": 159,
                    "extras": {},
                    "node-pos": 88
                },
                {
                    "name": "ColumnHeadings",
                    "part": "2",
                    "replacement-node": 43,
                    "template-line-number": 167,
                    "extras": {},
                    "node-pos": 92
                },
                {
                    "name": "ColumnHeadings",
                    "part": "3",
                    "replacement-node": 38,
                    "template-line-number": 155,
                    "extras": {},
                    "node-pos": 86
                }
            ]
        }
    },
    "line-numbers": {
        "CommonStockLineItems": [
            {
                "line-number-node": 50,
                "start-number": 2,
                "template-line-number": 277
            }
        ],
        "PreferredStockLineItems": [
            {
                "line-number-node": 104,
                "start-rule": "rule-40",
                "template-line-number": 535
            }
        ],
        "CapitalStockLineItems": [
            {
                "line-number-node": 156,
                "start-number": 2,
                "template-line-number": 790
            }
        ]
    },
    "showifs": {
        "rule-1": {
            "type": "showif",
            "template-line-number": 18
        }
    },
    "footnotes": {},
    "standard-rules": [
        "rule-2",
        "rule-3",
        "rule-4",
        "rule-5",
        "rule-6",
        "rule-7",
        "rule-8",
        "rule-9",
        "rule-10",
        "rule-11",
        "rule-12",
        "rule-13",
        "rule-14",
        "rule-15",
        "rule-16",
        "rule-17",
        "rule-18",
        "rule-19",
        "rule-20",
        "rule-21",
        "rule-22",
        "rule-23",
        "rule-24",
        "rule-25",
        "rule-26",
        "rule-27",
        "rule-28",
        "rule-29",
        "rule-30",
        "rule-31",
        "rule-32",
        "rule-33",
        "rule-34",
        "rule-35",
        "rule-36",
        "rule-37",
        "rule-38",
        "rule-39"
    ],
    "footnote-rules": []
}