{
    "substitutions": {
        "rule-2": [
            {
                "part": null,
                "replacement-node": 1,
                "template-line-number": 28,
                "node-pos": 11
            }
        ],
        "rule-3": [
            {
                "part": null,
                "replacement-node": 4,
                "expression-node": 5,
                "template-line-number": 34,
                "node-pos": 15
            }
        ],
        "rule-4": [
            {
                "part": null,
                "replacement-node": 7,
                "template-line-number": 40,
                "node-pos": 19
            }
        ],
        "rule-5": [
            {
                "part": null,
                "replacement-node": 10,
                "template-line-number": 46,
                "node-pos": 23,
                "html": true
            }
        ],
        "rule-6": [
            {
                "part": null,
                "replacement-node": 13,
                "template-line-number": 58,
                "node-pos": 28,
                "html": true
            }
        ],
        "rule-7": [
            {
                "part": null,
                "replacement-node": 16,
                "template-line-number": 69,
                "node-pos": 33
            }
        ],
        "rule-8": [
            {
                "part": null,
                "replacement-node": 19,
                "expression-node": 20,
                "template-line-number": 74,
                "node-pos": 37
            }
        ],
        "rule-9": [
            {
                "part": null,
                "replacement-node": 22,
                "template-line-number": 79,
                "node-pos": 41
            }
        ],
        "rule-10": [
            {
                "part": null,
                "replacement-node": 25,
                "expression-node": 26,
                "template-line-number": 84,
                "node-pos": 45
            }
        ],
        "rule-11": [
            {
                "part": null,
                "replacement-node": 28,
                "expression-node": 29,
                "template-line-number": 89,
                "node-pos": 49
            }
        ],
        "rule-12": [
            {
                "part": null,
                "replacement-node": 31,
                "template-line-number": 100,
                "node-pos": 55
            }
        ],
        "rule-13": [
            {
                "part": null,
                "replacement-node": 34,
                "template-line-number": 111,
                "node-pos": 60,
                "html": true
            }
        ],
        "rule-14": [
            {
                "part": null,
                "replacement-node": 56,
                "expression-node": 57,
                "template-line-number": 222,
                "node-pos": 103
            }
        ],
        "rule-15": [
            {
                "part": null,
                "replacement-node": 59,
                "expression-node": 60,
                "template-line-number": 236,
                "node-pos": 109
            }
        ],
        "rule-16": [
            {
                "part": null,
                "replacement-node": 62,
                "template-line-number": 241,
                "node-pos": 113
            }
        ],
        "rule-17": [
            {
                "part": null,
                "replacement-node": 65,
                "template-line-number": 250,
                "node-pos": 117
            }
        ],
        "rule-18": {
            "name": "ColumnHeadings",
            "subs": [
                {
                    "name": "ColumnHeadings",
                    "part": "1",
                    "replacement-node": 38,
                    "template-line-number": 140,
                    "extras": {},
                    "node-pos": 74
                },
                {
                    "name": "ColumnHeadings",
                    "part": "2",
                    "replacement-node": 41,
                    "template-line-number": 147,
                    "extras": {},
                    "node-pos": 78
                }
            ]
        },
        "rule-19": {
            "name": "PaymentsForServicesRenderedByOtherThanEmployees",
            "subs": [
                {
                    "name": "PaymentsForServicesRenderedByOtherThanEmployees",
                    "part": "2",
                    "replacement-node": 47,
                    "expression-node": 48,
                    "template-line-number": 198,
                    "node-pos": 87
                },
                {
                    "name": "PaymentsForServicesRenderedByOtherThanEmployees",
                    "part": "3",
                    "replacement-node": 50,
                    "expression-node": 51,
                    "template-line-number": 203,
                    "node-pos": 91
                },
                {
                    "name": "PaymentsForServicesRenderedByOtherThanEmployees",
                    "part": "4",
                    "replacement-node": 53,
                    "expression-node": 54,
                    "template-line-number": 208,
                    "node-pos": 95
                }
            ]
        }
    },
    "line-numbers": {
        "PaymentsForServicesRenderedByOtherThanEmployees": [
            {
                "line-number-node": 45,
                "start-number": 1,
                "template-line-number": 195
            }
        ]
    },
    "showifs": {
        "rule-1": {
            "type": "showif",
            "template-line-number": 18
        }
    },
    "footnotes": {},
    "standard-rules": [
        "rule-2",
        "rule-3",
        "rule-4",
        "rule-5",
        "rule-6",
        "rule-7",
        "rule-8",
        "rule-9",
        "rule-10",
        "rule-11",
        "rule-12",
        "rule-13",
        "rule-14",
        "rule-15",
        "rule-16",
        "rule-17",
        "rule-18",
        "rule-19"
    ],
    "footnote-rules": []
}