{
    "substitutions": {
        "rule-2": [
            {
                "part": null,
                "replacement-node": 1,
                "template-line-number": 27,
                "node-pos": 10
            }
        ],
        "rule-3": [
            {
                "part": null,
                "replacement-node": 4,
                "expression-node": 5,
                "template-line-number": 31,
                "node-pos": 14
            }
        ],
        "rule-4": [
            {
                "part": null,
                "replacement-node": 7,
                "template-line-number": 37,
                "node-pos": 18
            }
        ],
        "rule-5": [
            {
                "part": null,
                "replacement-node": 10,
                "template-line-number": 43,
                "node-pos": 22,
                "html": true
            }
        ],
        "rule-6": [
            {
                "part": null,
                "replacement-node": 13,
                "template-line-number": 55,
                "node-pos": 27,
                "html": true
            }
        ],
        "rule-7": [
            {
                "part": null,
                "replacement-node": 16,
                "template-line-number": 66,
                "node-pos": 32
            }
        ],
        "rule-8": [
            {
                "part": null,
                "replacement-node": 19,
                "expression-node": 20,
                "template-line-number": 70,
                "node-pos": 36
            }
        ],
        "rule-9": [
            {
                "part": null,
                "replacement-node": 22,
                "template-line-number": 75,
                "node-pos": 40
            }
        ],
        "rule-10": [
            {
                "part": null,
                "replacement-node": 25,
                "expression-node": 26,
                "template-line-number": 79,
                "node-pos": 44
            }
        ],
        "rule-11": [
            {
                "part": null,
                "replacement-node": 28,
                "expression-node": 29,
                "template-line-number": 84,
                "node-pos": 48
            }
        ],
        "rule-12": [
            {
                "part": null,
                "replacement-node": 31,
                "template-line-number": 94,
                "node-pos": 54
            }
        ],
        "rule-13": [
            {
                "part": null,
                "replacement-node": 34,
                "template-line-number": 105,
                "node-pos": 59,
                "html": true
            }
        ],
        "rule-14": [
            {
                "part": null,
                "replacement-node": 44,
                "template-line-number": 154,
                "node-pos": 84
            }
        ],
        "rule-15": [
            {
                "part": null,
                "replacement-node": 81,
                "template-line-number": 332,
                "node-pos": 145
            }
        ],
        "rule-16": [
            {
                "part": null,
                "replacement-node": 84,
                "template-line-number": 348,
                "node-pos": 149
            }
        ],
        "rule-17": [
            {
                "part": null,
                "replacement-node": 87,
                "expression-node": 88,
                "template-line-number": 360,
                "node-pos": 154
            }
        ],
        "rule-18": [
            {
                "part": null,
                "replacement-node": 90,
                "expression-node": 91,
                "template-line-number": 371,
                "node-pos": 160
            }
        ],
        "rule-19": [
            {
                "part": null,
                "replacement-node": 93,
                "expression-node": 94,
                "template-line-number": 380,
                "node-pos": 164
            }
        ],
        "rule-20": [
            {
                "part": null,
                "replacement-node": 96,
                "template-line-number": 395,
                "node-pos": 173
            }
        ],
        "rule-21": [
            {
                "part": null,
                "replacement-node": 99,
                "template-line-number": 409,
                "node-pos": 177
            }
        ],
        "rule-22": [
            {
                "part": null,
                "replacement-node": 136,
                "template-line-number": 601,
                "node-pos": 238
            }
        ],
        "rule-23": [
            {
                "part": null,
                "replacement-node": 139,
                "template-line-number": 622,
                "node-pos": 242
            }
        ],
        "rule-24": [
            {
                "part": null,
                "replacement-node": 142,
                "expression-node": 143,
                "template-line-number": 635,
                "node-pos": 247
            }
        ],
        "rule-25": [
            {
                "part": null,
                "replacement-node": 145,
                "expression-node": 146,
                "template-line-number": 647,
                "node-pos": 253
            }
        ],
        "rule-26": [
            {
                "part": null,
                "replacement-node": 148,
                "expression-node": 149,
                "template-line-number": 657,
                "node-pos": 257
            }
        ],
        "rule-27": [
            {
                "part": null,
                "replacement-node": 188,
                "template-line-number": 868,
                "node-pos": 317
            }
        ],
        "rule-28": [
            {
                "part": null,
                "replacement-node": 191,
                "template-line-number": 894,
                "node-pos": 321
            }
        ],
        "rule-29": [
            {
                "part": null,
                "replacement-node": 194,
                "expression-node": 195,
                "template-line-number": 907,
                "node-pos": 326
            }
        ],
        "rule-30": [
            {
                "part": null,
                "replacement-node": 197,
                "expression-node": 198,
                "template-line-number": 919,
                "node-pos": 332
            }
        ],
        "rule-31": [
            {
                "part": null,
                "replacement-node": 200,
                "expression-node": 201,
                "template-line-number": 929,
                "node-pos": 336
            }
        ],
        "rule-32": [
            {
                "part": null,
                "replacement-node": 203,
                "expression-node": 204,
                "template-line-number": 946,
                "node-pos": 346
            }
        ],
        "rule-33": [
            {
                "part": null,
                "replacement-node": 206,
                "template-line-number": 951,
                "node-pos": 350
            }
        ],
        "rule-34": [
            {
                "part": null,
                "replacement-node": 209,
                "template-line-number": 960,
                "node-pos": 354
            }
        ],
        "rule-35": {
            "name": "PreferredStockLineItems",
            "subs": [
                {
                    "name": "PreferredStockLineItems",
                    "part": "10",
                    "replacement-node": 130,
                    "expression-node": 131,
                    "template-line-number": 583,
                    "node-pos": 229
                },
                {
                    "name": "PreferredStockLineItems",
                    "part": "11",
                    "replacement-node": 133,
                    "expression-node": 134,
                    "template-line-number": 591,
                    "node-pos": 233
                },
                {
                    "name": "PreferredStockLineItems",
                    "part": "2",
                    "replacement-node": 106,
                    "expression-node": 107,
                    "template-line-number": 519,
                    "node-pos": 197
                },
                {
                    "name": "PreferredStockLineItems",
                    "part": "3",
                    "replacement-node": 109,
                    "expression-node": 110,
                    "template-line-number": 527,
                    "node-pos": 201
                },
                {
                    "name": "PreferredStockLineItems",
                    "part": "4",
                    "replacement-node": 112,
                    "expression-node": 113,
                    "template-line-number": 535,
                    "node-pos": 205
                },
                {
                    "name": "PreferredStockLineItems",
                    "part": "5",
                    "replacement-node": 115,
                    "expression-node": 116,
                    "template-line-number": 543,
                    "node-pos": 209
                },
                {
                    "name": "PreferredStockLineItems",
                    "part": "6",
                    "replacement-node": 118,
                    "expression-node": 119,
                    "template-line-number": 551,
                    "node-pos": 213
                },
                {
                    "name": "PreferredStockLineItems",
                    "part": "7",
                    "replacement-node": 121,
                    "expression-node": 122,
                    "template-line-number": 559,
                    "node-pos": 217
                },
                {
                    "name": "PreferredStockLineItems",
                    "part": "8",
                    "replacement-node": 124,
                    "expression-node": 125,
                    "template-line-number": 567,
                    "node-pos": 221
                },
                {
                    "name": "PreferredStockLineItems",
                    "part": "9",
                    "replacement-node": 127,
                    "expression-node": 128,
                    "template-line-number": 575,
                    "node-pos": 225
                }
            ]
        },
        "rule-36": {
            "name": "ISHeadings",
            "subs": [
                {
                    "name": "ISHeadings",
                    "part": "1",
                    "replacement-node": 38,
                    "template-line-number": 135,
                    "extras": {},
                    "node-pos": 74
                },
                {
                    "name": "ISHeadings",
                    "part": "2",
                    "replacement-node": 41,
                    "template-line-number": 142,
                    "extras": {},
                    "node-pos": 78
                }
            ]
        },
        "rule-37": {
            "name": "CommonStockLineItems",
            "subs": [
                {
                    "name": "CommonStockLineItems",
                    "part": "10",
                    "replacement-node": 75,
                    "expression-node": 76,
                    "template-line-number": 314,
                    "node-pos": 136
                },
                {
                    "name": "CommonStockLineItems",
                    "part": "11",
                    "replacement-node": 78,
                    "expression-node": 79,
                    "template-line-number": 322,
                    "node-pos": 140
                },
                {
                    "name": "CommonStockLineItems",
                    "part": "2",
                    "replacement-node": 51,
                    "expression-node": 52,
                    "template-line-number": 250,
                    "node-pos": 104
                },
                {
                    "name": "CommonStockLineItems",
                    "part": "3",
                    "replacement-node": 54,
                    "expression-node": 55,
                    "template-line-number": 258,
                    "node-pos": 108
                },
                {
                    "name": "CommonStockLineItems",
                    "part": "4",
                    "replacement-node": 57,
                    "expression-node": 58,
                    "template-line-number": 266,
                    "node-pos": 112
                },
                {
                    "name": "CommonStockLineItems",
                    "part": "5",
                    "replacement-node": 60,
                    "expression-node": 61,
                    "template-line-number": 274,
                    "node-pos": 116
                },
                {
                    "name": "CommonStockLineItems",
                    "part": "6",
                    "replacement-node": 63,
                    "expression-node": 64,
                    "template-line-number": 282,
                    "node-pos": 120
                },
                {
                    "name": "CommonStockLineItems",
                    "part": "7",
                    "replacement-node": 66,
                    "expression-node": 67,
                    "template-line-number": 290,
                    "node-pos": 124
                },
                {
                    "name": "CommonStockLineItems",
                    "part": "8",
                    "replacement-node": 69,
                    "expression-node": 70,
                    "template-line-number": 298,
                    "node-pos": 128
                },
                {
                    "name": "CommonStockLineItems",
                    "part": "9",
                    "replacement-node": 72,
                    "expression-node": 73,
                    "template-line-number": 306,
                    "node-pos": 132
                }
            ]
        },
        "rule-38": {
            "name": "CapitalStockLineItems",
            "subs": [
                {
                    "name": "CapitalStockLineItems",
                    "part": "10",
                    "replacement-node": 182,
                    "expression-node": 183,
                    "template-line-number": 845,
                    "node-pos": 308
                },
                {
                    "name": "CapitalStockLineItems",
                    "part": "11",
                    "replacement-node": 185,
                    "expression-node": 186,
                    "template-line-number": 854,
                    "node-pos": 312
                },
                {
                    "name": "CapitalStockLineItems",
                    "part": "2",
                    "replacement-node": 158,
                    "template-line-number": 775,
                    "extras": {},
                    "node-pos": 276
                },
                {
                    "name": "CapitalStockLineItems",
                    "part": "3",
                    "replacement-node": 161,
                    "expression-node": 162,
                    "template-line-number": 784,
                    "node-pos": 280
                },
                {
                    "name": "CapitalStockLineItems",
                    "part": "4",
                    "replacement-node": 164,
                    "expression-node": 165,
                    "template-line-number": 791,
                    "node-pos": 284
                },
                {
                    "name": "CapitalStockLineItems",
                    "part": "5",
                    "replacement-node": 167,
                    "expression-node": 168,
                    "template-line-number": 800,
                    "node-pos": 288
                },
                {
                    "name": "CapitalStockLineItems",
                    "part": "6",
                    "replacement-node": 170,
                    "expression-node": 171,
                    "template-line-number": 809,
                    "node-pos": 292
                },
                {
                    "name": "CapitalStockLineItems",
                    "part": "7",
                    "replacement-node": 173,
                    "expression-node": 174,
                    "template-line-number": 818,
                    "node-pos": 296
                },
                {
                    "name": "CapitalStockLineItems",
                    "part": "8",
                    "replacement-node": 176,
                    "expression-node": 177,
                    "template-line-number": 827,
                    "node-pos": 300
                },
                {
                    "name": "CapitalStockLineItems",
                    "part": "9",
                    "replacement-node": 179,
                    "expression-node": 180,
                    "template-line-number": 836,
                    "node-pos": 304
                }
            ]
        },
        "rule-39": {
            "name": "CapitalStockHeader",
            "subs": [
                {
                    "name": "CapitalStockHeader",
                    "part": "1",
                    "replacement-node": 152,
                    "template-line-number": 680,
                    "extras": {},
                    "node-pos": 267
                }
            ]
        }
    },
    "line-numbers": {
        "CommonStockLineItems": [
            {
                "line-number-node": 48,
                "start-number": 2,
                "template-line-number": 244
            }
        ],
        "PreferredStockLineItems": [
            {
                "line-number-node": 103,
                "start-rule": "rule-40",
                "template-line-number": 504
            }
        ],
        "CapitalStockLineItems": [
            {
                "line-number-node": 155,
                "start-rule": "rule-41",
                "template-line-number": 754
            }
        ]
    },
    "showifs": {
        "rule-1": {
            "type": "showif",
            "template-line-number": 17
        }
    },
    "footnotes": {},
    "standard-rules": [
        "rule-2",
        "rule-3",
        "rule-4",
        "rule-5",
        "rule-6",
        "rule-7",
        "rule-8",
        "rule-9",
        "rule-10",
        "rule-11",
        "rule-12",
        "rule-13",
        "rule-14",
        "rule-15",
        "rule-16",
        "rule-17",
        "rule-18",
        "rule-19",
        "rule-20",
        "rule-21",
        "rule-22",
        "rule-23",
        "rule-24",
        "rule-25",
        "rule-26",
        "rule-27",
        "rule-28",
        "rule-29",
        "rule-30",
        "rule-31",
        "rule-32",
        "rule-33",
        "rule-34",
        "rule-35",
        "rule-36",
        "rule-37",
        "rule-38",
        "rule-39"
    ],
    "footnote-rules": []
}