{
    "substitutions": {
        "rule-2": [
            {
                "part": null,
                "replacement-node": 1,
                "template-line-number": 26,
                "node-pos": 10
            }
        ],
        "rule-3": [
            {
                "part": null,
                "replacement-node": 4,
                "expression-node": 5,
                "template-line-number": 30,
                "node-pos": 14
            }
        ],
        "rule-4": [
            {
                "part": null,
                "replacement-node": 7,
                "template-line-number": 36,
                "node-pos": 18
            }
        ],
        "rule-5": [
            {
                "part": null,
                "replacement-node": 10,
                "template-line-number": 42,
                "node-pos": 22,
                "html": true
            }
        ],
        "rule-6": [
            {
                "part": null,
                "replacement-node": 13,
                "template-line-number": 54,
                "node-pos": 27,
                "html": true
            }
        ],
        "rule-7": [
            {
                "part": null,
                "replacement-node": 16,
                "template-line-number": 65,
                "node-pos": 32
            }
        ],
        "rule-8": [
            {
                "part": null,
                "replacement-node": 19,
                "expression-node": 20,
                "template-line-number": 69,
                "node-pos": 36
            }
        ],
        "rule-9": [
            {
                "part": null,
                "replacement-node": 22,
                "template-line-number": 74,
                "node-pos": 40
            }
        ],
        "rule-10": [
            {
                "part": null,
                "replacement-node": 25,
                "expression-node": 26,
                "template-line-number": 78,
                "node-pos": 44
            }
        ],
        "rule-11": [
            {
                "part": null,
                "replacement-node": 28,
                "expression-node": 29,
                "template-line-number": 83,
                "node-pos": 48
            }
        ],
        "rule-12": [
            {
                "part": null,
                "replacement-node": 31,
                "template-line-number": 93,
                "node-pos": 54
            }
        ],
        "rule-13": [
            {
                "part": null,
                "replacement-node": 34,
                "template-line-number": 104,
                "node-pos": 59,
                "html": true
            }
        ],
        "rule-14": [
            {
                "part": null,
                "replacement-node": 37,
                "expression-node": 38,
                "template-line-number": 131,
                "node-pos": 80,
                "html": true
            }
        ],
        "rule-15": [
            {
                "part": null,
                "replacement-node": 40,
                "expression-node": 41,
                "template-line-number": 142,
                "node-pos": 85,
                "html": true
            }
        ],
        "rule-16": [
            {
                "part": null,
                "replacement-node": 43,
                "expression-node": 44,
                "template-line-number": 153,
                "node-pos": 90,
                "html": true
            }
        ],
        "rule-17": [
            {
                "part": null,
                "replacement-node": 46,
                "expression-node": 47,
                "template-line-number": 164,
                "node-pos": 95,
                "html": true
            }
        ],
        "rule-18": [
            {
                "part": null,
                "replacement-node": 49,
                "expression-node": 50,
                "template-line-number": 175,
                "node-pos": 100,
                "html": true
            }
        ],
        "rule-19": [
            {
                "part": null,
                "replacement-node": 52,
                "expression-node": 53,
                "template-line-number": 186,
                "node-pos": 105,
                "html": true
            }
        ],
        "rule-20": [
            {
                "part": null,
                "replacement-node": 55,
                "expression-node": 56,
                "template-line-number": 197,
                "node-pos": 110,
                "html": true
            }
        ],
        "rule-21": [
            {
                "part": null,
                "replacement-node": 58,
                "expression-node": 59,
                "template-line-number": 208,
                "node-pos": 115,
                "html": true
            }
        ],
        "rule-22": [
            {
                "part": null,
                "replacement-node": 61,
                "expression-node": 62,
                "template-line-number": 219,
                "node-pos": 120,
                "html": true
            }
        ],
        "rule-23": [
            {
                "part": null,
                "replacement-node": 64,
                "expression-node": 65,
                "template-line-number": 230,
                "node-pos": 125,
                "html": true
            }
        ],
        "rule-24": [
            {
                "part": null,
                "replacement-node": 67,
                "expression-node": 68,
                "template-line-number": 241,
                "node-pos": 130,
                "html": true
            }
        ],
        "rule-25": [
            {
                "part": null,
                "replacement-node": 70,
                "expression-node": 71,
                "template-line-number": 252,
                "node-pos": 135,
                "html": true
            }
        ],
        "rule-26": [
            {
                "part": null,
                "replacement-node": 73,
                "expression-node": 74,
                "template-line-number": 263,
                "node-pos": 140,
                "html": true
            }
        ],
        "rule-27": [
            {
                "part": null,
                "replacement-node": 76,
                "expression-node": 77,
                "template-line-number": 274,
                "node-pos": 145,
                "html": true
            }
        ],
        "rule-28": [
            {
                "part": null,
                "replacement-node": 79,
                "expression-node": 80,
                "template-line-number": 285,
                "node-pos": 150,
                "html": true
            }
        ],
        "rule-29": [
            {
                "part": null,
                "replacement-node": 82,
                "expression-node": 83,
                "template-line-number": 296,
                "node-pos": 155,
                "html": true
            }
        ],
        "rule-30": [
            {
                "part": null,
                "replacement-node": 85,
                "expression-node": 86,
                "template-line-number": 310,
                "node-pos": 161
            }
        ],
        "rule-31": [
            {
                "part": null,
                "replacement-node": 88,
                "template-line-number": 315,
                "node-pos": 165
            }
        ],
        "rule-32": [
            {
                "part": null,
                "replacement-node": 91,
                "template-line-number": 324,
                "node-pos": 169
            }
        ]
    },
    "line-numbers": {},
    "showifs": {
        "rule-1": {
            "type": "showif",
            "template-line-number": 16
        }
    },
    "footnotes": {},
    "standard-rules": [
        "rule-2",
        "rule-3",
        "rule-4",
        "rule-5",
        "rule-6",
        "rule-7",
        "rule-8",
        "rule-9",
        "rule-10",
        "rule-11",
        "rule-12",
        "rule-13",
        "rule-14",
        "rule-15",
        "rule-16",
        "rule-17",
        "rule-18",
        "rule-19",
        "rule-20",
        "rule-21",
        "rule-22",
        "rule-23",
        "rule-24",
        "rule-25",
        "rule-26",
        "rule-27",
        "rule-28",
        "rule-29",
        "rule-30",
        "rule-31",
        "rule-32"
    ],
    "footnote-rules": []
}