{
    "substitutions": {
        "rule-2": [
            {
                "part": null,
                "replacement-node": 1,
                "template-line-number": 27,
                "node-pos": 10
            }
        ],
        "rule-3": [
            {
                "part": null,
                "replacement-node": 4,
                "expression-node": 5,
                "template-line-number": 32,
                "node-pos": 14
            }
        ],
        "rule-4": [
            {
                "part": null,
                "replacement-node": 7,
                "template-line-number": 38,
                "node-pos": 18
            }
        ],
        "rule-5": [
            {
                "part": null,
                "replacement-node": 10,
                "template-line-number": 44,
                "node-pos": 22,
                "html": true
            }
        ],
        "rule-6": [
            {
                "part": null,
                "replacement-node": 13,
                "template-line-number": 56,
                "node-pos": 27,
                "html": true
            }
        ],
        "rule-7": [
            {
                "part": null,
                "replacement-node": 16,
                "template-line-number": 67,
                "node-pos": 32
            }
        ],
        "rule-8": [
            {
                "part": null,
                "replacement-node": 19,
                "expression-node": 20,
                "template-line-number": 72,
                "node-pos": 36
            }
        ],
        "rule-9": [
            {
                "part": null,
                "replacement-node": 22,
                "template-line-number": 77,
                "node-pos": 40
            }
        ],
        "rule-10": [
            {
                "part": null,
                "replacement-node": 25,
                "expression-node": 26,
                "template-line-number": 82,
                "node-pos": 44
            }
        ],
        "rule-11": [
            {
                "part": null,
                "replacement-node": 28,
                "expression-node": 29,
                "template-line-number": 87,
                "node-pos": 48
            }
        ],
        "rule-12": [
            {
                "part": null,
                "replacement-node": 31,
                "template-line-number": 100,
                "node-pos": 54
            }
        ],
        "rule-13": [
            {
                "part": null,
                "replacement-node": 34,
                "template-line-number": 111,
                "node-pos": 59,
                "html": true
            }
        ],
        "rule-14": [
            {
                "part": null,
                "replacement-node": 80,
                "expression-node": 81,
                "template-line-number": 413,
                "node-pos": 129
            }
        ],
        "rule-15": [
            {
                "part": null,
                "replacement-node": 83,
                "template-line-number": 418,
                "node-pos": 133
            }
        ],
        "rule-16": [
            {
                "part": null,
                "replacement-node": 86,
                "template-line-number": 427,
                "node-pos": 137
            }
        ],
        "rule-17": {
            "name": "movement_prior",
            "subs": [
                {
                    "name": "movement_prior",
                    "part": "10",
                    "replacement-node": 72,
                    "expression-node": 73,
                    "template-line-number": 387,
                    "node-pos": 117
                },
                {
                    "name": "movement_prior",
                    "part": "11",
                    "replacement-node": 76,
                    "expression-node": 77,
                    "template-line-number": 398,
                    "node-pos": 122
                },
                {
                    "name": "movement_prior",
                    "part": "2",
                    "replacement-node": 48,
                    "template-line-number": 329,
                    "extras": {},
                    "node-pos": 85
                },
                {
                    "name": "movement_prior",
                    "part": "3",
                    "replacement-node": 51,
                    "expression-node": 52,
                    "template-line-number": 336,
                    "node-pos": 89
                },
                {
                    "name": "movement_prior",
                    "part": "4",
                    "replacement-node": 54,
                    "expression-node": 55,
                    "template-line-number": 343,
                    "node-pos": 93
                },
                {
                    "name": "movement_prior",
                    "part": "5",
                    "replacement-node": 57,
                    "expression-node": 58,
                    "template-line-number": 350,
                    "node-pos": 97
                },
                {
                    "name": "movement_prior",
                    "part": "6",
                    "replacement-node": 60,
                    "expression-node": 61,
                    "template-line-number": 357,
                    "node-pos": 101
                },
                {
                    "name": "movement_prior",
                    "part": "7",
                    "replacement-node": 63,
                    "expression-node": 64,
                    "template-line-number": 364,
                    "node-pos": 105
                },
                {
                    "name": "movement_prior",
                    "part": "8",
                    "replacement-node": 66,
                    "expression-node": 67,
                    "template-line-number": 371,
                    "node-pos": 109
                },
                {
                    "name": "movement_prior",
                    "part": "9",
                    "replacement-node": 69,
                    "expression-node": 70,
                    "template-line-number": 378,
                    "node-pos": 113
                }
            ]
        },
        "rule-18": {
            "name": "AOCIHeadings",
            "subs": [
                {
                    "name": "AOCIHeadings",
                    "part": "1",
                    "replacement-node": 38,
                    "template-line-number": 138,
                    "extras": {},
                    "node-pos": 71
                },
                {
                    "name": "AOCIHeadings",
                    "part": "2",
                    "replacement-node": 41,
                    "template-line-number": 145,
                    "extras": {},
                    "node-pos": 75
                }
            ]
        }
    },
    "line-numbers": {
        "movement_prior": [
            {
                "line-number-node": 45,
                "start-number": 1,
                "template-line-number": 326
            }
        ]
    },
    "showifs": {
        "rule-1": {
            "type": "showif",
            "template-line-number": 17
        }
    },
    "footnotes": {},
    "standard-rules": [
        "rule-2",
        "rule-3",
        "rule-4",
        "rule-5",
        "rule-6",
        "rule-7",
        "rule-8",
        "rule-9",
        "rule-10",
        "rule-11",
        "rule-12",
        "rule-13",
        "rule-14",
        "rule-15",
        "rule-16",
        "rule-17",
        "rule-18"
    ],
    "footnote-rules": []
}