{
    "substitutions": {
        "rule-1": [
            {
                "part": null,
                "replacement-node": 0,
                "template-line-number": 19,
                "node-pos": 9
            }
        ],
        "rule-2": [
            {
                "part": null,
                "replacement-node": 3,
                "expression-node": 4,
                "template-line-number": 26,
                "node-pos": 13
            }
        ],
        "rule-3": [
            {
                "part": null,
                "replacement-node": 6,
                "template-line-number": 33,
                "node-pos": 17
            }
        ],
        "rule-4": [
            {
                "part": null,
                "replacement-node": 9,
                "template-line-number": 41,
                "node-pos": 21,
                "html": true
            }
        ],
        "rule-5": [
            {
                "part": null,
                "replacement-node": 12,
                "template-line-number": 58,
                "node-pos": 26,
                "html": true
            }
        ],
        "rule-6": [
            {
                "part": null,
                "replacement-node": 15,
                "template-line-number": 76,
                "node-pos": 31
            }
        ],
        "rule-7": [
            {
                "part": null,
                "replacement-node": 18,
                "expression-node": 19,
                "template-line-number": 83,
                "node-pos": 35
            }
        ],
        "rule-8": [
            {
                "part": null,
                "replacement-node": 21,
                "template-line-number": 90,
                "node-pos": 39
            }
        ],
        "rule-9": [
            {
                "part": null,
                "replacement-node": 24,
                "expression-node": 25,
                "template-line-number": 97,
                "node-pos": 43
            }
        ],
        "rule-10": [
            {
                "part": null,
                "replacement-node": 27,
                "expression-node": 28,
                "template-line-number": 103,
                "node-pos": 47
            }
        ],
        "rule-11": [
            {
                "part": null,
                "replacement-node": 30,
                "template-line-number": 115,
                "node-pos": 53
            }
        ],
        "rule-12": [
            {
                "part": null,
                "replacement-node": 33,
                "template-line-number": 126,
                "node-pos": 58,
                "html": true
            }
        ],
        "rule-13": [
            {
                "part": null,
                "replacement-node": 85,
                "template-line-number": 404,
                "node-pos": 162
            }
        ],
        "rule-14": [
            {
                "part": null,
                "replacement-node": 88,
                "expression-node": 89,
                "template-line-number": 416,
                "node-pos": 167
            }
        ],
        "rule-15": [
            {
                "part": null,
                "replacement-node": 91,
                "expression-node": 92,
                "template-line-number": 425,
                "node-pos": 171
            }
        ],
        "rule-16": [
            {
                "part": null,
                "replacement-node": 94,
                "expression-node": 95,
                "template-line-number": 434,
                "node-pos": 175
            }
        ],
        "rule-17": [
            {
                "part": null,
                "replacement-node": 97,
                "expression-node": 98,
                "template-line-number": 444,
                "node-pos": 179
            }
        ],
        "rule-18": [
            {
                "part": null,
                "replacement-node": 100,
                "expression-node": 101,
                "template-line-number": 455,
                "node-pos": 185
            }
        ],
        "rule-19": [
            {
                "part": null,
                "replacement-node": 103,
                "expression-node": 104,
                "template-line-number": 465,
                "node-pos": 189
            }
        ],
        "rule-20": [
            {
                "part": null,
                "replacement-node": 106,
                "expression-node": 107,
                "template-line-number": 476,
                "node-pos": 194
            }
        ],
        "rule-21": [
            {
                "part": null,
                "replacement-node": 109,
                "expression-node": 110,
                "template-line-number": 486,
                "node-pos": 198
            }
        ],
        "rule-22": [
            {
                "part": null,
                "replacement-node": 112,
                "expression-node": 113,
                "template-line-number": 502,
                "node-pos": 204
            }
        ],
        "rule-23": [
            {
                "part": null,
                "replacement-node": 115,
                "template-line-number": 509,
                "node-pos": 208
            }
        ],
        "rule-24": [
            {
                "part": null,
                "replacement-node": 118,
                "template-line-number": 519,
                "node-pos": 212
            }
        ],
        "rule-25": {
            "name": "RegulatoryCommissionExpenses",
            "subs": [
                {
                    "name": "RegulatoryCommissionExpenses",
                    "part": "10",
                    "replacement-node": 73,
                    "expression-node": 74,
                    "template-line-number": 366,
                    "node-pos": 144
                },
                {
                    "name": "RegulatoryCommissionExpenses",
                    "part": "11",
                    "replacement-node": 76,
                    "expression-node": 77,
                    "template-line-number": 374,
                    "node-pos": 148
                },
                {
                    "name": "RegulatoryCommissionExpenses",
                    "part": "12",
                    "replacement-node": 79,
                    "expression-node": 80,
                    "template-line-number": 383,
                    "node-pos": 152
                },
                {
                    "name": "RegulatoryCommissionExpenses",
                    "part": "13",
                    "replacement-node": 82,
                    "expression-node": 83,
                    "template-line-number": 391,
                    "node-pos": 156
                },
                {
                    "name": "RegulatoryCommissionExpenses",
                    "part": "2",
                    "replacement-node": 49,
                    "expression-node": 50,
                    "template-line-number": 299,
                    "node-pos": 112
                },
                {
                    "name": "RegulatoryCommissionExpenses",
                    "part": "3",
                    "replacement-node": 52,
                    "expression-node": 53,
                    "template-line-number": 308,
                    "node-pos": 116
                },
                {
                    "name": "RegulatoryCommissionExpenses",
                    "part": "4",
                    "replacement-node": 55,
                    "expression-node": 56,
                    "template-line-number": 316,
                    "node-pos": 120
                },
                {
                    "name": "RegulatoryCommissionExpenses",
                    "part": "5",
                    "replacement-node": 58,
                    "expression-node": 59,
                    "template-line-number": 324,
                    "node-pos": 124
                },
                {
                    "name": "RegulatoryCommissionExpenses",
                    "part": "6",
                    "replacement-node": 61,
                    "expression-node": 62,
                    "template-line-number": 332,
                    "node-pos": 128
                },
                {
                    "name": "RegulatoryCommissionExpenses",
                    "part": "7",
                    "replacement-node": 64,
                    "expression-node": 65,
                    "template-line-number": 340,
                    "node-pos": 132
                },
                {
                    "name": "RegulatoryCommissionExpenses",
                    "part": "8",
                    "replacement-node": 67,
                    "expression-node": 68,
                    "template-line-number": 349,
                    "node-pos": 136
                },
                {
                    "name": "RegulatoryCommissionExpenses",
                    "part": "9",
                    "replacement-node": 70,
                    "expression-node": 71,
                    "template-line-number": 358,
                    "node-pos": 140
                }
            ]
        },
        "rule-26": {
            "name": "ColumnHeadings",
            "subs": [
                {
                    "name": "ColumnHeadings",
                    "part": "1",
                    "replacement-node": 39,
                    "template-line-number": 197,
                    "extras": {},
                    "node-pos": 98
                },
                {
                    "name": "ColumnHeadings",
                    "part": "2",
                    "replacement-node": 42,
                    "template-line-number": 205,
                    "extras": {},
                    "node-pos": 102
                },
                {
                    "name": "ColumnHeadings",
                    "part": "3",
                    "replacement-node": 37,
                    "template-line-number": 193,
                    "extras": {},
                    "node-pos": 96
                }
            ]
        }
    },
    "line-numbers": {
        "RegulatoryCommissionExpenses": [
            {
                "line-number-node": 46,
                "start-number": 1,
                "template-line-number": 292
            }
        ]
    },
    "showifs": {},
    "footnotes": {},
    "standard-rules": [
        "rule-1",
        "rule-2",
        "rule-3",
        "rule-4",
        "rule-5",
        "rule-6",
        "rule-7",
        "rule-8",
        "rule-9",
        "rule-10",
        "rule-11",
        "rule-12",
        "rule-13",
        "rule-14",
        "rule-15",
        "rule-16",
        "rule-17",
        "rule-18",
        "rule-19",
        "rule-20",
        "rule-21",
        "rule-22",
        "rule-23",
        "rule-24",
        "rule-25",
        "rule-26"
    ],
    "footnote-rules": []
}